2278958635,   57_mimmo, 0.028684
2281281002,   domenicoformic3, 0.027481
292417838,   GASPARECARLINI, 0.027416
4405998622,   paolocaccamo68, 0.027193
82673876,   ettoremaria, 0.026600
403444000,   danielecina, 0.026321
2511415512,   antonio_ansp, 0.026169
2149778921,   It_politicaNews, 0.026077
517934877,   AurelioToro, 0.025908
1225991917,   paslifummo, 0.025827
1023906182,   gioicaro, 0.025690
422131372,   FranceCasini, 0.025547
754957121201004544,   siperilsud1, 0.025473
201412456,   Didi1648, 0.025407
939421976,   PaoloScilinguo, 0.025387
2404216681,   cronistiinmovim, 0.025315
1116674660,   AS3691, 0.025111
492325083,   AnnaAscani, 0.024864
188865441,   OliverMcPic, 0.024820
57060570,   PuglisiPD, 0.024733
154082631,   gennaromigliore, 0.024498
970440781,   LemGiuseppe, 0.024473
941567396,   AntonellaGramig, 0.024148
400755376,   Giangiagainst, 0.023784
4197625936,   giannielle1, 0.023765
811565292,   indipendentetw, 0.023668
38398195,   gicvd, 0.023599
2951613610,   CoCoCoDM66_2001, 0.023561
381369966,   SteAlbamonte, 0.023514
1954450338,   ninolofaro, 0.023303
2367178591,   luigigiordano87, 0.023283
493524331,   clapaudice, 0.023183
619856478,   NelloSesso, 0.023126
2369010655,   angelerrimo, 0.023075
915191390,   paolo_solia, 0.023040
26723126,   Fornario, 0.023021
151029385,   PietroSalvatori, 0.022691
210573372,   davidallegranti, 0.022632
749248856,   martinorosario2, 0.022626
1412500075,   soniabetz1, 0.022482
1006510022,   RobertoMinerdo, 0.022480
235323455,   fnicodemo, 0.022436
14158218,   albertourgu, 0.022419
424355891,   Fiorellissimo, 0.022417
410584380,   StefCalab, 0.022361
1318108844,   babylonboss, 0.022287
1250267900,   mazzanti_giu, 0.022212
225168723,   ricpuglisi, 0.022096
4589805027,   thecroalx, 0.022041
434839840,   lauracesaretti1, 0.022004
396218442,   lucaM1966, 0.021892
704598502,   RobertoErrebi, 0.021885
463696074,   MassoniSerafino, 0.021779
534822090,   strata_gemma, 0.021762
376302409,   marcoluci1, 0.021714
2884126876,   EFFEBUTTINA, 0.021706
134431419,   Ditrast, 0.021693
557229572,   francor71282755, 0.021665
3053010231,   e2d574ba3b9940f, 0.021661
1963072460,   labellifranco, 0.021572
301049143,   ValenCaffieri, 0.021509
402997564,   erealacci, 0.021439
2447803388,   dalbertiv, 0.021398
2447002185,   FilSava, 0.021386
4081782863,   mohicani, 0.021383
116468336,   giubberosse, 0.021370
306058431,   marioddo, 0.021360
720856202,   scaranovinc, 0.021341
22605126,   fabiofr, 0.021339
1035238824,   DavideRicci1973, 0.021271
219406236,   utique_eu, 0.021267
429312499,   AlessiaMorani, 0.021247
18616891,   LeonardDini, 0.021228
406947369,   co_crescimbeni, 0.021065
1041470562,   nonvotatexMonti, 0.020991
2394791163,   hawking1963, 0.020973
1387461,   betman, 0.020914
2197727347,   edoardopastego, 0.020874
22130220,   NicoloMardegan, 0.020836
2859316269,   31239a839db94c9, 0.020743
1077110826,   YanezTweetMan, 0.020733
104960470,   nomfup, 0.020699
31093748,   FrancoBechis, 0.020656
44487069,   chedisagio, 0.020647
152977521,   pietroforoni, 0.020605
75881487,   ericamoscatello, 0.020599
455562995,   raffaellapaita, 0.020596
4114741037,   noiperilno, 0.020587
986714714,   DossiCarla, 0.020540
313323905,   EnricoColtri1, 0.020538
426038482,   GMANDOLFO, 0.020507
453434150,   CareriPaolo, 0.020471
74707629,   RadioRadicale, 0.020467
1045369358,   davide_poletti, 0.020443
1434038420,   SerglocSergio, 0.020431
26760769,   chiara_meazza, 0.020392
359933447,   w_rizzetto, 0.020384
1020682760,   FilippoCasadei2, 0.020356
1053075751,   GAnziano, 0.020336
533176044,   fedquattrocchi, 0.020325
466920481,   GiorgiaGasbarri, 0.020275
262698479,   mtarozzi78, 0.020269
776897408143912960,   LiberiSI_Italia, 0.020256
52011737,   fserneri, 0.020241
613567387,   gattogeloso, 0.020193
616442617,   KikaKahshan, 0.020150
1314132968,   Renato47Rm, 0.020137
305648916,   GianlucaGarro, 0.020130
372344749,   andreavianel, 0.020098
438176540,   AodiFoad, 0.020067
915969295,   SensoDiNausea, 0.020064
120389213,   Gigionda, 0.020054
20432064,   ederoclite, 0.020044
506057249,   andreasindaco, 0.020034
2801845471,   giornalistiunit, 0.020002
426464556,   CarmineFotia, 0.019996
31762979,   BlitzQuotidiano, 0.019878
2481962054,   Euro_comunica, 0.019859
476933615,   gobbo973, 0.019841
365664894,   miticofabio98, 0.019810
258861907,   Ettore_Rosato, 0.019787
132525437,   Paolo_Puzzella, 0.019786
2920441331,   Ilfarnese, 0.019783
403293960,   giorgiobenvenut, 0.019741
4867831151,   Fabio10091946, 0.019734
870647947,   ANTIPOLLITICA, 0.019694
1143153842,   XerLItalia, 0.019653
1073360574,   Ambrogio2001, 0.019652
265438050,   gianfrancomanco, 0.019644
4203607113,   FioriAndreetta, 0.019639
336975968,   antoniomisiani, 0.019637
452970006,   CarloPorcaro, 0.019629
224351032,   theoretro, 0.019608
424474105,   ggiombolini, 0.019600
423831266,   clemgin, 0.019571
1134403255,   EBadella, 0.019541
718402632126197760,   leonardo1ao, 0.019533
61624078,   robertorace, 0.019526
35721171,   aldotorchiaro, 0.019498
1278879775,   buffadimitri, 0.019493
995271438,   andbera, 0.019491
3350883077,   mariamedici10, 0.019475
415618260,   peppemanzo, 0.019470
85167868,   danieleprato, 0.019470
2390747907,   CattoAngelo, 0.019456
400899688,   EnzoTiberi, 0.019451
319735845,   globalistIT, 0.019438
630961303,   UrloDellaRete, 0.019418
84862444,   SimonePiloni, 0.019407
405919398,   domenicovarano, 0.019400
2557627068,   MezzadridItalia, 0.019376
3345672868,   martamaccag2, 0.019368
342296335,   tildeblonde, 0.019358
416466936,   olivieripennesi, 0.019355
4578456569,   DaniloMariano90, 0.019348
3134015573,   Balilla17, 0.019342
752897299186155520,   Alex46928800, 0.019313
40006630,   smenichini, 0.019301
145561037,   tizianacarmela, 0.019300
473027302,   stefanoschwarz, 0.019299
1044156366,   loreruiu, 0.019290
991798530,   Raffywinx, 0.019273
605614784,   ElioLannutti, 0.019241
1051114320,   APeppinodit, 0.019239
56459334,   Silvio_Tedeschi, 0.019206
1278347502,   pepdecr, 0.019190
121163427,   Luciaritrovato, 0.019152
142807042,   ricdil1, 0.019150
105511487,   FLuccisano, 0.019142
566720919,   P_Cotroneo, 0.019124
1319275574,   siceid, 0.019121
532545883,   Tetovaccari, 0.019121
422794585,   dmjr_p, 0.019119
2344914234,   callloggero, 0.019115
71204488,   Sara0684, 0.019095
2876784275,   MaurizioNastasi, 0.019092
2493142851,   Attiacarusu, 0.019075
192886030,   TerreniBrotzu, 0.019024
409821771,   vitoballarino, 0.019019
2473375067,   prestia_fabio, 0.019018
63722830,   scaraurbino, 0.019007
807581581,   DAmboldi, 0.018987
608149538,   AgostinoTuzzoli, 0.018976
446532729,   EdoardoBuffoni, 0.018972
480645077,   valeriafedeli, 0.018964
429054107,   matteodipaolo89, 0.018959
229753610,   OsDiste, 0.018944
936441901,   Ritagliati_RCdC, 0.018940
265385204,   manilamatic, 0.018934
1063037172,   onir25, 0.018928
483143078,   pity581, 0.018920
96355894,   massimotirabass, 0.018911
1116671611,   gioatriz, 0.018899
1545110719,   dylettama, 0.018864
3242519025,   SCUOLATUTTIUNIT, 0.018863
148518511,   HTaylor84, 0.018841
953887928,   caracutaf, 0.018832
330349571,   FabrizioDelpret, 0.018808
33982163,   TommasoC, 0.018784
594423854,   ValeriaTomei75, 0.018770
4416648267,   leodelgiudice7, 0.018751
1306691233,   Renzoseccia, 0.018750
1586227562,   rugaskipper, 0.018735
481225656,   paolotjti, 0.018728
2483728100,   MAFlumero, 0.018707
1277350656,   TolomeoAntonio, 0.018673
2233502635,   ilmerdone, 0.018654
573872757,   samualebutti, 0.018643
106204756,   alfredoferrante, 0.018631
97241568,   nicoloscarano, 0.018628
442675224,   danieletonini1, 0.018602
630524940,   DedeVincenzo, 0.018598
100185915,   Radio3tweet, 0.018593
605229354,   NataleRaco, 0.018591
860015294,   AgenziaVISTA, 0.018582
62022464,   massimomarini, 0.018553
1852433868,   kostasusi, 0.018528
3926735649,   SandroPop1, 0.018517
508128810,   blasimanagement, 0.018517
13727692,   fiordisale, 0.018490
2435083828,   GiulioVerro, 0.018481
598558484,   pierluigibertol, 0.018465
426548970,   ECostagli, 0.018443
20300000,   serenabortone, 0.018439
494475884,   GotorMiguel, 0.018435
575284033,   grotondo1, 0.018425
154896410,   Gianni_Ciasullo, 0.018400
515635680,   Zooppyx, 0.018389
193810402,   TaniuzzaCalabra, 0.018364
916326246,   Albertozani4, 0.018362
1073288395,   AndreaLaudadio, 0.018359
96355801,   marcobreso, 0.018346
268992090,   DCiulli, 0.018327
386574852,   stefanodirusso1, 0.018319
900598639,   MauroMilano95, 0.018318
1699665619,   incoronatacap, 0.018315
220996437,   DorianaDori, 0.018295
355122344,   scimm77, 0.018292
524597055,   hagakure_jfp, 0.018288
1291656504,   megasabgio, 0.018286
387198659,   AdriMCMLXI, 0.018276
784398647471595520,   mariaederabosk, 0.018275
937781161,   LucaMarturano, 0.018274
142731535,   alba90yt, 0.018273
2882526197,   RadioCusano, 0.018270
454052321,   GiampaoloFagot1, 0.018266
1425113809,   ronflexPD, 0.018265
264417751,   YoutuBari, 0.018262
288204711,   paolacsc, 0.018246
469153,   webgol, 0.018213
420557096,   LaGinger, 0.018178
521182595,   AlessandroMisha, 0.018176
859927674,   mariellarosati, 0.018174
891579169,   ClarkeRuggeri, 0.018143
434279064,   ELiberati, 0.018114
38205384,   lucafalc1, 0.018113
1366710674,   mbonati63, 0.018104
522591515,   roderiu, 0.018103
4810630096,   ilcorvo20, 0.018086
413125526,   TschanzMF, 0.018076
3392159079,   fox_rino, 0.018057
495955147,   GiudiciCristina, 0.018002
299059994,   criceto50, 0.017999
334321591,   N_DeGirolamo, 0.017976
1353781825,   Fabrizio_Totaro, 0.017971
991446290,   dariodf70, 0.017955
79154476,   Giorgio_Nordo, 0.017950
3510108957,   PietroF70, 0.017950
108869321,   PatryDon, 0.017942
486617604,   GMonturano, 0.017940
855050430,   MicMuse, 0.017928
2927010322,   lippos73, 0.017908
544352838,   MarioRigoni2, 0.017895
1434986550,   RomaPulita, 0.017892
1390614042,   AaaaaUrsula, 0.017883
488772562,   ParodiAl, 0.017880
2955233225,   ALisimberti, 0.017869
472989062,   GiovanniPezzano, 0.017868
633259530,   cicalaroberto, 0.017867
717268101,   OnofrioRota, 0.017867
546791475,   OmnibusLa7, 0.017857
4578440908,   MateoHerGeo, 0.017845
831665582,   dawac72, 0.017817
2347274438,   ilRottamatore, 0.017806
865193857,   LuigiPiccarozzi, 0.017805
77889072,   ScipioMSC, 0.017797
852301178,   caragli1, 0.017796
2234448710,   Publio_Marone, 0.017789
1642789244,   CarmeloMontana2, 0.017788
458347992,   lubenasich, 0.017768
14724500,   carloalberto, 0.017766
3292905852,   delmoromassimo, 0.017763
1338703794,   SpartacusGladia, 0.017756
222460953,   angelo_menel, 0.017753
759003465808883712,   francol96305026, 0.017745
1891604736,   boccuzzibeppe, 0.017735
724723402968276992,   Co94819547Costa, 0.017728
433694235,   Lory_Bianco, 0.017724
590833841,   massimogiorgi5, 0.017721
1070732071,   camillafabbripd, 0.017718
1326429109,   RobertoCastaldi, 0.017716
873734450,   amenoklean, 0.017696
1076086058,   NomosCSP, 0.017688
3126510327,   FurioGarbagnati, 0.017683
134206590,   arcanodavvero, 0.017681
465471249,   AleMiglioz, 0.017659
83236897,   Forever_Purple, 0.017635
10438412,   gfrisoli, 0.017630
2730593590,   MarcoFer1975, 0.017628
325473654,   RaffaCo54, 0.017621
1228211810,   markor988, 0.017619
522292867,   giovann92391754, 0.017592
396141158,   riccpi, 0.017565
495419596,   GianAbbasc, 0.017555
1473979718,   DonniniMario, 0.017551
439809336,   pennepazze10, 0.017545
461962554,   watchandwrite, 0.017535
81915953,   immadibi, 0.017530
55238295,   annapaolaconcia, 0.017510
508768772,   amperinelli, 0.017506
418218972,   dsmarenostrum, 0.017503
73065144,   matteoricci, 0.017499
720632435306807296,   albertodiladyme, 0.017498
506586076,   FLEPARInail, 0.017492
400359479,   agomariagreco, 0.017491
344753854,   paolocalvano, 0.017452
469267629,   AntonellaColoru, 0.017450
434988195,   Grober_news, 0.017441
31255401,   Davide72, 0.017430
2166946698,   floriana_luchar, 0.017424
465390684,   Ariachetira, 0.017422
50338513,   iMoliere, 0.017413
1120077589,   GiampaoloGalli, 0.017396
831981618,   62rosse, 0.017389
619306530,   richidj1, 0.017364
338999228,   vale_ascione, 0.017361
1606319989,   pesposito2, 0.017346
286733758,   uncincin, 0.017336
2535866450,   Gino_Autieri, 0.017332
1536376814,   1973Gian, 0.017326
85300634,   luigissimo, 0.017315
212870758,   Sfigataavita, 0.017310
318487854,   1OneShotOneKill, 0.017305
451460002,   preppy57, 0.017293
411010417,   AGazaneo, 0.017265
50314830,   lalby, 0.017248
24026780,   Simone_1985, 0.017244
81116943,   CiroGravino, 0.017244
61187948,   fabiogermani, 0.017235
483941482,   araldogiustizia, 0.017231
65335565,   Possidonio_GG, 0.017230
602903174,   Storace, 0.017223
2290561839,   chris_locci, 0.017215
422199745,   ninocortesi, 0.017211
2263675613,   FrancescaPontan, 0.017200
83180211,   mariocavallaro, 0.017193
486988544,   ottavio05, 0.017185
288420797,   AurelioLongo, 0.017175
398291306,   albipietroboni, 0.017173
558661103,   PPolicy_News, 0.017173
67863892,   ciro_delsorbo, 0.017164
436978029,   Ioballodasola, 0.017158
612793180,   nucciogatto, 0.017157
1286052349,   Indexway_tw, 0.017157
3377577663,   RotaCostantino, 0.017142
2832335447,   dukana2, 0.017139
1618316666,   gabrielerampiun, 0.017135
351555225,   laltraguanciama, 0.017133
598455937,   Spectator17, 0.017133
797679000,   ilNonnoSimpson, 0.017123
1591737049,   AMARANTINE5, 0.017069
18484129,   galluccio, 0.017055
372273460,   myrtamerlino, 0.017047
1880399689,   Lux_Cipolletta, 0.017043
376610294,   IsabellaRauti, 0.017028
183287158,   angelinascanu, 0.017009
822160142,   Tiziana_1967, 0.017001
33212890,   ElisaDospina, 0.016976
482729413,   aorfei, 0.016958
1419854173,   FraRomanelli, 0.016958
93591010,   simonegiglioli, 0.016957
43503218,   FComellini, 0.016952
184425554,   sysmedia68, 0.016950
877434170,   lucabruno18, 0.016949
892990969,   DNAZZARENO, 0.016946
2358348371,   marini_gian, 0.016940
9476932,   InnovateEurope, 0.016938
1130709956,   asstartaglione, 0.016936
778321813,   RattiEnrico, 0.016933
2292740047,   alfio31254, 0.016925
252480412,   glmannheimer, 0.016920
100964035,   umbertoliuzzo, 0.016918
489501389,   FalcionelliFede, 0.016915
4582785148,   vona_st, 0.016908
295592416,   LilGrasso, 0.016882
86351052,   fabrycambriani, 0.016878
264117723,   Biberkopf76, 0.016877
547050389,   LusiPatrizia, 0.016873
234134162,   GiadaFazzalari, 0.016872
248176574,   askanews_ita, 0.016863
487765597,   fabribiondi, 0.016857
131946542,   omykamal, 0.016842
8873182,   byoblu, 0.016839
426755550,   enricopaoli1, 0.016834
416433824,   guidostaffieri, 0.016833
4743531021,   trxtrx1, 0.016831
1183534806,   Nath67Lic, 0.016830
2709720835,   IdoneiGdF2012, 0.016823
229804443,   pieropalmo, 0.016819
443563578,   AChiriatti, 0.016800
2872452713,   italia_riparte, 0.016798
2242408249,   CotugnoCarmine, 0.016796
229082336,   massimonigi, 0.016786
476661302,   paola_saluzzi, 0.016780
39454080,   piercamillo, 0.016778
2326306186,   a83961129, 0.016777
523200808,   AntoninoMartin1, 0.016767
2366958341,   brigantonisud, 0.016766
233963729,   iz0ewj, 0.016765
295961054,   BettaPiccolotti, 0.016754
430718992,   2ndDemocracy, 0.016735
2171028731,   mazzarellantoni, 0.016735
153531595,   lumukosta, 0.016731
16476536,   ultimenotizie, 0.016728
244654932,   gasterya, 0.016717
6667662,   FedeCantore, 0.016716
773074386,   cinzia_ficco, 0.016687
2834332673,   rogerpiton29, 0.016677
366840828,   vgaltieri, 0.016669
293504218,   robertocuillo, 0.016659
482482938,   magar0, 0.016655
399010858,   patriziaprestip, 0.016652
102672182,   robertapinotti, 0.016652
416018070,   DieWelt75, 0.016646
290585680,   pensierozoppo, 0.016643
404988328,   patriziaegle, 0.016632
379446229,   elio_benvenuti, 0.016626
126344012,   CODICIassconsum, 0.016625
451305585,   LelloForlini, 0.016594
4702133172,   EugenioCardi, 0.016579
1357198874,   giordanougl, 0.016578
402048742,   elisacalessi, 0.016574
459308081,   67Titty, 0.016542
2845737279,   baloi361, 0.016541
318553195,   rosso_di_sera, 0.016531
517517175,   loredan28293976, 0.016531
965956884,   DavideCelli1, 0.016530
38032906,   DarioBallini, 0.016525
1224996284,   Sercit1, 0.016515
97281454,   gmboccanera, 0.016506
1047886850,   nickarter56, 0.016496
48971201,   marcoregni, 0.016493
730929960773386240,   MunvicMovimento, 0.016493
29556279,   leograd, 0.016493
429847277,   lageloni, 0.016484
3239016405,   claudio301065, 0.016484
2166133390,   Rita190De, 0.016459
419339559,   radioanchio, 0.016456
384986685,   monicaguerzoni, 0.016448
42020911,   caretta_caretta, 0.016438
422480814,   LFerlaino, 0.016429
180004814,   matiaspiazza, 0.016428
108304886,   donatopiccinino, 0.016416
906331746,   ronaldinarina, 0.016410
2562814182,   franco_dimuro, 0.016392
306272532,   cristinasalmena, 0.016392
1274727440,   giovannicafori1, 0.016387
1168797480,   bertolire, 0.016370
335241668,   politicadonna, 0.016365
486764261,   pliniocaocche, 0.016342
322933929,   ellyesse, 0.016335
1016215621,   MSantoiemma, 0.016333
327471759,   FaustoDeMaria, 0.016320
39115395,   frankspicc, 0.016317
326144852,   maddai_, 0.016311
392987772,   summa57, 0.016304
2356251718,   LaraAmmendola, 0.016299
469396491,   dario_borriello, 0.016290
808738393,   elvivalerio, 0.016285
811076442,   mzatini, 0.016284
875930238,   Pfpirruccio, 0.016276
1369645070,   francescomiliy, 0.016260
418585940,   daniele_bungaro, 0.016256
440691898,   ErmannoKilgore, 0.016254
3053117626,   rossimo90, 0.016230
162103856,   Jumpingmalefrog, 0.016225
327053541,   rosscaracol, 0.016221
217815159,   AleRicci90, 0.016213
396823374,   fo1984, 0.016211
1619917472,   NicoViscomi, 0.016208
67314908,   bottiroli, 0.016206
516238138,   leliozeta, 0.016194
407000028,   angelovo1, 0.016193
4919661688,   sabrinaooooooo, 0.016192
55527972,   karda70, 0.016181
1320488653,   MedusaGrind, 0.016177
52035837,   pino_catizone, 0.016176
881565745,   primapag_tweet, 0.016174
473838944,   FIMCislStampa, 0.016171
1334227477,   francescorio91, 0.016171
3042356055,   roppo_vale, 0.016169
247726328,   yes_political, 0.016151
61081513,   alexdelprete, 0.016144
2238798353,   AlbertoGandoss1, 0.016135
612630627,   mmontagner85, 0.016126
303354087,   simopetrangeli, 0.016126
1040184410,   SteGiannini, 0.016121
519335913,   RobbieGalante, 0.016119
30656303,   fragaz, 0.016109
2951442201,   mirasolecarlo91, 0.016103
328022080,   LibertyAnna, 0.016102
169248718,   la_dante, 0.016097
14575613,   ardigiorgio, 0.016081
96319859,   correntere, 0.016065
4000962629,   SamueleDegradi, 0.016061
596634369,   RomanaLiuzzo, 0.016059
469760654,   wildmariop, 0.016053
29171103,   raimoal, 0.016051
3022681938,   stefffi5, 0.016049
125950791,   mimmo62, 0.016049
1638143131,   CorrPetrocelli, 0.016041
250588334,   NuovoMille, 0.016039
69598685,   michelemercuri, 0.016038
412566698,   Filippo_Casini, 0.016034
234062729,   CH4RLI3BR0WN, 0.016033
2929169337,   Milano_Popolare, 0.016027
975251790,   nicoterranova, 0.016027
970562868,   annaflalb, 0.016020
445660248,   spinellibarrile, 0.016018
1945087009,   Veronika_Lario, 0.016017
405685047,   PietroGLaRosa, 0.016014
123712076,   andrearossi76, 0.016014
385408308,   tfabiani2, 0.016013
221902171,   lauraboldrini, 0.016010
67006079,   1giornodapecora, 0.016004
3310852186,   fradg22, 0.015997
776304284,   RaffaelaSalmaso, 0.015996
1535003959,   liberaeforte, 0.015990
216361540,   LiaQuartapelle, 0.015987
371415996,   edosala8, 0.015972
742950892786290688,   Cuordileone55V, 0.015969
474657743,   mattpalazzi, 0.015961
267174899,   mariolavia, 0.015949
616386306,   MaxMontagnini, 0.015947
613258756,   pfp2016, 0.015938
390139303,   ArciNazionale, 0.015938
324568388,   Donatello19, 0.015929
519529163,   _MagliaNera_, 0.015922
2888908630,   unblogpolitico, 0.015920
900247297,   vrwestperrenzi, 0.015908
771613884,   lorenzodalai, 0.015905
4526622501,   sindacocaorle, 0.015904
17010300,   fedro1016, 0.015902
583980924,   francescoge07, 0.015895
768921750,   CristinaMassara, 0.015885
2194037379,   LuisaRagni, 0.015882
483057595,   WebGinMovimento, 0.015880
548616993,   Lcungi, 0.015880
2727002045,   IleniaMancin, 0.015879
451369571,   AndreaAffinito, 0.015870
415608754,   GiuliaTempesta, 0.015870
2361121173,   manuela_cirone, 0.015868
12514212,   orfini, 0.015868
939484063,   BettainChin, 0.015857
4446307913,   Annabel27034387, 0.015856
498017973,   BoreaPaolo, 0.015854
1213547995,   unsaltoevengo, 0.015853
65896059,   CBorneoSindaco, 0.015852
385512892,   enzo958, 0.015834
398989007,   IVahle, 0.015829
902588736,   FraLeoncini, 0.015814
481457729,   AntoDiMario, 0.015806
2872332023,   Libercolo, 0.015784
1227625616,   Celestigno, 0.015784
310699995,   AntoninoCast, 0.015775
466358678,   DiegoDelPro, 0.015768
468410833,   giorgiogaias92, 0.015766
445332184,   ABobbiese, 0.015751
372488770,   chiaramanna, 0.015751
863031162,   nelpaeseit, 0.015751
1410444858,   carlabruzzi1, 0.015749
535352103,   ecmosea, 0.015721
251524754,   darioruffino, 0.015720
1389629858,   EdoardoFanucci, 0.015719
1207502412,   GerardoBiancofi, 0.015718
993717145,   BraveHeart1961, 0.015691
213616021,   _kuball_, 0.015689
2410911599,   seggen56, 0.015675
447846362,   marcomiccoli1, 0.015671
482197018,   LPezone, 0.015670
713852625867960320,   ivanovillani1, 0.015670
35804051,   ernestocarbone, 0.015665
827716970,   bellomo69, 0.015651
1440784603,   DomenicoMazzil5, 0.015651
420335251,   LuisaBlive, 0.015650
471846501,   UnLuigi, 0.015635
206180236,   EdoardoMartino, 0.015632
390228893,   Carpioration, 0.015625
42662635,   LucioLuci, 0.015624
3034643483,   DettoGinoPanino, 0.015616
17648551,   commazero, 0.015612
498915523,   DKaleeva, 0.015612
156729839,   comilara, 0.015610
1028678899,   simoni_elisa, 0.015598
785397318,   ValterRimini, 0.015594
3217393599,   lorenacelano61, 0.015590
144490047,   masaless, 0.015588
1041804853,   LuciGuenz, 0.015588
324332181,   pierluigimolina, 0.015585
275225571,   Simo_Storti, 0.015583
56819005,   distefanonova, 0.015578
843380563,   jobmeteo, 0.015576
619969557,   FabioMixtodonte, 0.015568
403421880,   PierluMennonna, 0.015568
396185916,   tempivillani, 0.015567
423262171,   trevisotoday, 0.015558
514794207,   mgiuscaffagnini, 0.015553
51848164,   danielelussana, 0.015541
104239528,   MilaSpicola, 0.015540
46715834,   albertopandolfo, 0.015539
4464016355,   creutmann, 0.015537
1078134512,   agenziademanio, 0.015535
371781632,   RaffaelePizzati, 0.015526
2348837399,   sdeangelis56, 0.015521
421433392,   AveBicci, 0.015521
725664950,   LaTorreNormanna, 0.015515
999283472,   ninoaltomonte, 0.015511
2517301839,   AlessandroGasb1, 0.015505
174295922,   Rosanna_Oliva, 0.015503
236565724,   GiuliaGrilloM5S, 0.015501
151246430,   pakywood, 0.015499
1174274426,   darioesposito26, 0.015497
2436045041,   DonnDonnini, 0.015496
126049704,   nellina99, 0.015480
1063034107,   MauraNerva, 0.015469
398726169,   amendolaenzo, 0.015468
100961915,   maurovalenza, 0.015467
331005596,   robersperanza, 0.015459
129455752,   lucatocchio, 0.015451
100303468,   giorgiosantilli, 0.015449
1104348871,   Erre_Rosa, 0.015446
2893060011,   marco_boccato, 0.015435
3080186967,   MvStufamarcia, 0.015434
405443137,   alfredomartel65, 0.015429
323951434,   AndreaBoeris, 0.015428
249762131,   NinniTer, 0.015427
100878763,   sotirias, 0.015423
397199507,   movittone, 0.015422
456113087,   vinima77, 0.015420
389122971,   franzic76, 0.015416
345521560,   ValentinaVadi72, 0.015414
18721974,   dinoserpe, 0.015413
247222140,   robertomenia, 0.015409
1456631540,   PTambani, 0.015407
1037526320,   BenCharlies, 0.015406
358629847,   s_baldolini, 0.015406
1254324948,   maurypracucci, 0.015404
1606480278,   evpossibile, 0.015396
385890505,   GioGalgano, 0.015390
423631055,   Andrea_Alemanni, 0.015387
802515553,   UMarroni, 0.015370
513352329,   fabridef, 0.015366
325760306,   Cor_Core_Acceso, 0.015365
458368651,   luca_podio, 0.015354
14420623,   donatotesta, 0.015343
61141361,   EUROPAITALIA, 0.015325
1358611800,   MraCnz, 0.015324
727818198,   PaoneFlavia, 0.015318
77554140,   crialicata, 0.015312
275805969,   GvRutigliano, 0.015302
282240212,   GennaAndrea, 0.015298
332921113,   bastaCasta, 0.015298
422340734,   AnnaxNar, 0.015294
904438754,   chiocchetti_mau, 0.015291
77207264,   cristiana_viola, 0.015285
491327107,   BentivogliMarco, 0.015280
1556491195,   pa_tere, 0.015279
424997954,   MaryPetrillo1, 0.015278
444623589,   ilRoby72, 0.015276
798939482,   FaietaAngelo, 0.015265
2721276416,   lumandre1, 0.015265
760254962966364160,   tito707110651, 0.015256
770463936,   nikabruz, 0.015255
385965801,   rudyshecat, 0.015254
278743750,   Marinotoma, 0.015252
279171038,   AlSamengo, 0.015234
142034488,   PeterDelleAlpi, 0.015229
281573123,   jechil, 0.015216
749611364,   scarpaufficiale, 0.015215
413125855,   EnzoGiannico, 0.015210
3070646573,   antoniosenneca, 0.015205
435575179,   FI_BELGIO, 0.015204
2296153657,   CarloAlterego, 0.015193
474175425,   EnricoBorghi1, 0.015192
224310474,   ciafella, 0.015188
1603515306,   HermesHill, 0.015187
505705375,   e_terranova, 0.015183
633333,   Zuzzy, 0.015174
499227001,   ANDREAZANETTIN, 0.015166
4540086256,   Graziel11014735, 0.015166
107737376,   accendino1111, 0.015165
212496035,   marcello57, 0.015153
2706574363,   valhoell, 0.015145
396103010,   folucar, 0.015138
346421096,   RosaPolacco, 0.015133
272876921,   RFURESI, 0.015128
99645256,   ylatIemoR, 0.015127
2948429116,   elisabettadovi2, 0.015125
1362033247,   mar_paladino, 0.015118
1857528240,   Inmezzora_Rai3, 0.015114
1009243501,   marinabrunelli1, 0.015108
1261559155,   lucvit69, 0.015096
337171830,   AngeloTofalo, 0.015084
944659129,   leolapus, 0.015078
1408543448,   SimoneCosimi, 0.015074
182810905,   pablorojasit, 0.015070
98212000,   jimimurani, 0.015070
248633006,   AlessandroRaggi, 0.015063
401568346,   Massimogazza, 0.015060
2328471661,   weevil_forbix, 0.015057
312666968,   Jo_Fuck, 0.015055
1027581487,   MagdaCulotta, 0.015045
263630963,   marcelloscurria, 0.015041
804961884,   AdrianoSalis, 0.015040
2708071882,   s_mendolia, 0.015039
979279446,   bruttocoso, 0.015022
1250202577,   aIex_cat, 0.015020
1160212783,   Gabbianella1Blu, 0.015016
1093092662,   FraBonomo, 0.015014
33725783,   1nessuno100k, 0.015013
426702527,   castelluzzo444, 0.015013
332894847,   CarloStagnaro, 0.015013
1102070556,   asromafollower, 0.015006
440724583,   MarinaSereni, 0.015004
4133217027,   ilpellicano88, 0.014987
70388928,   claudioriccio, 0.014987
608063632,   MassimoLeaderPD, 0.014986
453044594,   Suriciotto, 0.014981
297060762,   federicig, 0.014979
270465914,   xavierjacobelli, 0.014972
1085676949,   LordCamPoT, 0.014962
483297165,   ninopirri, 0.014961
329600452,   antonio4666, 0.014958
209080471,   StePeduzzi, 0.014939
14110067,   rampi, 0.014938
409540134,   rossa008, 0.014937
39240661,   manginobrioches, 0.014936
422586035,   FranceManto64, 0.014930
22003434,   thiswas_, 0.014925
1025143716,   etventadv, 0.014922
995017814,   valentinalupia, 0.014922
479575055,   einblauer, 0.014916
138418305,   poetam78, 0.014916
2403776046,   deboramau, 0.014911
276026459,   avatar1dory, 0.014908
806305806,   EnricoAncillott, 0.014905
96666156,   millarockstar, 0.014899
95503242,   fedescutari, 0.014891
167085694,   CalogeroCastald, 0.014887
703001298,   CarmenVogani, 0.014885
68118653,   calabriaonline, 0.014870
370345381,   MarchesiMattia, 0.014869
460042639,   mvguasticchi, 0.014867
14257328,   Giuseppe_Conte, 0.014864
135461887,   mfrittella, 0.014860
1261316370,   ororo61, 0.014859
2950936654,   DrToninicesare, 0.014857
52731955,   la_pippi, 0.014853
1099421017,   mmanuela07, 0.014850
292271013,   PBonfigli, 0.014845
1901331644,   CarloMIRRI, 0.014840
12194852,   berlinialberto, 0.014835
498846820,   CarloSantaroni, 0.014833
496477841,   ostruzionista, 0.014823
2400412774,   barbaramonti5, 0.014821
141529750,   LauraCarrese, 0.014820
373287402,   DanieleKeshk, 0.014807
263046135,   marcobassini, 0.014802
403544693,   nzingaretti, 0.014802
52073784,   LizzyFlour, 0.014789
2180163853,   RedPostorino, 0.014781
1123214964,   delmastrosimone, 0.014752
1488372031,   MEF_GOV, 0.014739
2878690973,   paolocad01, 0.014733
405426716,   sarracinus, 0.014732
2230228079,   Gimcstgv, 0.014729
404892841,   PasqualeMotta1, 0.014728
36612294,   angeloargento, 0.014725
461088423,   FabriBracco64, 0.014721
518991807,   NancySquitieri, 0.014718
45400255,   vincen11, 0.014716
2366719264,   mcdellamico, 0.014714
118053242,   _sofino, 0.014710
631843453,   DeMaConnie, 0.014706
51905142,   adigiorgio, 0.014704
798660060,   ZioSandrigno, 0.014700
1062583370,   UBrignone, 0.014693
1566553698,   GianniCuperIoPD, 0.014690
96366187,   monicafrassoni, 0.014690
523682869,   moussedisalmone, 0.014686
434826176,   aneresblu, 0.014679
389456032,   frmandelli, 0.014674
585397603,   stefanoba64, 0.014673
858154196,   cinzia_renzi, 0.014673
228030987,   MeloGiunta, 0.014669
22044386,   biagiomarzo, 0.014663
165532712,   crilucchetta, 0.014642
61751856,   frenkilsolito, 0.014641
4163509408,   hot_rats92, 0.014641
494217990,   Filippeschi, 0.014638
81837035,   giopge, 0.014631
77823743,   aureliomancuso, 0.014629
1119456882,   ferdisantoro, 0.014628
58016005,   martamacbeal, 0.014616
2303218766,   SeguiBalleri, 0.014616
431089246,   santilligia, 0.014612
1012135158,   canaleluca71, 0.014611
3069527349,   Cameraspia, 0.014609
1857295158,   GattoBrina, 0.014607
3104344534,   marcotrocu, 0.014607
2764299866,   GalassiGlsmnl, 0.014606
2424988655,   FLoxLo, 0.014600
493278355,   pietromancini52, 0.014600
124273634,   Giurgitte, 0.014599
359555283,   gianpierodalia, 0.014599
209228950,   platinodoc, 0.014591
465921722,   ZanellaRina, 0.014589
17969850,   AvvMdiBari, 0.014588
593693314,   paolomassa58, 0.014587
50361109,   fforzano, 0.014585
456907209,   manuvegha, 0.014581
2716739703,   cutolotto, 0.014565
364452450,   Lorenza_Morello, 0.014558
425384503,   Bramatty, 0.014556
2295223756,   dippi014, 0.014556
1015907563,   lextumusa, 0.014554
927816210,   gabdignazi, 0.014553
540895773,   ale_moretti, 0.014549
1270735285,   morris141269, 0.014547
418531608,   EneaMelandri, 0.014546
198585878,   piratalove73, 0.014545
3610762348,   tagadala7, 0.014544
272887017,   chiaraorgantini, 0.014540
2811134706,   GiPistelli, 0.014526
1285648478,   marcobonfico, 0.014519
380852967,   martinacecchide, 0.014516
398848980,   MinnettiMassimo, 0.014507
1324250802,   LaconicaMente, 0.014506
2239285988,   ManfrediTW, 0.014506
22598131,   FabrizioFalconi, 0.014502
1353602473,   SAlbarosa, 0.014502
1625746267,   davidbusato, 0.014500
42113491,   paolo_cova, 0.014494
413010349,   vladfrulletti, 0.014485
381742265,   GiorgioVelardi, 0.014480
2945794889,   dgallo1982, 0.014476
45861942,   LucaSucci, 0.014471
1438986181,   PCovili, 0.014465
701220226,   nanaosaki_86, 0.014462
1044932990,   discordoconme, 0.014460
4355692264,   shaunabracco, 0.014460
425686235,   NFratoianni, 0.014457
409518536,   FrancescaCose, 0.014448
448088280,   MandrilloBionic, 0.014443
2350203541,   FioriMarcello, 0.014443
412168233,   boccalon1, 0.014442
2414070806,   GiuseppePalma78, 0.014437
2958779025,   danieleleone77, 0.014436
39475962,   gps72, 0.014436
1117446373,   pamela_orr, 0.014435
714382420,   CarmelaEmma, 0.014434
2224974581,   GabrieleCarrer, 0.014433
460496317,   FDePalo, 0.014431
412264581,   GiusFiorentino, 0.014428
216057569,   antoniozoppola, 0.014427
390814833,   davide_digiorgi, 0.014425
533329366,   francalanna, 0.014420
964852682,   sebastianolarus, 0.014419
128471504,   pisani41, 0.014416
45522065,   italiandream48, 0.014414
312613461,   fedeli_paolo, 0.014412
16948721,   vincenzo_brana, 0.014412
10382002,   GiadaGiorni, 0.014403
440943555,   SusannaCamusso, 0.014401
68006505,   bisquittieri, 0.014397
479810905,   PatriziaRametta, 0.014393
1037049708,   francesca_effe_, 0.014389
2207158497,   nicolalageder, 0.014385
462701585,   sydbarrett76, 0.014370
1198954656,   FraZaffarano, 0.014367
1111225376,   MariaPiaRagosa, 0.014361
3034434386,   alegoliato, 0.014358
195787575,   LAVonlus, 0.014357
19392607,   micheleemiliano, 0.014351
3246166239,   valituttanto, 0.014351
399624734,   cccricri, 0.014349
13284492,   marcoscialdone, 0.014347
339843569,   mauriziomatte, 0.014343
562334258,   BrotzuFranca, 0.014343
94594903,   malucy2, 0.014342
1264056133,   MassimoCannas1, 0.014336
95498838,   elyfav, 0.014331
112741355,   Biby_07, 0.014330
1085901524,   Solelunarosa, 0.014329
1487707045,   76Caiazza, 0.014328
812715367,   cecconeurale, 0.014324
851471263,   christi38428233, 0.014323
143536359,   m_giuffrida, 0.014320
373481031,   Gabburger, 0.014319
3880191809,   attilieni, 0.014319
139404669,   manuelaiati, 0.014316
67637870,   GiuseppePortos, 0.014313
191524366,   skillyjazz, 0.014313
600638391,   giorgio_ruffini, 0.014309
22006101,   gianlucamelillo, 0.014302
589997252,   sovvertitor, 0.014293
112485367,   RominaMura, 0.014285
522438312,   MarcoCampagna8, 0.014281
1040332778,   RosaPerrone61, 0.014281
2914562626,   freschi_paola, 0.014272
9808092,   sparkgap, 0.014264
3481946428,   zozzumm, 0.014255
17062107,   EMarchiafava, 0.014255
439245001,   streghina62, 0.014255
163969032,   morry74, 0.014255
325152794,   LAccogli, 0.014250
58891895,   freechef, 0.014245
19358428,   Fondano, 0.014243
50587165,   b_muvis, 0.014239
1038231816,   EdiGirolami, 0.014231
74056173,   PaolettaSusino, 0.014229
417904049,   VanniPetrelli, 0.014228
428931337,   fdicos10, 0.014223
414926221,   PAsproni, 0.014218
55678400,   ReferendumExit, 0.014214
252822331,   LiaCeli, 0.014213
1119223279,   CLAUDIACOLOMB12, 0.014206
178685251,   iltoscano65, 0.014206
3319178885,   antonelloscarl2, 0.014203
608125539,   ADM_assdemxmi, 0.014202
461410400,   EttoreAnselmo, 0.014190
539167684,   fabipaterniti, 0.014189
2203488436,   GAlloero, 0.014183
2776509252,   ForzaCerea, 0.014179
330342815,   erFabius, 0.014179
637015768,   simosimotw, 0.014177
586921074,   lauratrevisi, 0.014172
237332532,   c_calvano, 0.014165
4034460233,   salvolove2, 0.014165
2479381757,   suffragio1, 0.014160
401180700,   antonTrillicoso, 0.014152
921429056,   BasanisiGabri, 0.014140
14108472,   civati, 0.014139
2746079253,   fulmine2006, 0.014126
591963862,   Antoauto, 0.014125
246089683,   AmericoCarissim, 0.014121
3600966322,   pdnovoli, 0.014118
413786539,   aldocorda1, 0.014112
591663175,   leonanvehia, 0.014108
2610299144,   NetracerRob, 0.014106
228702883,   DemRif, 0.014103
504661653,   LauraPuppato, 0.014100
172170794,   HopeDieBefore, 0.014095
414373079,   paulolden1, 0.014093
4910181370,   francesca707070, 0.014089
2686892396,   paolo_maiellaro, 0.014088
481920011,   dani0470, 0.014084
247479499,   antoamadori, 0.014083
562816605,   albtali, 0.014080
389670194,   paola_lucci, 0.014065
2944294475,   MASSIMO097, 0.014061
109216039,   Eliobor, 0.014058
24956825,   giucampa, 0.014055
474023066,   nunziarusso4, 0.014037
2244460336,   amorucci2911, 0.014029
507652780,   simonefurlan1, 0.014027
706522020016746496,   GildaLemon, 0.014027
850997250,   fabriziosbardel, 0.014026
395260015,   DaliaDalu, 0.014025
597252435,   CostanzaNOCCHI, 0.014022
533959367,   bcarosini1, 0.014002
1220767266,   librella15, 0.014002
459275547,   KarenSarlo, 0.013997
105487204,   federiconegrini, 0.013989
378489654,   RobertoScolla, 0.013989
418175268,   davipaderi, 0.013988
521748405,   DavideVikingo, 0.013986
68460492,   aledardes, 0.013986
15197537,   giacomo_lagona, 0.013983
290494233,   Giovanni817, 0.013978
430622753,   ANGELACHIDDEMI, 0.013973
109659461,   StefanoCaldoro, 0.013971
611454326,   profeta1981, 0.013971
28098604,   annamasera, 0.013967
2854719148,   Grujic_Sergio, 0.013958
1043011003,   ceciliavalent12, 0.013957
3405754877,   RossMuroni, 0.013954
1166637379,   ti_rossan, 0.013954
476224626,   Gianciarla, 0.013953
84130259,   zanzy82, 0.013952
481359440,   RomanOsservator, 0.013933
2444940699,   _massimomauri, 0.013931
1288696170,   ValeriaValente_, 0.013927
4655248997,   fbianco91, 0.013927
2494181366,   Giginet8472, 0.013923
941068543,   emilioquintieri, 0.013921
430127505,   Cesare_Damiano, 0.013917
353492673,   Grosci, 0.013911
301460166,   IlconteAlex27, 0.013897
712035142508945408,   Platone9402, 0.013894
437573164,   1962Grazia, 0.013893
413916151,   GuidoCrosetto, 0.013890
162686234,   gcomin, 0.013883
710440429,   _DCarrera, 0.013878
2469186961,   Moneta_Sovrana_, 0.013873
2272916900,   delmonacofondie, 0.013873
745051820238704640,   ProfetaFassino, 0.013868
385397958,   francescodambr3, 0.013862
264674074,   78alexb, 0.013862
73447161,   Katiapamp, 0.013859
463591267,   namarte15, 0.013856
370172207,   Monia_Merli, 0.013854
752010888,   tranellio, 0.013848
336007986,   giopank, 0.013842
1331721332,   PiquboOfficial, 0.013842
370342943,   oneenrico, 0.013842
377660882,   Hellzapoppin80, 0.013835
204486379,   tonicent, 0.013833
910729081,   dimitridue, 0.013830
383739575,   FiloPucci, 0.013827
768460411628838912,   avv_moretti, 0.013824
96344993,   giovibruno, 0.013817
418185559,   AutieriFlora, 0.013815
140133595,   ckyenge, 0.013814
592489826,   katnip74, 0.013811
244203371,   gandinideb, 0.013810
86094824,   barruggi, 0.013794
427794432,   anto_caccamo, 0.013790
499813451,   GianluSaccomani, 0.013788
87159394,   maxperri71, 0.013784
454050209,   andrea_uff, 0.013784
400766387,   WSkrety, 0.013783
577023890,   BendiniBarbara, 0.013778
402135794,   JTelmont, 0.013775
394957022,   robbertoni, 0.013775
510430173,   DomenicoMoselli, 0.013770
2768667015,   PTinchi, 0.013764
432926462,   mobi44, 0.013752
564920609,   pepeprecaria, 0.013747
3348796875,   fareprogressi, 0.013742
1407748796,   necro_tweet, 0.013741
281358271,   sirmalo, 0.013738
237455060,   luigicaputo71, 0.013731
167410534,   TommasoSavina, 0.013728
1672302936,   antoninobill, 0.013728
1147448544,   paomio17, 0.013727
434736878,   RobertoDiRenzo1, 0.013725
104485125,   mara_carfagna, 0.013725
4818092890,   noisiamoilpd, 0.013721
424556261,   BartolomeoPepe, 0.013718
27326931,   PaoloRovis, 0.013712
903701676,   scelta_civica, 0.013707
477548046,   rosabevilacqua1, 0.013692
33856651,   magabulli, 0.013691
91559209,   camilla_staff, 0.013690
575708094,   microfritz, 0.013687
469408654,   ValentinaGrippo, 0.013684
268899621,   trattovideo, 0.013682
16770004,   guido1946, 0.013680
1510136666,   LorenziTania, 0.013675
2837947463,   DettoBen, 0.013673
475956693,   mvpress, 0.013671
2595985139,   antoniocacciol2, 0.013670
2651374166,   ScifoGiuseppe, 0.013664
398959536,   giuseppemolino2, 0.013662
28433379,   Il_Vitruviano, 0.013658
40436213,   malabruzzi, 0.013654
2174535898,   nerodiseppia56, 0.013653
1080795937,   stefaniapezzopa, 0.013651
379726678,   MarioMeliado, 0.013650
484515352,   elena_gentile, 0.013647
131486385,   pinocomparato, 0.013643
153034254,   lucaspagni, 0.013638
345013921,   giovbarbera, 0.013636
51752772,   stefanocatone, 0.013635
272402900,   ItSinistra, 0.013634
6827962,   antoniopalmieri, 0.013634
829417766,   ziobucl, 0.013633
864323299,   SefanoMalaguti, 0.013630
1249912915,   pimonte5stelle, 0.013630
540078984,   rominarossi14, 0.013628
1228034526,   PaoloPerugia1, 0.013627
496842486,   glaguar, 0.013621
561204740,   AntonioMattiol1, 0.013619
1411322347,   Barone5S, 0.013618
467198533,   SalvaBorrelli, 0.013617
2313205890,   AngoriMassi, 0.013616
3082674579,   mattesini_david, 0.013615
394598844,   GennaStefano, 0.013615
337054637,   PedemonteMikela, 0.013614
588587293,   VincinoWeb, 0.013610
390835478,   rebeccamanzoni1, 0.013605
1657179714,   AngeloInfoposta, 0.013603
249724130,   BrunellaBB, 0.013603
421715120,   brunosalustri1, 0.013594
1024365672,   GiovanniPigio, 0.013594
500963329,   annalisaveneto, 0.013593
316730579,   twi_sabino, 0.013592
595267886,   AnpiBrescia, 0.013591
320246595,   JohnHorsemoon, 0.013591
296244924,   Massifrasca, 0.013590
620351637,   marcimarti17, 0.013590
239996328,   agoingenito, 0.013588
582909177,   PCirinoPomicino, 0.013585
2227272272,   Malasanita_, 0.013585
3225190005,   EEnricoielasi, 0.013582
498125833,   sergiosulmi, 0.013581
1324221282,   alessandrogessa, 0.013581
593533490,   ginkoramingo, 0.013576
1926324451,   Pholey_vn, 0.013574
185821754,   danicannizzaro, 0.013574
2894775544,   picardi65, 0.013572
222375064,   ilcorriereblog, 0.013570
1387027693,   MircoAvanzo, 0.013566
331769401,   luciano_manna, 0.013562
4726174575,   forzafedele, 0.013561
249751492,   giuseppedgr, 0.013561
2211479198,   elvcastellaneta, 0.013560
90845433,   barbaracarfagna, 0.013560
14073125,   Robbetta, 0.013560
2305043174,   fedelebianconer, 0.013553
3165917453,   TempiReali, 0.013549
1281410628,   PaolaVitaletti, 0.013542
1017057949,   Giuseppesnow, 0.013539
24150879,   SimoneAlliva, 0.013537
2926782875,   Mustapha1508, 0.013536
288818648,   andreatognotti, 0.013534
864984350,   guarducciale, 0.013529
2949178589,   MischiFrancesca, 0.013527
869332554,   ppesale, 0.013524
146215790,   giovannix78, 0.013523
2876741794,   LucaMurrone, 0.013522
1224121074,   Lucyo__R, 0.013520
1851912031,   marinagola, 0.013518
1001753942,   aledipie, 0.013517
397931865,   enrico_pagano, 0.013517
728804562,   elisabettamass3, 0.013515
255220545,   atecheseilunica, 0.013512
2625302733,   barbaralai84, 0.013510
518549338,   olindodenapoli, 0.013509
1898384390,   antonypett, 0.013508
55246808,   asagge, 0.013505
2720826652,   CanevazziCarlo, 0.013505
455266102,   artiolim, 0.013504
451003130,   mgmariella, 0.013502
870599125,   paologico, 0.013502
2976694415,   antoninorusso64, 0.013502
743821644150476800,   paparosso60gma1, 0.013496
321264725,   It_Pol, 0.013495
794351930,   villani_andrea, 0.013493
246522096,   ValeCalicchio, 0.013487
724477963,   SiamolaGente, 0.013487
192118395,   baldix2, 0.013480
216308253,   giovannitoma, 0.013477
434752212,   Vandauga, 0.013472
29226134,   martaserafini, 0.013468
325127006,   marilamb2011, 0.013458
88019719,   Adriano_Sora, 0.013457
1192866157,   fgiro3, 0.013453
29428344,   marodri, 0.013452
1156714753,   annacla14, 0.013447
1697331835,   salvo092z105, 0.013446
283416650,   barbarab1974, 0.013444
2398143679,   StefanoDeloren1, 0.013434
326152237,   mebufalino, 0.013431
177087045,   sebarizzardi, 0.013427
1140264841,   LabParlamento, 0.013427
2396075075,   IenziIenzi, 0.013426
1384264394,   FabriBert, 0.013424
4794361,   robertobasso, 0.013422
375088326,   sara_iafelice, 0.013416
120734182,   turbocagio, 0.013414
1416161276,   cristiandonatel, 0.013413
432639718,   stefanorossi29, 0.013406
28528873,   sinistraelib, 0.013404
137954777,   markchierici, 0.013403
542818828,   Sussa89, 0.013402
246840871,   bobpelu, 0.013400
535318339,   EnrichettaNegri, 0.013397
1367363988,   SardellaBarbara, 0.013392
58453980,   PiazzapulitaLA7, 0.013388
94402971,   ivanve1, 0.013388
752810412349988864,   DestraMia, 0.013385
1359735968,   zanzotteramauro, 0.013378
910465218,   AntonucciAldo, 0.013374
4184406562,   CikAtell, 0.013374
252755806,   MarTeMasciocchi, 0.013373
101573147,   giamma71, 0.013370
1015440260,   carutig, 0.013368
562063761,   islamlie2, 0.013366
557018960,   MargheBordino, 0.013361
131494824,   patrikkka, 0.013357
3900766708,   cristinamontag, 0.013356
950642215,   DrUmbertoVitali, 0.013353
1046140855,   Andrea_Done, 0.013349
2906554709,   margherita951, 0.013349
215087363,   evagiovannini, 0.013346
270844902,   roberto_lamela, 0.013344
2560295545,   IRIC10, 0.013344
3029167981,   giovannilorell1, 0.013343
426774983,   corradomontaggi, 0.013341
856535857,   patlidonni, 0.013341
400919857,   LaCorteSerafino, 0.013340
2353797636,   risoinbianco, 0.013337
507792558,   natasu5stelle, 0.013334
858180829,   SantaPazienzaTW, 0.013331
486583213,   LeftAvvenimenti, 0.013327
96333128,   albertozen, 0.013326
245437223,   scuoco, 0.013325
2337512081,   _smicera, 0.013324
909935803,   robertobarale63, 0.013324
481227308,   francescatraldi, 0.013323
429928689,   ErasmoDAngelis, 0.013323
3039360208,   4d06088983a44c8, 0.013319
201249888,   mindennit, 0.013317
270877772,   DavideDiNoi, 0.013313
96337794,   MarinoBruschini, 0.013313
1160257783,   Derrik_l, 0.013312
1034988296,   Berengario85, 0.013312
392733410,   AgiproNews, 0.013310
558591392,   QuagliarielloG, 0.013309
113750550,   lluca32, 0.013307
1701836234,   cotrozzi_lisa, 0.013307
3380332570,   FelixPistor, 0.013302
122014351,   Tommasolabate, 0.013301
3015774443,   nove_silvia, 0.013301
225764028,   giannilabbate, 0.013300
559265836,   EnzoSulWeb, 0.013298
184436023,   lamarty_twi, 0.013294
483258299,   TommasoMiele, 0.013293
2301111365,   massiciccio, 0.013287
49752594,   badabi, 0.013277
1583259805,   maccarimiranda, 0.013276
96143583,   espomas, 0.013274
1070320147,   jobbe50, 0.013263
134724104,   vic_purtusiello, 0.013255
247369956,   FiduciaInRenzi, 0.013252
3205788934,   pdpolitica, 0.013249
1389988651,   Gastone_derolla, 0.013247
472966889,   ilmanifesto, 0.013241
1344040164,   ClaudioTocco87, 0.013240
405631474,   PinoSancris, 0.013234
965060024,   16sett59, 0.013233
391379955,   scingolo, 0.013223
2973508025,   fernandella25, 0.013222
22038676,   mariannaaprile, 0.013222
3155682418,   ChiodiDonatella, 0.013219
76769340,   sandrogozi, 0.013214
304467533,   24Mattino, 0.013211
317305371,   katenever, 0.013210
428521248,   megmalp, 0.013208
1071185384,   MarieleFloris, 0.013205
842378066,   bodyzen52, 0.013199
371310263,   FabioFabio83, 0.013198
377272505,   CarlaTrudu, 0.013192
526552069,   gioritucci, 0.013191
218923278,   giancarloamodio, 0.013190
351651824,   candidorai, 0.013187
233574116,   rosybattaglia, 0.013186
1735792825,   PaganoAlexander, 0.013184
2260660337,   ciclista1231, 0.013179
15191260,   lorenzabo, 0.013178
14828588,   mmachiavelli, 0.013178
342008649,   Marco_Furina, 0.013178
272940016,   D_Etrusca, 0.013172
1263019249,   MarcoPalumbo66, 0.013172
2813387405,   MartaSic_u92, 0.013169
87950192,   _Barfolomew_, 0.013167
32367243,   RudyBecciolini, 0.013164
469249349,   NicolaAri, 0.013162
440756482,   SignorAldo, 0.013160
27636956,   aldorosati, 0.013152
418664428,   PatriziaDeRub, 0.013149
2356846439,   atlantide_Chris, 0.013147
812774677,   Gildvanz, 0.013138
2813529980,   Frank201410, 0.013138
421986520,   DavAstolfiGreen, 0.013132
875324551,   marco63307847, 0.013125
1264018218,   francescomila18, 0.013117
50591969,   lguglielmelli, 0.013108
1054906759,   santangeloitalo, 0.013107
516432515,   marcogaius, 0.013105
536600780,   GianlucaBardell, 0.013099
498964636,   AlessiaFragassi, 0.013094
427804855,   Giuseppe4g1, 0.013092
360830746,   Luisella49, 0.013084
222118492,   diaugustopa, 0.013075
54964317,   catetom, 0.013073
2216179636,   _marlene1265, 0.013066
2219790670,   SveviMarco, 0.013064
943603681,   p_possamai, 0.013062
1101963793,   uolller, 0.013060
395849453,   IcoFrancavilla, 0.013057
316511531,   AlessioMercanti, 0.013052
376145130,   assessore74, 0.013051
1475936965,   Alibaba656, 0.013051
3413873009,   querelami, 0.013050
2483784853,   AzzurraLib, 0.013048
33994488,   ItalianPolitics, 0.013048
1261644342,   antdel48, 0.013045
107193314,   Lui_Cella, 0.013044
2975094340,   ADTacitus, 0.013039
2863489435,   verafamiglia, 0.013038
1112850756,   puponeA, 0.013038
113075421,   renatapolverini, 0.013035
501874833,   s_margiotta, 0.013034
2326573022,   ranocchia3, 0.013031
2336360382,   CaterinaLiotti, 0.013031
1657542980,   GiosuRosa, 0.013030
14210150,   saponaro, 0.013025
47335824,   Ddcnews, 0.013022
1017667801,   DorellaCianci, 0.013012
767596251311407104,   gemmaandrea3, 0.013012
522457817,   valentinocossu, 0.013004
2164698989,   ultrablackwhite, 0.013003
869514487,   Popagni, 0.012998
1057565262,   liberalepenso, 0.012997
393342562,   KousNet, 0.012996
1063348129,   Luixfor, 0.012996
2273700867,   marcigiannetti, 0.012996
434394574,   pinobici, 0.012995
389131517,   Kuzzo74, 0.012992
1384265604,   ventodilibertaa, 0.012990
370639956,   PillaPaladini, 0.012982
409474239,   ItaliaMillennio, 0.012976
148481393,   marcolaudonio, 0.012972
46928097,   marcofurfaro, 0.012969
1556735083,   ViVal111, 0.012968
191364077,   Fanti1959, 0.012967
455042529,   Assuntina54, 0.012964
182411035,   irenben1, 0.012964
16120863,   sinigagl, 0.012959
777697622,   marcofoti3, 0.012955
351865559,   tizianobarone, 0.012953
332885533,   Virus1979C, 0.012951
349818189,   avvtoto13, 0.012950
485031544,   SileoLucia, 0.012949
529355511,   AnthonyAiello2, 0.012947
441556239,   konomoronao, 0.012945
416758608,   kilojhi, 0.012942
409252331,   SereMasetto, 0.012939
1005966932,   delpretedavid, 0.012935
475234937,   valy_s, 0.012931
943625054,   77Freddo, 0.012919
64522965,   SaffronHorizon, 0.012915
371820912,   ClaudioVetica, 0.012915
1254291416,   catzeri3235, 0.012915
2871347159,   laurenzi_luca, 0.012907
21228323,   maurett, 0.012906
1205594306,   MadagioPepe, 0.012906
419181815,   enzocarnazza, 0.012904
115955798,   foxyvol, 0.012897
42478291,   luifam, 0.012896
836504312,   Inverno_72, 0.012895
439885110,   DomenicoLiotto, 0.012894
93029564,   Gigggio87, 0.012890
385923471,   bragachiara, 0.012882
1017045240,   Ferrarizer, 0.012879
1513014650,   fpugliese_conad, 0.012878
634575700,   claudiamedd, 0.012872
488423574,   NSigaro, 0.012870
424915583,   fpalermomm, 0.012870
542691406,   sarabiagiotti, 0.012869
444028791,   valencapuano, 0.012864
483304367,   donnadimezzo, 0.012862
415088731,   nicolasslazio, 0.012862
993579870,   Daniscandella, 0.012856
767377143848439808,   _Ballea5stelle, 0.012856
2812961,   gloquenzi, 0.012854
3398885945,   FroioPietro, 0.012853
1074413634,   TuminoMaurizio, 0.012853
1586042605,   DanielaDaffin, 0.012853
44882270,   lindapieragnoli, 0.012852
441643347,   antoniobucellar, 0.012847
731813529670410240,   RI_Novara, 0.012846
2396252383,   lightmoon972, 0.012841
255674310,   alisabn, 0.012840
1222000628,   stemar9288, 0.012838
546956225,   EsterPerifano, 0.012835
2243105962,   BPtobia, 0.012833
797833478,   bozzanca, 0.012832
1484550222,   MagdaZanonii, 0.012829
30732023,   eretico80, 0.012824
3296210343,   PasqualePrisco5, 0.012823
704584631631409152,   Claudio24041974, 0.012822
348493456,   JLTouadi, 0.012819
2380592546,   silmauve775, 0.012818
59746019,   ivomez, 0.012817
906858110,   chiseloricorda3, 0.012815
1076835426,   sabrinaganzenua, 0.012806
608359188,   FPanecaldo, 0.012805
411657903,   ronconimaurizi, 0.012805
1246808533,   FaenzaperRenzi, 0.012800
847114458,   intelligonews, 0.012800
587805027,   lauraravetto, 0.012799
414050719,   DiegoDeCicc0, 0.012795
580053031,   marcomele12, 0.012795
1074200670,   flower___, 0.012794
1462583917,   giannisanna65, 0.012792
74759588,   RCapaccioli, 0.012788
51274770,   vascopirri, 0.012785
435064725,   alvaromoretti, 0.012776
453507812,   Tagliobasso, 0.012775
471369382,   coscenzioso6, 0.012772
1443633074,   raffaele_58, 0.012771
604477428,   BrancaFrancesc1, 0.012771
303729690,   SalvoGambuzza, 0.012770
367195342,   brasil_65, 0.012766
3224046916,   valdom70, 0.012758
1430162268,   sferriam, 0.012758
486015426,   luisagabbi, 0.012751
1307016348,   poke_dem, 0.012750
4011901702,   GhinoDeZena, 0.012745
306396502,   ilGazzettinoves, 0.012737
492072949,   78Andreapinna, 0.012736
1413583716,   apeluso76, 0.012729
38444157,   antoscut, 0.012723
2361236242,   vincemes70, 0.012715
540703786,   SCamillis, 0.012714
1103554206,   GaspareRuiz, 0.012711
14387157,   michelemas, 0.012706
611783055,   mariellamarocca, 0.012705
1595653056,   mariangelader, 0.012703
76616277,   Deputatipd, 0.012703
617234985,   MauroVari, 0.012699
399356077,   francescobei, 0.012692
71529985,   luisorel, 0.012691
418798723,   ErmannoTarozzi, 0.012688
67283912,   massimobrugnone, 0.012685
148483413,   Geremniak, 0.012684
506321342,   CorradiniLidia, 0.012681
191490413,   bravimabasta, 0.012678
2361510583,   BeppeBoniRdc, 0.012678
287851930,   antonioclli, 0.012676
246038998,   paulfuckinhell, 0.012676
46922585,   tixxxtweety, 0.012673
973525898,   cosimo_adelizzi, 0.012673
2622391643,   44pino44, 0.012669
484771907,   lucianocapone, 0.012669
498883267,   WalterBaffi, 0.012666
885406213,   CartolanoSara, 0.012665
43082114,   SardegnaNews, 0.012664
1300370167,   gmarcoc, 0.012660
2719244173,   ElPiotta, 0.012656
317769975,   agorarai, 0.012655
1076119734,   Alessandro02088, 0.012653
402164784,   luitelesca, 0.012649
481304796,   Lucia7910, 0.012649
2906615746,   MonycaMarini, 0.012638
417920790,   AntonellaTomas1, 0.012634
932393936,   openpolitica, 0.012629
67313839,   Ettoremar, 0.012627
293992685,   ugotruffelli, 0.012618
444510706,   claudiorizza1, 0.012618
541110896,   _3nike, 0.012614
3024921597,   SimoneCaricato, 0.012613
428376594,   FascianiRoberto, 0.012611
443167956,   CleliaMussari, 0.012608
484071732,   aspano60, 0.012605
433227573,   Rinoga1, 0.012605
777140031957901312,   IdoneixilNO, 0.012599
2355256140,   Alfonso0070, 0.012598
15392102,   adrianoattus, 0.012591
83622909,   DelsantoRaf, 0.012589
306363599,   LaCris297, 0.012588
4858595345,   CrisGnesutta, 0.012586
1873095224,   salvogrizzanti, 0.012580
498950954,   jextempe, 0.012578
3331413322,   MassimoTenesmo, 0.012577
412670404,   graziellaciccon, 0.012576
57282569,   AndreaMarcucci, 0.012576
405832858,   umbertofava65, 0.012575
68492512,   GraziaDigi, 0.012573
219427574,   carlitadecuba, 0.012573
989645683,   BibiBec, 0.012568
1216273854,   jacoboome, 0.012568
400703537,   SirianniChiara, 0.012565
2170644741,   bricco70, 0.012565
32624061,   giuliocavalli, 0.012562
1418786191,   LilianaAmerise, 0.012561
2804804104,   Ossidiana_G, 0.012560
3326878185,   calcio_cagliari, 0.012551
75299581,   ragusaibla, 0.012549
949414074,   alessio_papi, 0.012549
419443005,   tmsboldrini, 0.012549
4130639901,   Sinistrait_, 0.012538
3334952776,   TGPorco, 0.012537
429848799,   EliaTorrisi, 0.012536
483304757,   stefanococcia60, 0.012530
38931308,   BiagioVelardi, 0.012519
22785182,   gmassaro1975, 0.012516
541824556,   MichelaRoi, 0.012516
82624516,   paolapierotti, 0.012510
444225252,   colvieux, 0.012510
2319542538,   SenVincenzo, 0.012505
3001084382,   marcocarrozzo66, 0.012502
109573130,   unitaonline, 0.012498
1000366015,   amset68, 0.012497
22025138,   emilioftorsello, 0.012493
57251373,   Ambro1Q84, 0.012493
150631104,   luciosway, 0.012491
126691082,   Sfurmy, 0.012485
2749231737,   Alecrema26, 0.012483
458433890,   RosapiaFarese, 0.012475
443832737,   barbaradiamanti, 0.012472
427564624,   LorenzoManfro, 0.012471
1725220519,   MoniSacceddu, 0.012470
36626879,   FedeBridge, 0.012467
532666601,   GiuseppeLatorra, 0.012466
1065857210,   indigneraitv, 0.012466
1333341758,   TittiGiorgi, 0.012464
1268204864,   MPingerna, 0.012461
421236822,   isolano1972, 0.012451
455266241,   Corrado_info, 0.012449
47758527,   remofer, 0.012449
185716948,   add_editore, 0.012447
468760927,   MarzioBorsoi, 0.012446
55218593,   Jarluc, 0.012444
9940892,   fedemello, 0.012444
526915612,   cislcatania, 0.012442
58241595,   salvobracchitta, 0.012429
377872873,   3filetti, 0.012428
2965969887,   simone_lopresti, 0.012424
232575488,   cigna69, 0.012424
66363389,   antoniocantoro, 0.012424
14335321,   rscano, 0.012423
2783540673,   CesareMinghini, 0.012418
77530521,   virgiliofalco, 0.012415
326674366,   beniapiccone, 0.012415
352576987,   leoquartana, 0.012412
13106252,   GiovanniCocconi, 0.012410
526896427,   masman007, 0.012408
220799803,   CesareLavia, 0.012407
95630884,   GioMelandri, 0.012398
2375430686,   raffaelefus, 0.012394
475127858,   sonoiolore, 0.012394
292371234,   ffravolini, 0.012394
282593537,   valentinacefalu, 0.012393
2765940990,   GianniTorre2, 0.012391
257499288,   FrancoTrax, 0.012389
2306867816,   AlbertoSguerso, 0.012387
445414490,   AgnoMarco, 0.012385
1288209314,   M5SpiuL, 0.012382
2419472748,   LordBag, 0.012375
2218411411,   annaros70527446, 0.012374
4914915772,   SegnalazioniSS, 0.012366
1042134122,   sgrecciaantone1, 0.012365
435810111,   MaddalenaGissi, 0.012365
2438650607,   BortesiBortesi, 0.012364
1120164536,   enotequeasti, 0.012363
933680802,   AndreaMastrotot, 0.012340
992696286,   a_ruzzante, 0.012333
462914512,   colpadiprodi, 0.012331
75994558,   marcocampione, 0.012324
967615364,   AntonioCiontoli, 0.012317
423523075,   margotten78, 0.012315
488684786,   NestSilvia, 0.012314
22077586,   PaoloGilardini, 0.012313
589286587,   JohnHard3, 0.012313
986564732,   171822elFranca, 0.012311
421406745,   marcomiscio, 0.012305
409311997,   ginevrasotirovi, 0.012302
728295648,   GianluigiDotti, 0.012298
517929046,   GuidoVianello, 0.012297
2427964266,   FISRemo, 0.012296
384437761,   PdToscana, 0.012295
80200885,   Stefbazzi, 0.012293
513002093,   ila_piccinotti, 0.012292
443932900,   spartachisti, 0.012292
403505287,   PalaMatteo, 0.012291
315846635,   simonaercolani, 0.012288
701513839989358592,   alfonsomontana5, 0.012287
125153897,   64domenico, 0.012286
1016109914,   fargi34, 0.012284
1728519446,   dist_fabio, 0.012282
66193381,   BorisSollazzo, 0.012280
1132188114,   danielaba28, 0.012279
3056250186,   ChiossiLaura, 0.012278
366639902,   david_sarra, 0.012276
82316945,   tizianaderrico, 0.012275
380405533,   Mariettatidei, 0.012273
963938472,   Palazzo_Chigi, 0.012260
48996987,   AngeloBongio, 0.012258
325771154,   guidobemporad, 0.012253
188072000,   alexgiamby, 0.012249
233929419,   cma41, 0.012248
927409196,   GMagaglio, 0.012245
414880861,   and_bassi, 0.012241
297933170,   FbaPtt, 0.012238
99686746,   alexproietti, 0.012236
1157043744,   gsaggese84, 0.012231
304945509,   mediafinancial, 0.012229
2310308158,   plsgrd1965, 0.012228
426525876,   mele_nando, 0.012227
2355147860,   AntonioDomenic, 0.012227
127435541,   sc_1969, 0.012226
730673331851132928,   ambiente_pd, 0.012224
411011613,   CommFuturo, 0.012219
14637273,   edocolombo, 0.012218
2497838698,   fortunatolino, 0.012211
197370410,   giovannaleoni, 0.012207
405170821,   Luka1961, 0.012207
1348975974,   Sica92Luigi, 0.012204
464516274,   frank9you, 0.012203
491417328,   umbertodott, 0.012200
44578781,   albio77, 0.012196
217939114,   marinofardelli, 0.012195
470301475,   MontanaWalter, 0.012194
2427311741,   clabellocchi, 0.012193
52394311,   paolobiondi, 0.012191
361787988,   urlodalsilenzio, 0.012184
2530670296,   MAvanta, 0.012183
1433806334,   ben_aio, 0.012182
212995283,   pbenedettamanca, 0.012178
549982210,   CambiareDavvero, 0.012177
517876006,   martons1970, 0.012176
12041042,   roxelloo, 0.012174
282752093,   Italpress, 0.012174
2493014217,   1danyda, 0.012173
3028742807,   marcos_sup, 0.012169
52040439,   epbernardo, 0.012163
203422688,   pavassal, 0.012163
432516884,   Moonlightshad1, 0.012157
264673317,   svilupp, 0.012155
65977946,   chiiicco, 0.012148
365592373,   PolidoroDaniele, 0.012144
14979671,   la_franci, 0.012143
513144334,   renatosouvarine, 0.012143
1710375336,   matteo_delve83, 0.012142
2476119007,   ElisabScalambra, 0.012141
2693917236,   vittorioavesan2, 0.012141
972884324,   damstop83, 0.012140
296484280,   naikelulu, 0.012139
231127952,   ferrero_paolo, 0.012138
192899133,   fam_cristiana, 0.012136
234868966,   chesko76, 0.012133
431658112,   settimo771, 0.012133
25105210,   cirofronteddu, 0.012121
702690830,   Beatrix_aka_BM, 0.012120
1303959097,   LauraAluisi, 0.012120
129515952,   Gigebi, 0.012120
61877999,   pietroraffa, 0.012113
233489435,   CogoniDaniele, 0.012106
583877210,   apaschetti, 0.012105
424084271,   SONIAGROTTO, 0.012102
2235047637,   AntonioSpadafo4, 0.012102
1223037354,   esisley, 0.012101
2282226151,   elenaritalaselv, 0.012101
253975868,   albertcampailla, 0.012097
1098289812,   Naranmike, 0.012087
160556117,   franceskino75, 0.012083
241289430,   MoniShantiRani, 0.012081
556818121,   CarloDelSante, 0.012078
2252032623,   PaoloTiscornia, 0.012077
318388729,   AntonioNaddeo, 0.012076
2259346508,   simona_campo, 0.012076
40353863,   giovdall, 0.012075
1142540912,   Canto_Quinto, 0.012072
404069171,   M_Rachele, 0.012069
48652450,   Stade84, 0.012068
1454710987,   EBeorchia, 0.012068
3068039679,   pmattoccia, 0.012066
407003733,   LoredanaTaddei, 0.012065
534425432,   francescafagnan, 0.012063
2322781029,   KCarnasciali, 0.012057
5378612,   Fabopolis, 0.012056
2465000210,   IoSonoUnoLibero, 0.012054
2871036920,   LorenzoRaz51, 0.012050
868671120,   pinosol4, 0.012044
332346345,   UldericoDL, 0.012042
68182390,   davidemontanaro, 0.012039
385356024,   millytucci, 0.012038
801754,   suzukimaruti, 0.012034
573306944,   ClaudioBocci2, 0.012031
383754117,   MarcoSilvestri9, 0.012031
1851356982,   boboliver1968, 0.012026
1039534922,   ArchFallez, 0.012025
1190127296,   _lucaromano_, 0.012023
22659500,   mauriziosantin, 0.012018
254777897,   giusyeffe, 0.012014
558842881,   FededAudino, 0.012013
391398732,   rafpiemontese, 0.012010
3036997071,   alesco751, 0.012010
47963163,   inchiostroverde, 0.012009
107582221,   alessioviola, 0.012008
785299243,   g_valentino80, 0.012007
397573326,   MarioScelzo1, 0.012007
805247118,   simonepeppe61, 0.012006
2981706863,   ToscanaProvUni, 0.012005
2986211373,   PDshitwork, 0.011994
974830003,   LLottero, 0.011994
195734767,   Umbria24, 0.011993
632324504,   EttaLisetta, 0.011991
1352301782,   drfrancocapuani, 0.011990
1071485604,   il_Ghisa, 0.011985
394787464,   DavidErmini1, 0.011984
473021625,   dpetrolo, 0.011983
561917560,   pallypy, 0.011982
1495337089,   KekkoCard, 0.011979
391485689,   StefanoFeltri, 0.011975
253262674,   BSaltamartini, 0.011972
61011257,   rossijames, 0.011969
167058261,   SimonaVicari, 0.011968
336091189,   LucaBortot, 0.011968
27007400,   marianski65, 0.011965
303278808,   FabrizioSantori, 0.011965
594436794,   FrascellaPaolo, 0.011963
1085405436,   BaioFederico, 0.011963
247722432,   Laura__Vittoria, 0.011962
2451869940,   Lorenzo_Ruff, 0.011962
318661130,   riderperugia, 0.011962
471281332,   MONICA_ARIOLI, 0.011958
2909504255,   alegio957, 0.011958
845102904,   MorosiSilvia, 0.011955
9055772,   buzzico, 0.011949
346117908,   AlexAlyzts, 0.011944
303175724,   windpier, 0.011944
96220057,   Maur94, 0.011940
253037330,   nembokidy1, 0.011935
41075939,   PrimaDaNoi, 0.011931
484982241,   graziano_delrio, 0.011931
433236708,   rosannaangioi, 0.011931
477680189,   AlfPisicchio, 0.011929
313652711,   giulioguazzugli, 0.011928
418259535,   lundici_it, 0.011924
55286165,   LazioInnova, 0.011923
2317508289,   CGMeloni, 0.011920
476053480,   vaniacavi, 0.011920
400779990,   Fra_fas, 0.011918
447370939,   mar__bru, 0.011913
904491504,   faustoigorcampo, 0.011912
558651454,   danoris2110, 0.011907
1010820098,   LupoMail, 0.011907
1384894520,   MauroBarin, 0.011901
424153335,   AnnaLeonardi1, 0.011898
51720974,   andrushya, 0.011897
4885620221,   FedericaBidiVal, 0.011896
2494249260,   FASTConfsalsg, 0.011893
1233975200,   marise325, 0.011892
222903495,   MarioAvagliano, 0.011891
13946942,   marco_ask, 0.011883
109608945,   beltra72, 0.011882
416309230,   pistelligoffr, 0.011880
14145846,   flavia_marzano, 0.011878
453168575,   vincenzofolino, 0.011871
1310229355,   MaggisanoNicco, 0.011869
259813792,   DSiracusano, 0.011865
441863803,   StefanoCeccanti, 0.011864
2589277552,   Bellia68, 0.011863
604249475,   Dimauro1957Di, 0.011859
83041759,   NicolaCaputo, 0.011858
2739361664,   TheAdviceStaff, 0.011850
538147915,   Raiofficialnews, 0.011846
3385699887,   FrancescoGesua7, 0.011846
926031224,   EugenioGiani, 0.011845
432566115,   abunabuana, 0.011844
93209808,   Gianpymalatesta, 0.011841
1544336527,   elvise1657, 0.011839
2973535553,   giuliafestuccia, 0.011831
604293321,   oliveri_giacomo, 0.011830
947689230,   JackySimoncelli, 0.011829
236362651,   LegaNordMilano, 0.011821
48274346,   francyst, 0.011819
412112516,   cmanara77, 0.011817
427711084,   raffaghellogian, 0.011816
481945340,   GiovanniZannola, 0.011814
1585963512,   EPolisBari, 0.011811
7844932,   francescorusso, 0.011810
169054597,   AgenziaGiovani, 0.011809
99125540,   Marte61, 0.011809
2415751118,   ValeDellaValle, 0.011808
1139825378,   l_talamonti, 0.011806
48768732,   ledep, 0.011805
927916422,   lilasart, 0.011804
170747792,   ivanvadori, 0.011804
23475322,   andreadosio, 0.011803
3293158150,   luca_perrino, 0.011800
42733221,   lindaemme, 0.011799
800246184,   BovalinoLorenzo, 0.011798
2375301992,   DaniMazzaferri, 0.011798
57358236,   lucabattanta, 0.011797
440684594,   gherbitz, 0.011795
497805650,   domak89, 0.011793
695753,   ezekiel, 0.011788
1324385052,   BertiFederico, 0.011783
418636676,   daniedario, 0.011782
522987521,   Mara_Morini, 0.011781
47377992,   stellabianchi, 0.011777
2876249524,   alessandro1846, 0.011776
1368850908,   FMCastaldo, 0.011776
65866093,   Favola666, 0.011776
985080900,   usaipiero, 0.011774
207034666,   CarloMusa, 0.011769
122665594,   FrancoLaratta, 0.011769
472176643,   LuongoDaniele, 0.011761
293373251,   PaolaGigante62, 0.011760
323676734,   CMdiFirenze, 0.011756
14227296,   claudiovelardi, 0.011755
3170228729,   TheLullaby, 0.011753
733519268,   robertosaliola, 0.011749
232590428,   Peppedor, 0.011748
711909518121312256,   pepe01420152, 0.011741
1257520999,   DomenicoAiello_, 0.011740
805709071,   francescocrs, 0.011738
1144953769,   gianniskipper, 0.011737
919308710,   apemarra, 0.011735
328020740,   LuisaBerti_, 0.011731
706057101,   stefanocazzola1, 0.011729
3299563144,   sdavite110, 0.011727
252045618,   FraC14, 0.011726
2520582142,   RaRoby56, 0.011722
272317881,   fmollicone, 0.011720
282996856,   MorenoPisano, 0.011718
254943968,   esperidi82, 0.011716
26319569,   madforfree, 0.011709
275404354,   micastal, 0.011707
4186758514,   marcopietro49, 0.011705
575116715,   FCaberlotto, 0.011703
1490509230,   alelomi, 0.011703
198822370,   luigicontessa, 0.011702
3758739195,   VaniaCecconi, 0.011698
491330061,   gianvitocafaro, 0.011696
2987686264,   marturano51sm, 0.011695
104135821,   adling64, 0.011694
953895188,   carloazzarone47, 0.011694
97650801,   Michele_Potenza, 0.011693
1225509780,   nessunoindietro, 0.011693
165765384,   pucci_francesca, 0.011688
1532077525,   colourasexperie, 0.011684
1270670695,   loreleo1, 0.011683
4639593141,   ravelclaud, 0.011681
1389786139,   RussiaNewsDir, 0.011679
2921948057,   zazagab2, 0.011679
4811969481,   castigapolitici, 0.011677
1212975134,   burbero1961, 0.011671
7184902,   andros3000, 0.011667
418837513,   Valeriavale51, 0.011666
3232694020,   bora_carla, 0.011664
202113803,   PD_Lombardia, 0.011659
314392100,   rcociancich, 0.011658
2224891988,   alefreda, 0.011656
700891754,   GiovanniPasto10, 0.011656
68381149,   gzileni, 0.011654
2198193816,   Sarx88, 0.011652
402099995,   Dar3ios, 0.011649
2956811146,   MaurizioCulicc1, 0.011647
1134804595,   Molo31Monica, 0.011645
1017005305,   baiasilente, 0.011644
369400663,   SalernoSal, 0.011642
481271925,   LuanaPlessi, 0.011641
252120336,   Ciucia60, 0.011641
391338911,   CimbroEleonora, 0.011636
99925189,   pasqualevidetta, 0.011635
3982458934,   salomonx69, 0.011633
2933613009,   albatelari2, 0.011633
1085455423,   saveriolakadima, 0.011632
2560586103,   DonnySbrocca, 0.011632
208996172,   rossoredrouge, 0.011632
1360232480,   FmMosca, 0.011632
600136789,   GhitaIacono, 0.011631
983253218,   UnoNemoNessuno, 0.011629
425904817,   RaffaeleNappi1, 0.011628
1452431508,   ottolibero, 0.011626
2467961561,   93607bc97c2b480, 0.011626
898362882,   pasolinisel, 0.011619
602125481,   cdaria1, 0.011618
525364699,   GiuseppedeloDe, 0.011616
400103989,   fortezza55, 0.011615
208792626,   7Claus, 0.011613
452225155,   PastaStefano, 0.011613
1289664930,   GiulioScotto, 0.011612
436870309,   REN1pz, 0.011610
47969711,   gabriella_roux, 0.011609
73595849,   giuseppeoliva09, 0.011604
2320036413,   marzocchi_fabio, 0.011599
119648205,   lucavernetti, 0.011598
252628345,   dettori78, 0.011596
424947562,   EdmondoRho, 0.011591
1117558933,   hele_fr, 0.011586
1000045820,   AntonellaGrim, 0.011586
491225607,   giovo77, 0.011578
56392390,   aranciaverde, 0.011577
605695196,   toninosrb, 0.011576
272929503,   AmnesiaFe, 0.011575
882235051,   MiurSocial, 0.011575
403799808,   MattiaGiorno, 0.011574
286608996,   MiminoRICCIARDI, 0.011564
2184417408,   antoniorampinel, 0.011564
1364383692,   Fiorello, 0.011562
471859605,   egos23, 0.011559
255448965,   dadoricca, 0.011557
754855801,   Ivanlobello1, 0.011552
422625426,   Marcello_Gatto, 0.011552
104129726,   VanessaEffect, 0.011552
891569430,   CiroManigrasso, 0.011551
9619082,   yanez72, 0.011550
337095643,   patriziapetrucc, 0.011543
1109639072,   Alessandrobarix, 0.011543
1465205899,   villacalendasco, 0.011541
385361791,   GiacomoRisitano, 0.011539
361808481,   Nemomnis, 0.011536
81779451,   valelibera, 0.011536
2751782307,   AvvocatoLorenti, 0.011535
483384295,   LuigiDeTroia, 0.011535
467573735,   francetomm, 0.011533
147496924,   PdBasilicata, 0.011533
989648000,   crigerardis, 0.011531
3004063252,   MelloniManuele, 0.011530
31093722,   fulviocentoz, 0.011528
421941338,   tonyy61, 0.011526
719080627757322240,   LoGnorante, 0.011525
1331086867,   51fini, 0.011524
1343953026,   Valemont20, 0.011523
4590614848,   super_mattone, 0.011522
2207852354,   giuseppeadurno, 0.011519
227606641,   ValerioBarbini, 0.011518
953901380,   paolaxmi, 0.011518
86347667,   g_alfano, 0.011515
1337403674,   gimaggioni, 0.011515
280057090,   marisa66666, 0.011513
472061775,   cp75pe, 0.011510
522233292,   matteociminari, 0.011510
2350347318,   UlrikeMeinhof1, 0.011507
1729205360,   PastoreFrance, 0.011507
978611755,   ManuelaPerrone, 0.011506
568621322,   Roberto6600, 0.011506
387349892,   tonyhoney74, 0.011501
455648908,   AndreaDisint, 0.011498
1257980089,   CarloRienzi, 0.011498
486759593,   mauriziobernava, 0.011495
1305566606,   zonimariagrazia, 0.011487
2162857184,   CantiniL, 0.011487
2704662807,   figliolaraf45, 0.011486
2543774477,   Mauro7551, 0.011483
4204183834,   Patty_Rose_LN, 0.011476
954210997,   robertoerarael, 0.011473
452282353,   FabioValva, 0.011462
1019776338,   DUNDARKESAPLI, 0.011460
433192015,   EmilianoBrollo, 0.011455
11129252,   lvitellio, 0.011454
2388661380,   AntoPando, 0.011453
28355287,   VioC, 0.011451
310183103,   AntonioCuozzo, 0.011444
2723029636,   lo_zio_gino, 0.011443
1670823475,   ffedericabander, 0.011439
307741565,   lucianoperco, 0.011435
185116067,   futuroetradiz, 0.011426
856476714,   GiovanniSestit1, 0.011426
80609539,   quisques, 0.011426
284745832,   luigisimonetti, 0.011426
2745157399,   alessandro_fato, 0.011426
440333722,   Vito_Romaniello, 0.011422
393383204,   Cecetto_, 0.011419
420575419,   fabiotelesca1, 0.011418
337333658,   SemGio, 0.011411
406366657,   titticri, 0.011410
1343245195,   villaalbe, 0.011409
416923575,   caterinapes, 0.011402
83386342,   giulianabellino, 0.011400
242392452,   amorbide77, 0.011399
473340894,   mimmomazzei, 0.011398
1104562232,   giova_martelli, 0.011398
845413776,   taccola10, 0.011397
235168992,   filipnet, 0.011395
1260171894,   ArchCmc, 0.011395
802320974,   pisani_anna, 0.011394
447076020,   archigino, 0.011393
523133624,   Nellobellinzago, 0.011393
1010106986,   fciofetti, 0.011391
453813069,   AlRobecchi, 0.011391
1963222586,   Frank75White, 0.011390
292063590,   carmelino75, 0.011388
400585839,   Erica_sir, 0.011385
1332581676,   DavidGiacanelli, 0.011377
352430203,   CeneFra, 0.011375
399135189,   morillino, 0.011374
416540516,   Monicamondo, 0.011372
3109897131,   MarinaBrunazzi, 0.011371
387126602,   FFretta, 0.011371
331617619,   MediasetTgcom24, 0.011369
769960650,   GiusMorrison, 0.011366
1168148899,   Luigide_vecchis, 0.011364
340972113,   LorenzoMiglior1, 0.011363
283507160,   GBonannodiL, 0.011363
503199826,   giacintociminel, 0.011361
308500552,   GiulioAlcaras, 0.011358
1270403142,   maumal69, 0.011354
1943087478,   Mix24_r24, 0.011351
1258572001,   milkolalicata, 0.011350
859987891,   Index_Dig, 0.011349
