18762875,   matteorenzi, 0.141567
18935802,   repubblicait, 0.128491
5893702,   SkyTG24, 0.123204
150725695,   Agenzia_Ansa, 0.114537
395218906,   Corriere, 0.112361
14060262,   RaiNews, 0.110574
29416653,   LaStampa, 0.109715
420351046,   sole24ore, 0.107311
19067940,   beppe_grillo, 0.101121
963938472,   Palazzo_Chigi, 0.099910
133790890,   ilpost, 0.099815
14108472,   civati, 0.093911
221902171,   lauraboldrini, 0.089612
55212559,   mariocalabresi, 0.088275
121424128,   La7tv, 0.087084
828717014,   TgLa7, 0.085821
215728045,   Linkiesta, 0.085344
25676606,   Adnkronos, 0.085208
376218450,   AndreaScanzi, 0.084647
365462238,   eziomauro, 0.084448
58453980,   PiazzapulitaLA7, 0.082338
100610543,   lucatelese, 0.079884
405384428,   concitadeg, 0.079800
2278995820,   Montecitorio, 0.077806
16476536,   ultimenotizie, 0.076922
484982241,   graziano_delrio, 0.076085
37631819,   NichiVendola, 0.075365
73971750,   riotta, 0.073558
35298549,   serracchiani, 0.072753
13294452,   pdnetwork, 0.072643
399004979,   NicolaPorro, 0.072326
20910977,   lucasofri, 0.071551
61154684,   dariofrance, 0.071207
29045944,   claudiocerasa, 0.071189
149060372,   angealfa, 0.070726
104960470,   nomfup, 0.070193
270839361,   matteosalvinimi, 0.068544
289400495,   Mov5Stelle, 0.068241
311539656,   antoniopolito1, 0.068026
301472434,   StefanoFassina, 0.067712
403544693,   nzingaretti, 0.067448
16867526,   SabinaGuzzanti, 0.066821
420627699,   fabriziobarca, 0.066788
1530798872,   virginiaraggi, 0.066725
395990396,   dariabig, 0.066154
1364383692,   Fiorello, 0.065861
122014351,   Tommasolabate, 0.065812
49954018,   ilfoglio_it, 0.065028
31093748,   FrancoBechis, 0.064256
317769975,   agorarai, 0.064036
200028163,   Lettera43, 0.064003
409500620,   LaZanzaraR24, 0.063590
331617619,   MediasetTgcom24, 0.062852
40006630,   smenichini, 0.062634
384927198,   gparagone, 0.062467
239784688,   redazioneiene, 0.062357
109573130,   unitaonline, 0.061197
53154047,   giornalettismo, 0.061102
406869976,   PaoloGentiloni, 0.060538
69959408,   Tg3web, 0.060191
372344749,   andreavianel, 0.060162
19392607,   micheleemiliano, 0.058583
224940210,   fannicanelles, 0.058018
12514212,   orfini, 0.057781
1380510872,   GassmanGassmann, 0.057084
211550281,   giuliainnocenzi, 0.056657
36079217,   ilmessaggeroit, 0.056606
51757652,   nonleggerlo, 0.056394
72248630,   Agenzia_Italia, 0.056207
1482475178,   CaroneTweet, 0.055193
496437886,   AndreaOrlandosp, 0.055091
30248306,   ivanscalfarotto, 0.054337
540895773,   ale_moretti, 0.053792
532222780,   LelloEsposito5, 0.053776
2375661338,   roccoscozzarell, 0.053738
391485689,   StefanoFeltri, 0.052993
373423842,   Maurizio_Lupi, 0.052677
44487069,   chedisagio, 0.052653
102672182,   robertapinotti, 0.052365
372273460,   myrtamerlino, 0.051929
123920914,   Libero_official, 0.051905
413916151,   GuidoCrosetto, 0.051146
1655636611,   LaGabbiaTw, 0.050656
1433286055,   RaiTre, 0.050461
472966889,   ilmanifesto, 0.050339
76616277,   Deputatipd, 0.050143
130822947,   FabioPandiscia, 0.050043
54988878,   DavidSassoli, 0.049822
440943555,   SusannaCamusso, 0.049586
566888485,   FilippoFacci1, 0.049427
339672122,   pinapic, 0.049423
437533038,   francofontana43, 0.048818
44926477,   RaiPlay, 0.048203
333410580,   DAVIDPARENZO, 0.047790
235323455,   fnicodemo, 0.047681
1040184410,   SteGiannini, 0.047485
331005596,   robersperanza, 0.047380
75576699,   _MicroMega_, 0.047301
334321591,   N_DeGirolamo, 0.046996
327455219,   emanuelefiano, 0.046987
631767111,   PediciniM5S, 0.046333
126677638,   Radio24_news, 0.046193
28098604,   annamasera, 0.046056
546791475,   OmnibusLa7, 0.046040
22834067,   Roberto_Fico, 0.045934
963073442,   c_appendino, 0.045701
81656841,   EnricoVerga, 0.045604
140133595,   ckyenge, 0.045108
104485125,   mara_carfagna, 0.044909
53632842,   uambrosoli, 0.044781
55238295,   annapaolaconcia, 0.044694
251663248,   PatriceinMilano, 0.044677
482897816,   mattiafeltri, 0.044553
16145985,   Giorgiolaporta, 0.044143
1951828382,   Piovegovernolad, 0.043867
74693664,   MariaLatella, 0.043755
2725663345,   rotanicolas, 0.043602
20430345,   renatobrunetta, 0.043437
252822331,   LiaCeli, 0.043094
359454995,   TrastevereRM, 0.042872
504661653,   LauraPuppato, 0.042839
45937235,   andreasarubbi, 0.042401
404048864,   SenatoriPD, 0.041829
61765111,   sbonaccini, 0.041762
493854798,   CorradinoMineo, 0.041588
17214580,   RiccardoLuna, 0.041574
47626792,   cgilnazionale, 0.041557
1073288395,   AndreaLaudadio, 0.041386
495277374,   RobertoMaroni_, 0.041382
1314728936,   NicolaMorra63, 0.041375
1566553698,   GianniCuperIoPD, 0.041220
1354935949,   M5S_Camera, 0.040301
2920005634,   dottorgiustizia, 0.039725
100185915,   Radio3tweet, 0.039671
485844145,   alinomilan, 0.039626
38830450,   Crisi_Finanza, 0.039557
2575196077,   lgatto4, 0.039550
28528873,   sinistraelib, 0.038959
147543162,   forza_italia, 0.038804
39941540,   insopportabile, 0.038648
415571726,   maumartina, 0.038559
379256309,   GiuliaDiVita, 0.038360
483057175,   AugustoMinzolin, 0.038112
284706444,   AndreaRomano9, 0.037982
460330693,   UnoFRAtanti, 0.037952
368950045,   giorgio_gori, 0.037269
465390684,   Ariachetira, 0.037262
228010525,   AlemannoTW, 0.037107
61727028,   robertalombardi, 0.037017
422502823,   AntonioIngroia, 0.036996
76615199,   TermometroPol, 0.036984
33994488,   ItalianPolitics, 0.036939
438849246,   antonio_bordin, 0.036715
129443586,   paolodune, 0.036557
332885533,   Virus1979C, 0.036549
1032615842,   a_meluzzi, 0.036529
497995758,   jacopo_iacoboni, 0.036515
29236274,   Daniele_Manca, 0.036416
384192964,   MinisteroDifesa, 0.036360
417947467,   AndCappe, 0.036198
558591392,   QuagliarielloG, 0.036171
849590082,   enzo_boschi, 0.035947
254554605,   ultima_ora, 0.035873
267174899,   mariolavia, 0.035770
1870754606,   guerini_lorenzo, 0.035735
1647344210,   Asiablog_it, 0.035536
98732981,   christianrocca, 0.035508
406880559,   RaiPortaaPorta, 0.035497
87467449,   grotondi, 0.035492
934197043,   giure99, 0.035468
16087705,   YouReporter, 0.035448
67006079,   1giornodapecora, 0.035387
1052596340,   riccardo_fra, 0.035289
1469191586,   TELADOIOLANIUS, 0.035220
2898075617,   MPenikas, 0.035155
500882938,   Lantidiplomatic, 0.035091
41391760,   davidefaraone, 0.034960
602903174,   Storace, 0.034946
1343975432,   M5S_Senato, 0.034757
2821297900,   SpazioEconomia, 0.034687
314059678,   gianfranco_fini, 0.034541
14460250,   giannipittella, 0.034528
576702177,   maurorizzi_mr, 0.034485
1092735302,   MinSviluppo, 0.034204
13680802,   r_formigoni, 0.034186
127025568,   carlosibilia, 0.034133
1140098112,   taddei76, 0.033862
445822246,   francopizzetti, 0.033816
513497583,   TwittGiorgio, 0.033687
31762979,   BlitzQuotidiano, 0.033649
298502247,   giraldo_ale, 0.033646
1969148101,   SegSocialeRai, 0.033462
978488840,   carlaruocco1, 0.033361
429847277,   lageloni, 0.033245
429312499,   AlessiaMorani, 0.032981
1026894067,   ArsenaleKappa, 0.032908
76769340,   sandrogozi, 0.032855
337171830,   AngeloTofalo, 0.032714
191490413,   bravimabasta, 0.032605
78567974,   tempoweb, 0.032378
210573372,   davidallegranti, 0.032156
413217587,   gasparripdl, 0.032044
189613925,   mlabriola73, 0.031820
430554250,   Briatore, 0.031594
14227296,   claudiovelardi, 0.031450
203000387,   alessiopost, 0.031444
103152299,   gualtierieurope, 0.031373
587805027,   lauraravetto, 0.031330
492325083,   AnnaAscani, 0.031283
431547715,   luisellacost, 0.031217
441863803,   StefanoCeccanti, 0.030961
1360232480,   FmMosca, 0.030794
632742781,   pa__rm, 0.030748
1860435552,   grilliserafino, 0.030674
156729839,   comilara, 0.030673
337767301,   borghi_claudio, 0.030480
225168723,   ricpuglisi, 0.030409
522078771,   cjmimun, 0.030349
882235051,   MiurSocial, 0.030299
2331718804,   GiovanniToti, 0.030284
476661302,   paola_saluzzi, 0.030250
154082631,   gennaromigliore, 0.030246
600136789,   GhitaIacono, 0.030036
1208394690,   RaiUno, 0.030018
35804051,   ernestocarbone, 0.029928
389131517,   Kuzzo74, 0.029825
421024001,   vighicarlo, 0.029819
434505068,   DarioNardella, 0.029789
418028983,   GiulioTerzi, 0.029711
475234937,   valy_s, 0.029705
369400663,   SalernoSal, 0.029655
8873182,   byoblu, 0.029634
199923959,   MarPiColl, 0.029525
4863618933,   CretellaRoberta, 0.029475
3613181357,   iovotono, 0.029418
461229005,   F_Boccia, 0.029381
296371084,   ansaeuropa, 0.029277
85066223,   GrouchoMac, 0.028847
481154512,   minambienteIT, 0.028811
74707629,   RadioRadicale, 0.028775
382238648,   SalvatoreMerlo, 0.028764
232908749,   AndFranchini, 0.028737
400630735,   Sofiajeanne, 0.028553
1204076264,   RaiDue, 0.028453
270050737,   Giacinto_Bruno, 0.028434
394613,   mante, 0.028325
1488372031,   MEF_GOV, 0.028302
430127505,   Cesare_Damiano, 0.028210
723554251612499968,   marionecomix, 0.028192
79988162,   feltrinellied, 0.027907
403444000,   danielecina, 0.027867
7111232,   disinformatico, 0.027722
35564742,   salvosottile, 0.027550
504631659,   FrancescoCoccoT, 0.027524
33502178,   MiBACT, 0.027434
15047521,   stefanoesposito, 0.027261
57060570,   PuglisiPD, 0.027247
258861907,   Ettore_Rosato, 0.027206
440724583,   MarinaSereni, 0.027200
1111297184,   Newsinunclick, 0.027186
444225252,   colvieux, 0.027163
334337968,   MonicaCirinna, 0.027111
515380651,   GiovaValentini, 0.027048
1412500075,   soniabetz1, 0.027037
95630884,   GioMelandri, 0.027014
410808584,   FedeAngeli, 0.026992
855410450,   ilghiozzo, 0.026837
15918865,   marcobardazzi, 0.026716
538147915,   Raiofficialnews, 0.026688
469153,   webgol, 0.026675
2231246244,   pagina_99, 0.026588
37507247,   Riccardo_Nuti, 0.026581
6439122,   Radio105, 0.026527
422904136,   joyfar01, 0.026510
402997564,   erealacci, 0.026468
17028890,   Phastidio, 0.026379
72546577,   WWFitalia, 0.026341
494475884,   GotorMiguel, 0.026333
453813069,   AlRobecchi, 0.026316
965239081,   nonvotoilpd, 0.026266
673203,   stefanoepifani, 0.026177
136971453,   HORASDESIGN, 0.026104
928202780,   fareleuropaxpd, 0.025984
526327701,   cpetruccioli, 0.025837
480645077,   valeriafedeli, 0.025657
401438300,   marcocf69, 0.025542
463347621,   ZampieriChiara, 0.025526
57282569,   AndreaMarcucci, 0.025479
202220952,   FerzanOzpetek, 0.025409
113075421,   renatapolverini, 0.025404
3047887129,   GinoDemi, 0.025325
876541483,   AlbertoBagnai, 0.025237
55404019,   Legambiente, 0.025203
382358973,   giusi_nicolini, 0.025090
22656265,   dbellasio, 0.024969
169387991,   magdicristiano, 0.024955
236565724,   GiuliaGrilloM5S, 0.024942
605614784,   ElioLannutti, 0.024778
73065144,   matteoricci, 0.024704
1378987628,   Andrea_Radic, 0.024635
440691898,   ErmannoKilgore, 0.024495
453340945,   rossbrescia, 0.024402
384986685,   monicaguerzoni, 0.024400
132880191,   Avvenire_NEI, 0.024391
1120077589,   GiampaoloGalli, 0.024374
462829190,   PgGrilli, 0.024358
3299318579,   ImperaTweet, 0.024341
146448681,   valigiablu, 0.024339
79385667,   eurodeputatipd, 0.024242
1229121186,   carlucci_cc, 0.024091
216361540,   LiaQuartapelle, 0.024083
304467533,   24Mattino, 0.024025
399356077,   francescobei, 0.023884
14146095,   doonie, 0.023802
1387461,   betman, 0.023785
434839840,   lauracesaretti1, 0.023773
2296153657,   CarloAlterego, 0.023745
2725711188,   mov19Luglio, 0.023611
208642171,   ManlioDS, 0.023572
2585782921,   Viminale, 0.023553
256163349,   alessiarotta, 0.023429
400035492,   Gogodemarchis, 0.023416
1341462944,   paoloigna1, 0.023408
419480134,   BeppeGiulietti, 0.023400
613350364,   GherardoLiguori, 0.023350
14569308,   alessiamosca, 0.023323
33205675,   CdGherardesca, 0.023312
467573735,   francetomm, 0.023267
502816187,   giankaleone, 0.023256
2191248370,   mmauripd, 0.023136
20423071,   poliziadistato, 0.023099
39240661,   manginobrioches, 0.023087
70951142,   Ale_Mussolini_, 0.023009
1216645705,   MoriMrc, 0.022995
2360515482,   Antonio79B, 0.022973
526530582,   tg2rai, 0.022971
210501383,   Radio1Rai, 0.022769
1222888213,   CFenudi, 0.022687
248176574,   askanews_ita, 0.022670
7500802,   matteobordone, 0.022661
192899133,   fam_cristiana, 0.022598
51836146,   StefanoBoeri, 0.022414
66315515,   gbarbacetto, 0.022380
2514993334,   Pin_upicierno, 0.022364
2322998168,   BVito5S, 0.022258
332921113,   bastaCasta, 0.022082
1307016348,   poke_dem, 0.022071
9940892,   fedemello, 0.022037
252039915,   ItalianNavy, 0.022012
466378912,   antonellocapor2, 0.021953
1652723858,   SteSantachiara, 0.021946
82673876,   ettoremaria, 0.021861
311355879,   KelleddaMurgia, 0.021840
1084193910,   kidstu, 0.021820
599940695,   romafaschifo, 0.021816
388946039,   CesareOrtis, 0.021771
332894847,   CarloStagnaro, 0.021736
558032072,   sevenseasmarina, 0.021665
243703728,   chiarelettere, 0.021549
90501249,   Wu_Ming_Foundt, 0.021534
36030252,   VITAnonprofit, 0.021498
3290073059,   NicSapi, 0.021471
2331802006,   CasaLettori, 0.021453
402048742,   elisacalessi, 0.021404
56341776,   rtl1025, 0.021299
38139984,   chiccotesta, 0.021203
424153335,   AnnaLeonardi1, 0.021200
270211310,   tasto7, 0.021199
95891990,   marcepittella, 0.021157
1464788840,   lvoir, 0.021123
1035238824,   DavideRicci1973, 0.021063
1333369999,   Rinaldi_euro, 0.020998
161740961,   Serfiss, 0.020987
312666968,   Jo_Fuck, 0.020934
252512780,   antoclerici, 0.020934
2832335447,   dukana2, 0.020865
1368850908,   FMCastaldo, 0.020844
255928261,   bendellavedova, 0.020836
334811128,   STEFANIADIFELIC, 0.020753
136343557,   itinagli, 0.020727
388284615,   giusmo1, 0.020707
2530314205,   M5S_Europa, 0.020702
323769270,   Giurnal, 0.020665
56326516,   secolourbano, 0.020659
452010658,   serebellardinel, 0.020640
608063632,   MassimoLeaderPD, 0.020577
418814614,   FrancescoBonif1, 0.020530
131292189,   M5SRoma, 0.020512
220996437,   DorianaDori, 0.020493
277460126,   Chiara_DiBe, 0.020467
429928689,   ErasmoDAngelis, 0.020448
7844932,   francescorusso, 0.020390
1372461787,   luisaloffredo28, 0.020290
1379733312,   IsoleGrecheCom, 0.020288
215087363,   evagiovannini, 0.020208
106738070,   ilburch, 0.020110
38032906,   DarioBallini, 0.020050
435173619,   LuigiRuggerone, 0.020034
412566698,   Filippo_Casini, 0.020013
702219779,   delfyn0, 0.020002
435162877,   marcodecade, 0.019956
150196030,   Radicali, 0.019950
475862409,   molumbe, 0.019907
164225784,   corrmezzogiorno, 0.019872
3168011729,   alias16g, 0.019850
903701676,   scelta_civica, 0.019846
2612551,   chermaz, 0.019787
636955791,   ChangeItalia, 0.019756
1384894520,   MauroBarin, 0.019752
388572693,   laramps, 0.019725
343895398,   MassimoBordin, 0.019707
2799778140,   VocidiPalazzo, 0.019642
458719075,   guidoolimpio, 0.019629
79991599,   nogarin, 0.019620
1665027356,   GP_ArieteRosso, 0.019586
231127952,   ferrero_paolo, 0.019565
107517248,   BarillariM5S, 0.019470
585968039,   Yi_Benevolence, 0.019441
253262674,   BSaltamartini, 0.019396
449929150,   Zziagenio78, 0.019385
151029385,   PietroSalvatori, 0.019378
148481393,   marcolaudonio, 0.019376
425686235,   NFratoianni, 0.019372
484158845,   davidealgebris, 0.019363
964460408,   szampa56, 0.019347
815731375,   leopoldast, 0.019296
501874833,   s_margiotta, 0.019258
370690455,   InfoAtac, 0.019185
322933929,   ellyesse, 0.019162
26723126,   Fornario, 0.019137
228051072,   marco_itas, 0.019121
920435114,   LuigiGallo15, 0.019103
7912442,   tigella, 0.019082
2150969605,   IlMattinale, 0.019077
135461887,   mfrittella, 0.019055
2965811733,   _Carabinieri_, 0.019027
104239528,   MilaSpicola, 0.018947
634999260,   AlbertoAirola, 0.018944
6827962,   antoniopalmieri, 0.018895
193810402,   TaniuzzaCalabra, 0.018852
134431419,   Ditrast, 0.018749
13065292,   matteodallosso, 0.018718
1205594306,   MadagioPepe, 0.018688
142807042,   ricdil1, 0.018682
83449728,   marcocobianchi, 0.018674
16246240,   luigicrespi, 0.018672
14210532,   gabrieligm, 0.018643
569974381,   indivanados, 0.018535
582909177,   PCirinoPomicino, 0.018533
396956382,   RedRonnie, 0.018529
6361512,   FGoria, 0.018526
428521248,   megmalp, 0.018522
239734640,   ostroghoff, 0.018517
381426536,   rosita17rosita, 0.018479
11945512,   mirellaliuzzi, 0.018463
695753,   ezekiel, 0.018460
1331086867,   51fini, 0.018438
479810905,   PatriziaRametta, 0.018415
85657467,   MarcoMariani_IT, 0.018331
385923471,   bragachiara, 0.018331
557607196,   bajraktari_eu, 0.018317
20432064,   ederoclite, 0.018202
1080795937,   stefaniapezzopa, 0.018186
185108209,   paolomadron, 0.018140
2901562716,   approfondire, 0.018130
2200075155,   ClaudioDeglinn2, 0.018117
363124652,   VirmanCusenza, 0.018106
144210805,   Capezzone, 0.018056
14724500,   carloalberto, 0.017965
724477963,   SiamolaGente, 0.017812
310195119,   lctr82, 0.017783
412371227,   AngieCalabria, 0.017736
473072448,   FrancescoLamana, 0.017702
280175586,   nunziapenelope, 0.017684
46928097,   marcofurfaro, 0.017678
490373717,   boccadutri, 0.017667
594689707,   3DaysofCondor, 0.017665
32624061,   giuliocavalli, 0.017660
2730593590,   MarcoFer1975, 0.017659
170019149,   breveinutile, 0.017631
502998687,   roby_italy_51, 0.017596
3299546625,   PossibileIt, 0.017578
1915200546,   SorialGiorgio, 0.017551
315206594,   Paolo_Foschi, 0.017545
57358236,   lucabattanta, 0.017515
781217587,   FratoniR, 0.017462
5847962,   ciropellegrino, 0.017459
2416067982,   CarloCalenda, 0.017320
974102796,   MirkoBusto, 0.017296
61877999,   pietroraffa, 0.017296
476836933,   enrico_zanetti, 0.017210
1537494991,   ProgDreyfus, 0.017135
334777310,   straneuropa, 0.017070
414993771,   giotoni, 0.017049
18406278,   flavagno, 0.017029
715284283749974016,   GiulioSiamoNoi, 0.016956
2195622679,   Isa_Adinolfi, 0.016897
143393223,   ignaziocorrao, 0.016880
752010888,   tranellio, 0.016880
1324893229,   zaiapresidente, 0.016745
3096871079,   lefrasidiosho, 0.016714
1171761254,   mitgov, 0.016687
1627031726,   carmentpf, 0.016626
1566023431,   Fuoridalleuro, 0.016625
182087936,   IlPaoloGiordano, 0.016595
2977934441,   senantoniorazzi, 0.016585
368935338,   titti_disalvo, 0.016535
384431924,   Lidia_Undiemi, 0.016497
341989260,   gdnazionale, 0.016490
788808578,   Infoblu_Roma, 0.016477
206831627,   pierluscanu, 0.016450
1024976264,   FratellidItaIia, 0.016396
2846820109,   AndreaTrupia01, 0.016396
441556239,   konomoronao, 0.016392
473107684,   DalilaNesci, 0.016390
13106252,   GiovanniCocconi, 0.016378
454365633,   scenarieconomic, 0.016370
588587293,   VincinoWeb, 0.016331
430437851,   franco_sala, 0.016330
377872873,   3filetti, 0.016257
77554140,   crialicata, 0.016217
251407688,   giusev76, 0.016162
150961613,   Giusva82, 0.016154
218021759,   nocensura, 0.016125
26471908,   FedericoTaddia, 0.016091
215971922,   quotidianonet, 0.016066
606494426,   Coninews, 0.016057
5427422,   quinta, 0.016049
535447658,   jom5s, 0.016037
2608133516,   antondepierro, 0.016032
602069331,   FedeleAmico, 0.016026
422177795,   aledenicola, 0.015967
479602890,   SIAE_Official, 0.015959
1154188134,   Alice1Salvatore, 0.015886
529247064,   Antonio_Tajani, 0.015882
875178422,   actarus1070, 0.015876
1883710946,   EcatombeEuro, 0.015859
67986502,   leti_palmisano, 0.015852
701849940809662464,   Umberto_Ecco, 0.015845
107582221,   alessioviola, 0.015836
3044664286,   QuintaColonnaTv, 0.015814
988659876,   riparteilfuturo, 0.015784
41328420,   FDebenedetti, 0.015777
2182403667,   saraosalvatore, 0.015743
714417878,   GabriGiammanco, 0.015709
156316785,   M_Fedriga, 0.015704
342296335,   tildeblonde, 0.015668
425039950,   Leonardobecchet, 0.015650
400755376,   Giangiagainst, 0.015624
1857528240,   Inmezzora_Rai3, 0.015619
8001112,   maurobiani, 0.015612
804354408,   TgrRai, 0.015611
1044932990,   discordoconme, 0.015564
132810751,   stefaniami, 0.015558
127532707,   CislNazionale, 0.015551
505705375,   e_terranova, 0.015528
354747398,   MarcoGro69, 0.015489
592160447,   BiancofioreMiky, 0.015479
209891777,   Sorriento_tw, 0.015468
387198659,   AdriMCMLXI, 0.015454
481225656,   paolotjti, 0.015426
236621542,   leonardometalli, 0.015395
381369966,   SteAlbamonte, 0.015388
842378066,   bodyzen52, 0.015369
2870870995,   danyace2014, 0.015348
181171727,   milena131168, 0.015338
708276706,   DadoneFabiana, 0.015298
425902454,   marcoimarisio, 0.015289
795585541,   RobertoReggi, 0.015283
394787464,   DavidErmini1, 0.015277
1015870262,   red_mask9, 0.015265
453720551,   lisadagliocchib, 0.015229
347497240,   calygola, 0.015205
481929883,   GiangioTheGlide, 0.015198
27007400,   marianski65, 0.015162
214475387,   c_briguglio, 0.015150
58768691,   fabiochiusi, 0.015149
318400179,   vitopetrocelli, 0.015142
606259626,   TeresaBellanova, 0.015136
62004025,   callimaco74, 0.015014
421294544,   ValentinaPetrin, 0.015012
437337751,   Esercito, 0.015003
438385480,   PatriziaTerzoni, 0.014980
469398862,   Agenzia_Dire, 0.014960
15191260,   lorenzabo, 0.014938
399010858,   patriziaprestip, 0.014917
614310258,   m_crosetti, 0.014884
13514762,   LegaNordPadania, 0.014881
2812961,   gloquenzi, 0.014871
2202672330,   secolotrentino, 0.014850
1319275574,   siceid, 0.014833
109659461,   StefanoCaldoro, 0.014823
257850075,   LucaNatale70, 0.014800
1638278257,   dellorco85, 0.014799
989695621,   nonvotorenzi, 0.014791
2562814182,   franco_dimuro, 0.014763
52394311,   paolobiondi, 0.014750
19531637,   GiusMelillo, 0.014748
608379751,   LucaPalazz0, 0.014741
434816089,   l_lanzillotta, 0.014730
2603850468,   Antigiornalista, 0.014701
2431061097,   francescade54, 0.014673
87306292,   brandobenifei, 0.014662
89212874,   CSilvagni, 0.014643
52387663,   Comunardo, 0.014618
2403776046,   deboramau, 0.014594
17288700,   radiopopmilano, 0.014563
4835674227,   TV8it, 0.014555
1473979718,   DonniniMario, 0.014538
1933284714,   Freegolor, 0.014510
422340734,   AnnaxNar, 0.014503
1344131071,   GruppoFICamera, 0.014461
296733937,   EnricoStefano, 0.014448
238909679,   F_DUva, 0.014421
1126411814,   FrancoBassanini, 0.014418
65861682,   danielefrongia, 0.014413
56674519,   LombardiaOnLine, 0.014399
2979665872,   CiaoRetweet, 0.014399
1120206308,   andrea_gazza, 0.014353
29226134,   martaserafini, 0.014348
81637419,   lameduck1960, 0.014329
483304367,   donnadimezzo, 0.014311
92525639,   pierovietti, 0.014310
77823743,   aureliomancuso, 0.014308
483434707,   LAvvelenato, 0.014283
404836757,   EGardini, 0.014281
431706859,   maricadipierri, 0.014264
146738509,   Noninfluente, 0.014206
801754,   suzukimaruti, 0.014200
487751312,   _paolo_romani_, 0.014088
124236178,   GianlucaVacca, 0.014043
499227001,   ANDREAZANETTIN, 0.014027
3398885945,   FroioPietro, 0.014025
1135800156,   Euroscettici, 0.014022
3239016405,   claudio301065, 0.014005
940908996,   CostanzaRdO, 0.013987
2497838698,   fortunatolino, 0.013980
486583213,   LeftAvvenimenti, 0.013969
929354545,   AngeloRughetti, 0.013936
26760769,   chiara_meazza, 0.013931
430565411,   AlessandraSerr1, 0.013931
1888044751,   silviachimienti, 0.013813
181629711,   piccolocafenyc, 0.013809
357464260,   Paolo__Ferrara, 0.013790
1245841746,   AlessiaLautone, 0.013762
1598253523,   Lanzichenecco7, 0.013761
130851801,   lucianonobili, 0.013725
128870883,   marcocappato, 0.013722
382539264,   UGiangrieco, 0.013690
2921447206,   Ilenia1970, 0.013658
426056687,   Antonio_Decaro, 0.013658
414634390,   PPBaretta, 0.013652
1072331106,   FrancBusinarolo, 0.013651
25979970,   fedesene, 0.013651
3360251476,   5bc32772e3fb467, 0.013620
60398437,   domeniconaso, 0.013605
1886063070,   EuroMasochismo, 0.013605
195689744,   Maxdero, 0.013581
1376730776,   mariaederaM5S, 0.013516
3070646573,   antoniosenneca, 0.013506
1343834791,   officialmaz, 0.013503
7697992,   emenietti, 0.013492
160255385,   MarcelloFoa, 0.013481
278503793,   damicod, 0.013472
359555283,   gianpierodalia, 0.013441
398726169,   amendolaenzo, 0.013436
3383981938,   michelecmassari, 0.013414
280543999,   TV2000it, 0.013395
186221116,   Master2001_3, 0.013394
76786936,   leggoit, 0.013393
2342517254,   pentotaldoll, 0.013385
1262566346,   valeria_ci, 0.013370
126970118,   vilmamoronese, 0.013368
892954382,   Penelopy2000, 0.013366
2198111423,   SunjaSan, 0.013347
708429391,   slavina6, 0.013307
488772562,   ParodiAl, 0.013305
2792050237,   comitatoart26, 0.013303
20300000,   serenabortone, 0.013299
2438762476,   il_Bec, 0.013254
126049704,   nellina99, 0.013244
304306690,   RedattoreSocial, 0.013236
716072612,   AlfioCartillone, 0.013228
268910347,   emanuelapatti, 0.013210
1256727248,   TWs_Laura, 0.013205
428411345,   TognazziR, 0.013204
274915400,   _luigicontu, 0.013200
2430152420,   MipaafSocial, 0.013194
183292987,   zanotto_franco, 0.013193
2582226552,   stati_generali, 0.013188
1193780617,   IMoresi, 0.013131
117701249,   Miti_Vigliero, 0.013101
409361259,   alexbarbera, 0.013097
3065987998,   spin_ita, 0.013083
1346600790,   eurodisastro, 0.013054
430169858,   Arturo_Scotto, 0.013039
486811448,   licari_salvator, 0.013012
304681933,   notav_info, 0.013008
14685648,   diritto2punto0, 0.012985
131197741,   kuliscioff, 0.012980
16402819,   andreadelogu, 0.012956
1050697136,   arnj40, 0.012950
316393390,   LAristopazzo, 0.012942
14145846,   flavia_marzano, 0.012841
1318108844,   babylonboss, 0.012838
419316234,   FranFerrante, 0.012835
585391357,   Gabrymalvagia, 0.012821
1128760278,   CovelloStefania, 0.012814
485841317,   Barracciu, 0.012797
784280066,   SergioSierra67, 0.012788
116468336,   giubberosse, 0.012771
51274770,   vascopirri, 0.012763
51792460,   giorgiomeletti, 0.012759
1076649404,   DipPoliticheUE, 0.012758
65444000,   francescoseghez, 0.012754
370278925,   il_pucciarelli, 0.012714
384760605,   QuiMediaset_it, 0.012676
532545883,   Tetovaccari, 0.012673
582622919,   chryduca, 0.012671
117407713,   AnnalisaChirico, 0.012628
423281726,   bobocraxi, 0.012623
2325244646,   sonolucadini, 0.012621
550588728,   PD_ROMA, 0.012600
416309230,   pistelligoffr, 0.012585
986811270,   BarbaraRaval, 0.012585
336007986,   giopank, 0.012549
154808415,   rogendanisalcon, 0.012505
257499288,   FrancoTrax, 0.012485
1306691233,   Renzoseccia, 0.012472
1933850857,   RepubblicaAF, 0.012464
26555279,   Telethonitalia, 0.012462
2281936099,   GAIDORic, 0.012460
473340894,   mimmomazzei, 0.012456
1117558933,   hele_fr, 0.012444
491362972,   fraschianchi, 0.012437
126680070,   AcquaBeneComune, 0.012432
2872452713,   italia_riparte, 0.012430
968615264,   TiziCip, 0.012423
2338484714,   MinutemanItaly, 0.012403
453071336,   gabriellacoron, 0.012402
528480384,   uandarin, 0.012402
1919237072,   SM_Difesa, 0.012399
455562995,   raffaellapaita, 0.012396
465408039,   RobertaBruzzone, 0.012391
22005584,   Marinamas, 0.012374
849274159,   ladyonorato, 0.012351
223899265,   EugCipolla, 0.012327
2199795114,   NCD_tweet, 0.012324
1076835426,   sabrinaganzenua, 0.012320
538091526,   Gianluca800, 0.012315
219159765,   Sissetta80, 0.012310
228249426,   selezione5stell, 0.012309
1402978436,   SegatDavide, 0.012302
723094218734862336,   ComitatoDelNO, 0.012296
3140140060,   COISPpolizia, 0.012276
480023608,   Antonellogiac, 0.012270
19422447,   tamburrano, 0.012266
328133320,   vittobonfante, 0.012261
258787593,   davide_vecchi, 0.012251
298079436,   wirko94, 0.012250
1911991346,   social_5stars, 0.012243
22011746,   r50, 0.012243
445414490,   AgnoMarco, 0.012242
474021846,   alfredodattorre, 0.012234
2494327693,   MarcoValliM5S, 0.012233
1116671611,   gioatriz, 0.012229
542327855,   _pierini_, 0.012216
1943087478,   Mix24_r24, 0.012211
1096235264,   LucianoBarraCar, 0.012179
272382855,   Brigaden5s, 0.012163
381611850,   PaoloParentela, 0.012160
4810630096,   ilcorvo20, 0.012159
1037152033,   Sabina1956, 0.012149
2362797030,   Rome2017EU, 0.012024
811414452,   mara_mucci, 0.012019
454191208,   sebaquila, 0.012013
7950242,   sergioragone, 0.011993
2465000210,   IoSonoUnoLibero, 0.011966
202220813,   SaraBentivegna, 0.011959
1398174300,   AntoLari1986, 0.011950
4130639901,   Sinistrait_, 0.011947
392959803,   PrestaLucio, 0.011931
255448965,   dadoricca, 0.011924
558661103,   PPolicy_News, 0.011893
969081366,   tatianabasilio1, 0.011884
410828204,   VikyBorgomeo, 0.011883
919526072,   LucioMalan, 0.011869
4854936225,   _romabella_, 0.011835
4141927199,   7novembre2015, 0.011834
3337657533,   Scorazzata, 0.011801
203915389,   cla_cominardi, 0.011795
1357199719,   AriannaMo__, 0.011794
1387126244,   BrunelloCavalli, 0.011791
336975968,   antoniomisiani, 0.011791
133461180,   antgentile, 0.011785
2282030010,   Thucydides_1973, 0.011781
493947848,   martafana, 0.011776
984646254,   ElenaInvernizzi, 0.011741
1047455850,   MFerraglioni, 0.011738
318316637,   LiciaRonzulli, 0.011728
27231018,   coccodj, 0.011718
1405748826,   _Forza_Italia_, 0.011705
422794585,   dmjr_p, 0.011704
45174445,   trash_italiano, 0.011698
1043011003,   ceciliavalent12, 0.011696
22651555,   danieleviotti, 0.011696
16401526,   SergioLoGiudice, 0.011692
763784342,   andreasso1951, 0.011667
2804233346,   alkhimiyah, 0.011664
231003363,   machediscorsi, 0.011657
4098447160,   Elena07617349, 0.011655
291678033,   MaranAlessandro, 0.011644
393383204,   Cecetto_, 0.011639
847114458,   intelligonews, 0.011629
419339559,   radioanchio, 0.011603
330602048,   tito_m5s, 0.011588
499214987,   fabiocaninoreal, 0.011555
61227039,   Stradiottomarco, 0.011552
3610762348,   tagadala7, 0.011543
1913671255,   AdrianaCioci, 0.011538
40687613,   salvospampinato, 0.011533
378831710,   elpme10, 0.011478
4068202785,   giornalecchismo, 0.011470
406947369,   co_crescimbeni, 0.011437
398603525,   Emanuela_Corda, 0.011423
16222806,   massimo_russo, 0.011418
203512576,   Mperadotto, 0.011412
1726027441,   AlexSoze, 0.011392
2373624002,   RegioneLazio, 0.011385
70388928,   claudioriccio, 0.011375
1434038420,   SerglocSergio, 0.011339
1969190317,   MatrixCanale5, 0.011298
986714714,   DossiCarla, 0.011290
2352305154,   giulianocossari, 0.011264
725949864,   IlariaBifarini, 0.011259
624359831,   tossina_libera, 0.011245
140419227,   alaskaHQ, 0.011242
2369010655,   angelerrimo, 0.011219
22083,   catepol, 0.011209
1562752760,   nicoladamalegh, 0.011195
9234892,   paolodecastro, 0.011193
425033450,   MassimoCorsaro, 0.011182
123505527,   _AnnaTatangelo_, 0.011169
60608418,   RegioneER, 0.011167
88014506,   enzabrunobossio, 0.011166
412264581,   GiusFiorentino, 0.011159
2380747454,   MKForgione, 0.011157
851310290,   LorenzoIlGiusta, 0.011118
91138156,   ispionline, 0.011106
2459996144,   M5S_Baroni, 0.011076
315846635,   simonaercolani, 0.011074
106772715,   qn_lanazione, 0.011051
3080186967,   MvStufamarcia, 0.011050
25732270,   adilmauro, 0.011044
931706882,   giosilvia86, 0.011037
1083645529,   g_falcomata, 0.011033
326144852,   maddai_, 0.011026
351555225,   laltraguanciama, 0.011006
3135061,   davidemaggio, 0.011005
973890739,   Marco_Casellato, 0.011003
471888854,   KappaRar, 0.011003
465921722,   ZanellaRina, 0.011001
51510339,   fulvioabbate, 0.010988
361373768,   FedericaDaga, 0.010986
2347131464,   Iacobelli1987, 0.010974
2370221592,   jacberti, 0.010972
2921641162,   RobyLibera5, 0.010971
390118819,   Unomattina, 0.010965
188043254,   jabbaTM, 0.010957
849195252,   social_mediaset, 0.010952
478894654,   Keynesblog, 0.010947
1433919019,   YThedavid1972, 0.010938
443832737,   barbaradiamanti, 0.010934
2414070806,   GiuseppePalma78, 0.010901
2921143773,   MonicaMoniqye, 0.010807
467389922,   NDecristofaro, 0.010794
62022464,   massimomarini, 0.010792
1322551362,   Acidelius, 0.010760
979279446,   bruttocoso, 0.010751
634575700,   claudiamedd, 0.010749
1085455423,   saveriolakadima, 0.010748
84300444,   mazzettam, 0.010743
257064557,   PdMilano, 0.010737
2347274438,   ilRottamatore, 0.010733
506170223,   ANTONINORABOTTI, 0.010684
407982210,   AntFuniciello, 0.010678
2355147860,   AntonioDomenic, 0.010670
324262863,   demmy747, 0.010662
3228099125,   GrappaTommaso, 0.010662
978934117,   1_starrynight, 0.010656
1223037354,   esisley, 0.010652
357063589,   massimosideri, 0.010645
6322582,   a_monteleone, 0.010637
321510042,   FulvioFrati, 0.010633
2354462598,   nicmax25, 0.010632
155695954,   icebergfinanza, 0.010606
265385204,   manilamatic, 0.010603
23309699,   tedeschini, 0.010598
48971201,   marcoregni, 0.010581
348493456,   JLTouadi, 0.010576
3995707457,   enzocasamento, 0.010556
105511487,   FLuccisano, 0.010548
614259382,   conmatteorenzi, 0.010545
69532732,   DavideBoni, 0.010538
954210997,   robertoerarael, 0.010535
831768450,   PMO_W, 0.010500
1368793633,   gjscco, 0.010495
390228893,   Carpioration, 0.010488
29428344,   marodri, 0.010479
2973508025,   fernandella25, 0.010478
22038676,   mariannaaprile, 0.010468
162686234,   gcomin, 0.010442
423780098,   ManninoClaudia, 0.010402
448933522,   VicinanzaL, 0.010388
1225691011,   valteroma, 0.010383
319735845,   globalistIT, 0.010382
4046411357,   Honesty_Int, 0.010376
371415996,   edosala8, 0.010374
15491749,   michelelan, 0.010347
228203275,   dDinoPirri, 0.010338
847121852,   M5SLazio, 0.010336
417904049,   VanniPetrelli, 0.010328
4702133172,   EugenioCardi, 0.010304
366258436,   Indignati, 0.010301
448998373,   PDibattista, 0.010298
555309932,   eunewsit, 0.010277
417951504,   MarcoRattoLIBRI, 0.010273
133366702,   nicola_bianchi, 0.010266
384927860,   stefyorlando, 0.010264
4794361,   robertobasso, 0.010262
2277937200,   raffaelebarki, 0.010235
1389629858,   EdoardoFanucci, 0.010230
983253218,   UnoNemoNessuno, 0.010213
116417727,   simopieranni, 0.010211
9808092,   sparkgap, 0.010211
118513045,   PiramideRossa, 0.010190
2306454341,   Cocapolitik, 0.010187
436640636,   TheLambkin_, 0.010184
47756372,   mgmaglie, 0.010163
79963123,   martinacarletti, 0.010155
4046187219,   _BPdP_, 0.010118
1283811182,   BracaliM, 0.010105
57052200,   ilGamberoRosso, 0.010102
434558035,   l_patrizia, 0.010095
1480106364,   SilviaBM5S, 0.010081
47686952,   MarleyBrandy, 0.010057
1715119512,   micillom5s, 0.010049
74731429,   iltirreno, 0.010045
2748105759,   FaticoniPiero, 0.010041
33212890,   ElisaDospina, 0.010040
5676402,   vincos, 0.010036
1341254522,   renzinews, 0.010021
93691257,   donatobuc, 0.010003
230817595,   virginiomerola, 0.010001
2798224784,   SuperTWGattona, 0.009982
860015294,   AgenziaVISTA, 0.009977
2297565537,   Arturo_Parisi, 0.009973
718402632126197760,   leonardo1ao, 0.009952
2226802248,   SquilibrataS, 0.009943
46224994,   vitalbaa, 0.009942
1926324451,   Pholey_vn, 0.009938
183287158,   angelinascanu, 0.009938
2348837399,   sdeangelis56, 0.009933
39454080,   piercamillo, 0.009893
2267806358,   ottogattotto, 0.009890
108966770,   LaGazzettaWeb, 0.009866
353160476,   RobertoRenga, 0.009843
463147024,   Brunoinimer, 0.009842
51759517,   fdragoni, 0.009840
101086929,   peraltro, 0.009831
592647058,   FiorenzaTarenzi, 0.009818
4144056819,   Salvisconi, 0.009811
1385237533,   E_Scagliusi, 0.009807
1093092662,   FraBonomo, 0.009802
206671784,   fabryxfg, 0.009789
479614754,   IlBomma, 0.009779
475827565,   The_Joker_IT, 0.009763
131946542,   omykamal, 0.009759
1041926774,   azcivile, 0.009755
48484178,   marcodimaio, 0.009749
2482305961,   LisadaCa, 0.009726
633601330,   vitaindiretta, 0.009711
167058261,   SimonaVicari, 0.009708
2751256629,   BerziLiliana, 0.009706
20581857,   Viceitaly, 0.009701
1011559662,   AriannaFesta1, 0.009685
1218862927,   SAPAFER, 0.009680
447432073,   PetrisDe, 0.009669
2152572284,   GrecOfficial, 0.009655
509157552,   FedeFane, 0.009650
941567396,   AntonellaGramig, 0.009644
268850788,   Rimmel2016, 0.009642
497714059,   bassarelli, 0.009639
90845433,   barbaracarfagna, 0.009638
2680617799,   giusy696, 0.009610
906349453,   AlbaDoratait, 0.009590
384881122,   andreademaria_, 0.009586
1324250802,   LaconicaMente, 0.009585
2196650893,   steal61, 0.009584
283602058,   Luciosalis, 0.009583
1893025346,   BONECHIF, 0.009580
13727692,   fiordisale, 0.009573
3334952776,   TGPorco, 0.009567
472925525,   CristinaAntonu, 0.009536
2465901637,   simonettasc, 0.009528
297884272,   davcarretta, 0.009524
81837035,   giopge, 0.009493
295961054,   BettaPiccolotti, 0.009473
2326687558,   Logyc0, 0.009471
586498147,   civisromanusTW, 0.009471
1288696170,   ValeriaValente_, 0.009466
140772582,   AndreaOlivero, 0.009461
354125985,   MaxLandra, 0.009459
3401227875,   lilysei, 0.009454
3126510327,   FurioGarbagnati, 0.009447
708773624,   GFabrygherardi, 0.009441
87967184,   Occidentale, 0.009433
379828154,   jimmyballando, 0.009432
857753196,   Mosquitas77, 0.009418
157042531,   BonnieLaCozza, 0.009409
470301417,   FpCgilNazionale, 0.009408
322563649,   NenciniPsi, 0.009407
303768164,   fedcons, 0.009403
1358611800,   MraCnz, 0.009398
397573326,   MarioScelzo1, 0.009384
432950146,   peppinomaisto, 0.009383
22616757,   pellescura, 0.009372
522667905,   CafaroGiorgio, 0.009367
425261926,   il_Fabio988, 0.009353
2744358657,   BalduiniChiara, 0.009334
534425432,   francescafagnan, 0.009327
2354395787,   frau101_f, 0.009325
430844411,   eaulierre, 0.009313
51067487,   MattBiff, 0.009311
318575239,   ErCandela, 0.009308
359933447,   w_rizzetto, 0.009308
600638391,   giorgio_ruffini, 0.009297
1707854503,   Francescaeffe3, 0.009295
1167316106,   Silviiooo, 0.009287
344753854,   paolocalvano, 0.009279
1151876744,   R__Rob, 0.009273
993110552,   petrettoanto, 0.009260
2256679742,   Ferraresi_V, 0.009250
356219289,   AldoGiannuli, 0.009241
233574116,   rosybattaglia, 0.009233
702594325625085952,   emergenzavvf, 0.009229
213616021,   _kuball_, 0.009226
65494640,   marcoprat, 0.009221
314392100,   rcociancich, 0.009206
2476119007,   ElisabScalambra, 0.009200
449629791,   MorenaIzzo, 0.009194
507652780,   simonefurlan1, 0.009178
9055772,   buzzico, 0.009172
2872007299,   guidosfe, 0.009164
403293960,   giorgiobenvenut, 0.009160
471141787,   SilvanoBattisti, 0.009156
414660035,   robdellaseta, 0.009148
45861942,   LucaSucci, 0.009148
229089974,   SilvanaDenicolo, 0.009142
916522718,   ConteZero76, 0.009125
464894684,   GenSangiuliano, 0.009124
268899621,   trattovideo, 0.009123
22025138,   emilioftorsello, 0.009121
817413728,   DavideGiac, 0.009105
96319859,   correntere, 0.009083
1260162366,   profilocriminal, 0.009075
561310353,   MsgSilvia, 0.009075
3242519025,   SCUOLATUTTIUNIT, 0.009067
3038103838,   mafaldina61, 0.009052
1377031602,   iostoconCivati, 0.009050
1222570518,   paola0071, 0.009045
3926735649,   SandroPop1, 0.009038
590358735,   SilviaFregolent, 0.009033
52731955,   la_pippi, 0.009028
1386808813,   angelo_ra_, 0.009013
517934877,   AurelioToro, 0.009006
252124333,   00doppiozero, 0.009004
7046912,   marcomassarotto, 0.009003
184015853,   schumyno, 0.008999
409518536,   FrancescaCose, 0.008993
426064773,   sarettaa7, 0.008993
47335824,   Ddcnews, 0.008989
2464828514,   lievemente, 0.008985
2511025017,   PeracchiaElena, 0.008980
1074200670,   flower___, 0.008978
118978778,   12qbert, 0.008968
754855801,   Ivanlobello1, 0.008958
407810895,   zafesova, 0.008957
130861875,   michelecama, 0.008954
461219174,   renatabriano, 0.008942
6831142,   Gazzettino, 0.008941
897627558,   PE_Italia, 0.008940
2396793506,   DottorWatson, 0.008930
484283282,   claudiafusani, 0.008922
616886078,   marattin, 0.008904
446532729,   EdoardoBuffoni, 0.008901
547936685,   markorusso69, 0.008889
489551817,   bottari12, 0.008846
794136385,   nmonesi, 0.008845
4845999597,   sarasarli, 0.008819
1361634884,   trendinaliaIT, 0.008810
69554901,   rmc_official, 0.008785
2955233225,   ALisimberti, 0.008781
52071233,   romanopaolo, 0.008776
1140264841,   LabParlamento, 0.008775
408652604,   chilhavistorai3, 0.008772
371714243,   giorgiopasotti, 0.008767
114539972,   Lombard5stelle, 0.008764
1130420497,   cocchi2a, 0.008752
373287402,   DanieleKeshk, 0.008749
2421745238,   Dr_CiroAmendola, 0.008747
4813826602,   Denise__87, 0.008746
21803228,   CorinziaMonfort, 0.008745
472149764,   lucapasto71, 0.008742
2350203541,   FioriMarcello, 0.008740
1260171894,   ArchCmc, 0.008734
937796372,   DinamoPress, 0.008727
483057595,   WebGinMovimento, 0.008718
2184417408,   antoniorampinel, 0.008713
999278988,   laura_coccia, 0.008701
360748546,   rbonacina, 0.008698
1320488653,   MedusaGrind, 0.008696
574765497,   VanessaCarrozza, 0.008687
553529776,   MpMau, 0.008682
1580176014,   italiaconGrillo, 0.008666
383790840,   danielamazza2, 0.008664
447846362,   marcomiccoli1, 0.008657
1088806153,   misspassinella1, 0.008642
130982265,   giodiamanti, 0.008641
1174274426,   darioesposito26, 0.008617
101573147,   giamma71, 0.008613
326226399,   000120o, 0.008608
27927840,   StefaniaCarini, 0.008597
1119223279,   CLAUDIACOLOMB12, 0.008589
106673706,   massimobitonci, 0.008586
1061367398,   McGadda, 0.008579
1022254674,   ZanAlessandro, 0.008577
1591397198,   BaldiDario, 0.008567
2836615967,   vocidallestero, 0.008534
2210950918,   MaxMangione, 0.008530
2241274927,   Manuel_Ghezzi, 0.008526
945141198,   ElenaBaloi, 0.008524
2279399816,   _Sentifrux, 0.008523
1042270699,   MagnaMagnaMagn, 0.008510
12790742,   sudsoundsystem, 0.008508
1166877775,   dstVoid, 0.008505
142690511,   borrellidavid, 0.008502
312613461,   fedeli_paolo, 0.008477
529606550,   marioafrica, 0.008477
311381225,   paoladelusa, 0.008477
8226422,   ferrazza, 0.008470
411076021,   PierMaran, 0.008465
519270696,   BottaAdv, 0.008458
392677681,   rep_napoli, 0.008455
432603093,   biluffo, 0.008452
466456399,   KatiaRisolvi, 0.008450
420236092,   PaoloMessa, 0.008440
185229283,   m4gny, 0.008431
743924448,   karacaracciolo, 0.008423
380526746,   mrcllznn, 0.008413
391661534,   AGiam, 0.008386
424336334,   IlmioManifesto, 0.008385
398611235,   chiara_201181, 0.008380
2333203880,   IoVotoNo78, 0.008372
2817304093,   sputnik_italia, 0.008365
1230551046,   pasquino2000, 0.008356
90641656,   regionepiemonte, 0.008354
1015440260,   carutig, 0.008354
1895164603,   NotiziedalM5S, 0.008353
468352501,   elenavilla3, 0.008353
1299394213,   M5S_No_Grazie, 0.008353
68421930,   corriereveneto, 0.008352
403764932,   GustavoPiga, 0.008351
515698229,   LaLaura68, 0.008350
4743531021,   trxtrx1, 0.008347
188270789,   FabrizioDalCol, 0.008347
1179157244,   PietroLazzara, 0.008343
73598124,   flinx15, 0.008334
3064824634,   Nocentrisociali, 0.008316
417827591,   ZeroViolenza, 0.008314
1098262302,   BlobRai3, 0.008298
519529163,   _MagliaNera_, 0.008292
397199507,   movittone, 0.008289
145802194,   mrcrto, 0.008287
67710936,   alessandrorenzi, 0.008285
2244460336,   amorucci2911, 0.008284
18577800,   _Naglfar_, 0.008284
2859316269,   31239a839db94c9, 0.008274
209012915,   ProgettoRENA, 0.008272
1125112531,   mikytavolo13, 0.008271
376610294,   IsabellaRauti, 0.008254
241608899,   chiaberger, 0.008241
77530521,   virgiliofalco, 0.008211
469267629,   AntonellaColoru, 0.008210
191737043,   geoguida, 0.008210
1159982192,   FabioMartina72, 0.008206
40302122,   titofaraci, 0.008175
1608414217,   ManifPourTousIt, 0.008174
455266241,   Corrado_info, 0.008173
461088423,   FabriBracco64, 0.008169
1640886434,   RobinG00d, 0.008162
1212147877,   paceinterra_it, 0.008161
2823596068,   RussanoLuca, 0.008156
325564671,   gvecchi, 0.008155
1709866242,   RETWITTATORc, 0.008152
120620483,   maxvurro, 0.008150
22605126,   fabiofr, 0.008148
473153266,   ElisaIsoardi, 0.008140
14110067,   rampi, 0.008140
483005204,   mare_62, 0.008137
3008526447,   2015blackdog, 0.008126
390004968,   rifarelitalia, 0.008120
281104969,   laurabagnoli, 0.008117
569492527,   alessiotacconi, 0.008109
545136488,   FraMirabelli, 0.008107
985080900,   usaipiero, 0.008097
597926584,   ChicoForti_Free, 0.008093
1116674660,   AS3691, 0.008090
306058431,   marioddo, 0.008088
113962014,   PietroBussolati, 0.008080
282643059,   jacopogiliberto, 0.008077
531137551,   Artventuno, 0.008077
1400701532,   VittorioBanti, 0.008070
110654085,   luigibagnato, 0.008067
1314367554,   salvamenick, 0.008063
836271002,   marino29b, 0.008063
70954365,   CantineGarruto, 0.008055
2900897831,   sevise2, 0.008055
263858624,   artribune, 0.008054
1183534806,   Nath67Lic, 0.008053
2808860913,   LuisaModel, 0.008053
538341709,   mirinisupermiri, 0.008052
1126084872,   SaiCheARoma, 0.008035
49069028,   lugora, 0.008030
2753154182,   cris_cersei, 0.008028
127606280,   lauralaposta, 0.008019
385512892,   enzo958, 0.008008
4919661688,   sabrinaooooooo, 0.008000
426094795,   regis_andrea, 0.007999
301049143,   ValenCaffieri, 0.007998
191524366,   skillyjazz, 0.007995
124528185,   radiondadurto, 0.007994
321313255,   LCiocchetti, 0.007983
418709964,   pierluigidiaco, 0.007981
3309238635,   MentinaEnrico, 0.007974
86719842,   toiapatrizia, 0.007969
2218697421,   GaiaGaudenzi, 0.007964
3946391800,   UnipolGroup_PR, 0.007953
346421096,   RosaPolacco, 0.007953
1139422028,   100xcentoBio, 0.007945
87962275,   Simonedantonio, 0.007933
407299582,   federicosarica, 0.007932
589286587,   JohnHard3, 0.007931
3426670696,   enkai_pan, 0.007928
390139303,   ArciNazionale, 0.007926
1101963793,   uolller, 0.007925
24149582,   SimoneMoriM, 0.007923
272940016,   D_Etrusca, 0.007921
169248718,   la_dante, 0.007910
2425643790,   ISPRAVIDEO, 0.007900
163879703,   Piemonte5stelle, 0.007899
521337019,   RRivellini, 0.007898
965866273,   AspideNero, 0.007898
1583259805,   maccarimiranda, 0.007890
1098999823,   FabriziaGiulian, 0.007885
845781758,   raffo1900, 0.007880
481457729,   AntoDiMario, 0.007870
2319542538,   SenVincenzo, 0.007866
3115905790,   Darktiv, 0.007864
66193381,   BorisSollazzo, 0.007857
1734567211,   mattino5, 0.007855
17342019,   cristianaraffa, 0.007848
831981618,   62rosse, 0.007847
224310474,   ciafella, 0.007846
2414609995,   torillo59, 0.007838
2975094340,   ADTacitus, 0.007837
388346603,   gditom, 0.007835
247505099,   paolavalenti29, 0.007835
870647947,   ANTIPOLLITICA, 0.007835
122016493,   senzasinistra, 0.007828
2517301839,   AlessandroGasb1, 0.007816
1428112362,   3MunicipioRm, 0.007813
71529985,   luisorel, 0.007811
514478368,   LuigiBobba, 0.007808
104135821,   adling64, 0.007805
72869556,   unioncamere, 0.007802
970562868,   annaflalb, 0.007796
384437761,   PdToscana, 0.007796
561375612,   EnzoGioven, 0.007791
426548970,   ECostagli, 0.007785
173925687,   Abocconetti, 0.007782
562823508,   denvergo7, 0.007780
175044831,   analphabeta, 0.007774
3164390831,   frido1962, 0.007773
1034710201,   LaFemministica, 0.007766
70380540,   marcogy, 0.007748
52671886,   ass_coscioni, 0.007741
1130709956,   asstartaglione, 0.007741
961773410,   MarcoPizzi14, 0.007737
2257121711,   LuciaTassan, 0.007733
20373953,   IleP, 0.007728
1475611711,   eurodisgusto, 0.007725
1070732071,   camillafabbripd, 0.007724
489421781,   DavideSilvestr6, 0.007724
821719770,   bruno_degus, 0.007720
436870309,   REN1pz, 0.007712
443167956,   CleliaMussari, 0.007708
2512612640,   rubino7004, 0.007704
414811187,   enzo_salvi, 0.007702
1028678899,   simoni_elisa, 0.007700
491327107,   BentivogliMarco, 0.007698
247722432,   Laura__Vittoria, 0.007685
576773535,   paoloxbaroni, 0.007665
356497258,   dominicipi, 0.007664
534655010,   TizianaGl60, 0.007660
1147664360,   Pier68Paolo, 0.007657
514714806,   RobertoTatankaa, 0.007653
2460919525,   visit_lazio, 0.007651
1418786191,   LilianaAmerise, 0.007641
1408457424,   MarinoArch, 0.007636
2481748609,   keeplacalma, 0.007625
328473338,   ladyrosmarino, 0.007624
481567489,   SaraMarcozzi, 0.007621
401650330,   PeppeMorano, 0.007621
590833841,   massimogiorgi5, 0.007620
2302888393,   e_cozzolino, 0.007619
2154746892,   ster67e, 0.007619
433409100,   lumorisi, 0.007616
420635476,   FrancoCappellet, 0.007610
2665893564,   licherigius, 0.007609
453851050,   gufolibero, 0.007608
797679000,   ilNonnoSimpson, 0.007607
415608754,   GiuliaTempesta, 0.007604
1386632492,   miaudit, 0.007597
270623814,   Surfiniae, 0.007597
1557514573,   elio_vito, 0.007591
397245294,   gianlucarizzo46, 0.007590
2689665578,   1282Ugo, 0.007590
61081513,   alexdelprete, 0.007579
1063725991,   fabio_moret, 0.007575
786432845111635968,   2016Laurabanca, 0.007563
348979316,   FraDiGiuseppe, 0.007560
10280002,   claudioc, 0.007557
533473166,   luigideluca_vf, 0.007554
106699882,   AffInt, 0.007552
151420411,   supersocrates, 0.007551
234134162,   GiadaFazzalari, 0.007549
1030715161,   chiaragribaudo, 0.007540
13056322,   coppolapaolo, 0.007540
79019842,   maxdantoni, 0.007539
44370691,   DiegoDeLorenzis, 0.007530
55793308,   Scacciavillani, 0.007524
124020256,   MauroCasciari, 0.007520
1578337921,   Silvia_amed, 0.007515
1849672393,   nellylamorte, 0.007507
388718346,   maxsmeriglio, 0.007504
526293847,   armafan, 0.007502
1327701390,   DiparteGUELFA, 0.007501
377660882,   Hellzapoppin80, 0.007500
490602212,   Maselli_Andrea, 0.007494
485546674,   Biagio960, 0.007489
2867906470,   antoninomagro76, 0.007484
460042639,   mvguasticchi, 0.007480
952494133,   GabriellaGullac, 0.007475
94567726,   unFabbioAcaso, 0.007474
3308288710,   ilconrad76, 0.007473
2714500212,   sarabattaglia_7, 0.007472
2845737279,   baloi361, 0.007472
3130737011,   rete4, 0.007470
1244644430,   ilpozzoparlante, 0.007460
295754318,   DarioStefano, 0.007459
497763567,   siciliantonio, 0.007455
370639956,   PillaPaladini, 0.007450
1025143716,   etventadv, 0.007444
2987686264,   marturano51sm, 0.007438
839698230,   FabioCapra3, 0.007433
1681073648,   gianpaolag18, 0.007421
1406189706,   TerribilisEst, 0.007404
1176935226,   ervenrossetti, 0.007396
1105814539,   andrea_pertici, 0.007393
2233502635,   ilmerdone, 0.007385
1037692622,   frafra61_rossi, 0.007385
589418956,   giuslit, 0.007383
1125077892,   teresadelgiudi, 0.007383
2222183850,   EsercitoCrucian, 0.007381
371781632,   RaffaelePizzati, 0.007356
255674310,   alisabn, 0.007351
514224011,   Davide_Dada, 0.007350
2328881514,   RaffaelloLupi, 0.007341
1709629910,   dajekevin, 0.007340
1289667200,   Miramaremara, 0.007340
1086700214,   AdalucDe, 0.007340
224594895,   panunziomichele, 0.007328
258062486,   Cremaschina, 0.007321
50328514,   Ruggero_Po, 0.007296
42478291,   luifam, 0.007295
21584701,   frapac71, 0.007290
426076826,   FI_Giovani, 0.007289
134206590,   arcanodavvero, 0.007285
4867831151,   Fabio10091946, 0.007282
2712498692,   Oliverio_MarioG, 0.007281
560907259,   enzablundo1, 0.007279
1063011624,   PatriziaFincato, 0.007271
1408543448,   SimoneCosimi, 0.007254
2984502441,   nedopaglianti, 0.007254
207211184,   ARIZONA49, 0.007251
427673107,   GraceDama, 0.007247
485174785,   Marcellomasitg2, 0.007245
1664604020,   Paolo885, 0.007233
405426716,   sarracinus, 0.007228
2714596672,   PaolaTacconi, 0.007228
387043149,   SilviaNicolucci, 0.007228
2300003405,   BriatOro, 0.007226
58016005,   martamacbeal, 0.007215
627128494,   francang1950, 0.007215
2331847077,   guffanti_marco, 0.007205
2318573988,   SpiruPancio, 0.007202
1509825860,   baffone5stelle, 0.007194
2192271144,   FI_Online_, 0.007182
1898454535,   Giocoleria1, 0.007179
2885630548,   GianpyZeno1, 0.007179
305269020,   tobiazevi, 0.007175
39021064,   lucadegennaro, 0.007164
2353634446,   hans_rott, 0.007160
230696135,   telemaco31, 0.007153
3167163237,   vigliottienzo1, 0.007150
1482927091,   carlo_taormina, 0.007149
1095383269,   ilaborletti, 0.007146
2162857184,   CantiniL, 0.007143
76904458,   Rivoltapopolare, 0.007141
100303468,   giorgiosantilli, 0.007141
549451829,   bompresso01, 0.007136
302708364,   meobirba, 0.007132
1412896242,   DaniloStancato, 0.007130
932393936,   openpolitica, 0.007130
425752285,   AngeloBonelli1, 0.007124
87964051,   danielapreziosi, 0.007123
38669647,   lbianchetti, 0.007120
1308988975,   ilFrancoTirator, 0.007117
1962856872,   le3scimmiette, 0.007114
2394684582,   metaanto, 0.007112
202113803,   PD_Lombardia, 0.007110
133447001,   mariomaffei73, 0.007102
598932565,   citiamo, 0.007100
51781061,   imfree81, 0.007096
2242729885,   percivalgull, 0.007085
406907214,   GLPini, 0.007078
1322584279,   a_g_giuli, 0.007070
195787575,   LAVonlus, 0.007059
94788246,   Alien1it, 0.007055
250649897,   paolapica, 0.007055
946701314,   M5SRoma1, 0.007051
1672302936,   antoninobill, 0.007037
432304612,   GToccafondi, 0.007030
1111162884,   MichelaRostan, 0.007021
470289460,   PremiumSportHD, 0.007018
318538251,   robertacarlini, 0.007015
84603034,   24donne, 0.007009
449850313,   PolAlberto, 0.007007
17704829,   danielaranieri, 0.006988
437775911,   a2hadar, 0.006988
329166379,   GermanoDottori, 0.006986
16629945,   Claudiogiua, 0.006977
425866423,   BarbaraCerutti, 0.006971
1898384390,   antonypett, 0.006961
3510108957,   PietroF70, 0.006960
55549791,   JMonicaHD, 0.006950
403430248,   DDeliolanes, 0.006949
4910181370,   francesca707070, 0.006949
634434387,   borlacch, 0.006940
56819005,   distefanonova, 0.006936
83367663,   Giu_Di_Piazza, 0.006925
1573555616,   disfareilpd, 0.006923
304598010,   marielSiviglia, 0.006922
2980425346,   DeligiaR, 0.006920
97654241,   ibadiagne1, 0.006912
3025368046,   ClaraMutsc, 0.006909
383739575,   FiloPucci, 0.006908
75994558,   marcocampione, 0.006906
1025169505,   fondieuropei20, 0.006899
1712830392,   eryka_bo, 0.006896
228092863,   iparchia, 0.006895
50662478,   IlMontanari, 0.006882
3312179327,   AragoneMarianna, 0.006882
747245468,   tizianacampodon, 0.006880
200661860,   RubinoMauro, 0.006873
406885867,   StefanoFirpo, 0.006872
458670095,   lucilla171, 0.006869
262823808,   lucafrusone, 0.006868
852980726,   Luka__76, 0.006863
1114098782,   paolocristallo, 0.006854
918863641,   IlCommentatore_, 0.006852
780621571,   seipolpette, 0.006838
2557627068,   MezzadridItalia, 0.006827
515635680,   Zooppyx, 0.006823
45400255,   vincen11, 0.006822
535318339,   EnrichettaNegri, 0.006817
484771907,   lucianocapone, 0.006814
3244161467,   DaridaGabriele, 0.006814
2884126876,   EFFEBUTTINA, 0.006814
319578825,   baronegiuseppe, 0.006807
203422688,   pavassal, 0.006804
1288209314,   M5SpiuL, 0.006801
1134403255,   EBadella, 0.006795
197381599,   Marzia_M, 0.006794
3053055853,   LambiaseTiziana, 0.006793
277419134,   Davide_Severino, 0.006788
380405533,   Mariettatidei, 0.006782
1278624774,   68kikka, 0.006779
1556491195,   pa_tere, 0.006778
1857295158,   GattoBrina, 0.006776
220308940,   pdcampania, 0.006770
504658270,   margheritamart4, 0.006768
1056094116,   RoccoTodero, 0.006764
448039159,   IleanaArgentin, 0.006758
545448505,   A_LisaCorrado, 0.006758
703386818,   AndreaCerase, 0.006755
2858759915,   massimo_limonta, 0.006752
2203429105,   SardusAutocton, 0.006736
2332651824,   PresMoratti, 0.006733
281613626,   DonneViola, 0.006731
51522357,   RaffyB_68, 0.006729
390622095,   EspositoFilippo, 0.006729
492928982,   mariraf, 0.006727
732136568421556224,   Confindustria, 0.006725
434279064,   ELiberati, 0.006719
2675356905,   paoletta2869, 0.006708
117363440,   ricci_davide77, 0.006703
232559332,   GASirianni, 0.006699
455110305,   Digiovanpaolo, 0.006696
1274855814,   braveheartmmt, 0.006695
1467415374,   valiante_s, 0.006695
191814638,   FabioSavelli, 0.006694
1114681735,   Emagorno, 0.006691
496226859,   attualitaultime, 0.006690
472118555,   FilippinRosanna, 0.006687
4818092890,   noisiamoilpd, 0.006687
516664834,   nicoceccarini, 0.006685
2153812941,   QuintoValter, 0.006683
3032272127,   GiannarelliM5S, 0.006679
428931337,   fdicos10, 0.006674
22129679,   emanuelecarioti, 0.006656
272402900,   ItSinistra, 0.006653
489722273,   s_dellavedova, 0.006652
486456375,   marcovarini, 0.006646
14386362,   maurosandrini, 0.006645
1055367092,   dopiot, 0.006645
277409485,   MaxCallegari, 0.006638
391338911,   CimbroEleonora, 0.006637
2878223753,   lisi_24m, 0.006628
403334506,   MassimoLazzari_, 0.006626
596846893,   Wildchild_d1, 0.006620
379030092,   CCKKI, 0.006609
22044386,   biagiomarzo, 0.006606
369177021,   CarielFr, 0.006602
95913190,   mattinodipadova, 0.006601
99925189,   pasqualevidetta, 0.006597
2432410861,   PD_community, 0.006585
28724819,   Reset_Italia, 0.006583
42662635,   LucioLuci, 0.006571
13307732,   FeniceArde, 0.006570
2479620311,   danieledvpd, 0.006563
96987099,   il_piccolo, 0.006563
493833883,   MarilenaAll, 0.006559
58020070,   emmedibi, 0.006558
476171757,   laura_palomba, 0.006552
2354732305,   GagliardoneS, 0.006550
1143153842,   XerLItalia, 0.006550
2744419310,   neXtquotidiano, 0.006548
477633440,   enzapet, 0.006548
47377992,   stellabianchi, 0.006548
318519850,   ARoldering, 0.006547
424084271,   SONIAGROTTO, 0.006543
2919591365,   cimedira, 0.006541
2523568577,   Beppe_murg, 0.006541
864323299,   SefanoMalaguti, 0.006536
1484550222,   MagdaZanonii, 0.006535
494909390,   cristinascappa, 0.006524
631795216,   ansa_ambiente, 0.006518
1157043744,   gsaggese84, 0.006510
256633869,   riccardo_vetere, 0.006504
899978641,   mipiaceBarca, 0.006502
3350883077,   mariamedici10, 0.006493
386732636,   masonotarianni, 0.006489
131486969,   isabbah, 0.006479
483384295,   LuigiDeTroia, 0.006472
14235101,   Blutarsky72, 0.006469
1336254342,   SilviaCostaEU, 0.006469
501750077,   Don_Lazzara, 0.006463
379262450,   foresta233, 0.006458
378212883,   alebratti, 0.006454
1923459475,   LKcultura, 0.006451
590188450,   s_fusco, 0.006448
846045162,   TerryEmpyre, 0.006443
545384133,   dariolucantoni, 0.006443
474023066,   nunziarusso4, 0.006441
89518361,   global_project, 0.006433
143536359,   m_giuffrida, 0.006433
488706755,   LaraRicciatti, 0.006431
45199793,   marcosimoni_, 0.006426
2900789860,   Noiconsalvini, 0.006425
1401911906,   marco_moggio, 0.006424
270465914,   xavierjacobelli, 0.006423
14788200,   demartin, 0.006423
300226654,   sarah_shb, 0.006421
3091392485,   LuigiBrugnaro, 0.006414
696595370395172864,   PoliticaPerJedi, 0.006401
74759588,   RCapaccioli, 0.006394
120380619,   AleGuerani, 0.006393
483016672,   stefanenkon, 0.006391
408068270,   kkvignarca, 0.006389
85060556,   biancacle, 0.006389
1280566146,   mani72012, 0.006377
2741727190,   Vituzzo_Zuccone, 0.006374
420335251,   LuisaBlive, 0.006373
476053480,   vaniacavi, 0.006370
1168596805,   alextredici, 0.006367
416825993,   Trelune, 0.006366
389473754,   Gauro5, 0.006365
1059877728,   gyomax8, 0.006363
556650372,   RParavati, 0.006360
142731535,   alba90yt, 0.006360
233489435,   CogoniDaniele, 0.006359
418689046,   vmvinicio, 0.006352
347907371,   elibal11, 0.006348
452343838,   lucianoghelfi, 0.006347
398032197,   AnnaMariaCastel, 0.006347
290093767,   N36volpe1973, 0.006327
471937914,   pupoghinazzi, 0.006322
725664950,   LaTorreNormanna, 0.006318
1062799087,   ErasmoPartenope, 0.006317
16905927,   mercedesbresso, 0.006303
2339316667,   gr_grim, 0.006292
1198954656,   FraZaffarano, 0.006291
31922220,   giornaleprociv, 0.006291
435880626,   SatirSfaction, 0.006290
244087105,   Codacons, 0.006289
474175425,   EnricoBorghi1, 0.006288
13728662,   marcomariaricci, 0.006283
1356893726,   rtpertutti, 0.006283
13573252,   flavio78, 0.006282
319271486,   AlessioPecoraro, 0.006280
2816450251,   Businewss_Bot, 0.006276
15387167,   elihh3, 0.006268
860205385,   MARIELLA7172, 0.006262
1542926724,   nicolettagrima2, 0.006254
6820052,   Dania, 0.006250
2961865803,   mario_ciliberti, 0.006249
244654932,   gasterya, 0.006249
605650478,   fabio_990, 0.006248
2356251718,   LaraAmmendola, 0.006248
829032654,   DantiNicola, 0.006248
3052918302,   italiano201415, 0.006241
395759988,   gabry_v, 0.006239
513144334,   renatosouvarine, 0.006236
167933227,   Monialustri, 0.006236
1513014650,   fpugliese_conad, 0.006233
1454233897,   LucillaMiss, 0.006229
1027581487,   MagdaCulotta, 0.006225
96366187,   monicafrassoni, 0.006222
50579673,   ermejo5, 0.006221
1317015313,   tancrediturco, 0.006214
2825355747,   Ottaviasoncini, 0.006208
599247299,   nannaenik, 0.006206
2278958635,   57_mimmo, 0.006205
76893624,   renatosartini, 0.006203
343239720,   catarvoyageur, 0.006202
66161873,   Toscana5Stelle, 0.006198
431089246,   santilligia, 0.006197
429391019,   GeopoliticalCen, 0.006192
417904492,   BorioniStef, 0.006187
1265196404,   Brancaleone72, 0.006187
802515553,   UMarroni, 0.006186
1342578204,   Nico_2910, 0.006181
734074574275514368,   RedditCittadini, 0.006176
419181815,   enzocarnazza, 0.006172
91106588,   Infoaut, 0.006168
871504855,   M5SROMAVI, 0.006165
1449796104,   igiabas, 0.006163
477757835,   coledoni, 0.006157
679763,   gluca, 0.006156
1510780328,   IsabellaDeMonte, 0.006152
985118000,   arlello, 0.006151
2921948057,   zazagab2, 0.006141
2263675613,   FrancescaPontan, 0.006140
392656492,   rep_bari, 0.006139
38196064,   casarubner, 0.006139
702242905692438528,   Rifondazioneciv, 0.006133
11258252,   ldibartolomei, 0.006128
507474473,   dorina_bianchi, 0.006127
264774390,   NatangeloM, 0.006123
8882322,   periucs, 0.006121
1539421987,   estrojos, 0.006120
336770410,   MrEfis79, 0.006113
139188966,   Valnao, 0.006106
2603234317,   libertaediritti, 0.006105
3018290121,   versoilfuturo2, 0.006105
4372999402,   Sempre5S, 0.006103
84046970,   RadicalParty, 0.006103
2494181366,   Giginet8472, 0.006088
858003427,   enzoben43, 0.006088
3024921597,   SimoneCaricato, 0.006078
625000187,   schnitzlerrr, 0.006075
1008382820,   16blu, 0.006074
553646924,   MelaniaRizzoli, 0.006073
3019629387,   BarrioLatino67, 0.006063
252979181,   fcancellato, 0.006057
394059966,   poltronaggio, 0.006054
771613884,   lorenzodalai, 0.006048
52668867,   RenzoRosso, 0.006041
3371020601,   BaobabExp, 0.006041
303278808,   FabrizioSantori, 0.006040
899443068,   emilnaca, 0.006039
407891527,   checco710, 0.006039
372777532,   giorgiozanchini, 0.006036
802320974,   pisani_anna, 0.006032
407062660,   paolacaloo, 0.006030
466420763,   MalcaPortini, 0.006026
106204756,   alfredoferrante, 0.006024
314537220,   PersilQ, 0.006023
16953120,   barbarasgarzi, 0.006023
404088514,   DimitriDeVita, 0.006021
1857148146,   rodolfo80838139, 0.006019
222118492,   diaugustopa, 0.006018
433694235,   Lory_Bianco, 0.006018
434752212,   Vandauga, 0.006017
391379955,   scingolo, 0.006015
2746586057,   AMedaglini, 0.006011
194619416,   PartSocialista, 0.006008
392987772,   summa57, 0.006008
808878834,   EPalazzotto, 0.006007
30504173,   michimas, 0.005995
2319748337,   ForzaSilvioTW, 0.005995
110669722,   RadioArticolo1, 0.005992
14070425,   PDBologna, 0.005991
498846820,   CarloSantaroni, 0.005989
24184892,   direzioneprc, 0.005984
1447157665,   tonellilisa, 0.005977
113361100,   BancoAlimentare, 0.005975
2731197053,   chrcapuano, 0.005974
1069206085,   PaoloBaldo3, 0.005974
947879034,   Cosi49Cosimo, 0.005974
133692338,   tatjana31, 0.005970
340803178,   fulviogiuliani, 0.005967
14210150,   saponaro, 0.005964
3360851079,   donaturtle1, 0.005962
212724190,   VaeVictis, 0.005960
22003434,   thiswas_, 0.005960
1332750025,   beretta_g, 0.005959
514440497,   bull43may, 0.005958
1231603440,   lupecchioli, 0.005950
241289430,   MoniShantiRani, 0.005942
85136516,   sergimagugliani, 0.005938
859927674,   mariellarosati, 0.005936
1117446373,   pamela_orr, 0.005935
464516274,   frank9you, 0.005932
271890712,   FilcaCisl, 0.005932
1333341758,   TittiGiorgi, 0.005931
343428085,   Rita_Pavone_, 0.005929
1334546508,   Ste_Mazzu, 0.005923
1009225098,   antonellazacca4, 0.005918
3256271740,   AdrianoGanadu, 0.005916
858249276,   lilly0971, 0.005915
266700017,   SaP011, 0.005913
630918299,   cristinafavati, 0.005908
533959367,   bcarosini1, 0.005907
110383397,   VoxEuropIT, 0.005906
378706057,   Adrian_in_it, 0.005906
293373251,   PaolaGigante62, 0.005899
22958706,   uomopanda, 0.005890
1586042605,   DanielaDaffin, 0.005884
339073452,   Confcommercio, 0.005882
416370078,   enribarbieri, 0.005880
210822189,   999nuvola, 0.005877
500748464,   silviaballestra, 0.005877
4039483637,   LuisellaLeone_, 0.005867
1081169252,   grazia_natola, 0.005866
403051679,   ChiaraColosimo, 0.005865
345918295,   ilpoetaestinto, 0.005861
852301178,   caragli1, 0.005861
1146147427,   sil_viar0, 0.005859
957926748,   PCazzani, 0.005857
4782660614,   trattomale, 0.005854
337155946,   IlMattinoFoggia, 0.005848
321939235,   LauraGaravini, 0.005847
65335565,   Possidonio_GG, 0.005847
470889853,   nnsocmmichiamo, 0.005845
949372327,   ivancatalanodep, 0.005840
392626820,   GianpieroScanu, 0.005837
95111515,   dmerovingio, 0.005836
407685967,   Grand_Battery, 0.005829
1454075227,   cotti5stelle, 0.005829
22127498,   Donzelli, 0.005827
16109886,   intoscana, 0.005812
63060955,   RiprendRoma, 0.005811
513352329,   fabridef, 0.005810
946745624,   MarioMauro, 0.005809
209300173,   QdSinistra, 0.005808
970440781,   LemGiuseppe, 0.005806
892990969,   DNAZZARENO, 0.005806
1657888950,   SabriCapozzolo, 0.005806
2735109711,   SalaminaSilvia, 0.005804
42113491,   paolo_cova, 0.005798
3063738106,   menelaolemanine, 0.005792
575284033,   grotondo1, 0.005786
411668419,   Massimoin140, 0.005786
454048091,   simpaol, 0.005785
1097739445,   bollettinoADAPT, 0.005784
54496528,   vittoriozincone, 0.005781
420419717,   MarcoPic12, 0.005778
396103010,   folucar, 0.005778
455937572,   AMorzenti, 0.005770
280242927,   crislomb, 0.005770
600150904,   elebrug, 0.005769
17648551,   commazero, 0.005766
86209782,   DanielaPF75, 0.005766
396459358,   City_life69, 0.005765
405917731,   ClaudioPasqua, 0.005764
439397412,   KKFabioKK, 0.005763
564388390,   DipendenteRai, 0.005758
52824910,   gravitazeroeu, 0.005756
255199851,   amicoFaralla, 0.005755
437790954,   CollinaStefano, 0.005742
402819013,   guevaraetotti, 0.005741
1053096115,   angeladileo2013, 0.005735
84130259,   zanzy82, 0.005730
2290924705,   roberto_marcato, 0.005730
414926221,   PAsproni, 0.005730
2327584543,   manolouser, 0.005725
9046922,   alebegoli, 0.005721
752810412349988864,   DestraMia, 0.005719
2507487144,   rossettifp, 0.005717
811076442,   mzatini, 0.005711
543157991,   chellacantra, 0.005704
1247288606,   AnnaGiacobbe3, 0.005703
717532001,   FrancoCallegar1, 0.005702
2318726325,   GiuseppeSarao, 0.005702
447896469,   Luca_Mussati, 0.005699
915969295,   SensoDiNausea, 0.005695
2217674274,   cstambul, 0.005694
2906264861,   celeste_bazzoli, 0.005687
1104275185,   NicolettaFavero, 0.005686
2228125304,   valerialm26, 0.005681
608359188,   FPanecaldo, 0.005678
592489826,   katnip74, 0.005675
9224352,   vannisantoni, 0.005672
2445645806,   SabrinaPileri67, 0.005668
153342663,   emato64, 0.005665
560509154,   franciungaro, 0.005656
585439502,   enricocolosimo, 0.005655
1635753799,   GVNVNCR, 0.005654
356979186,   morenaragone, 0.005653
3368018859,   Bobbio65M, 0.005642
470069972,   cicciuz09, 0.005641
461019019,   giusyoni, 0.005640
2772829228,   matteoc1951, 0.005635
16824428,   commercialista, 0.005632
595267886,   AnpiBrescia, 0.005632
2948429116,   elisabettadovi2, 0.005631
87051231,   oggionni, 0.005629
55246808,   asagge, 0.005626
212995283,   pbenedettamanca, 0.005626
38664454,   s_corradino, 0.005623
2318406154,   carisvanghetti, 0.005621
591144361,   Cortez1958, 0.005619
324818479,   GDS_it, 0.005615
283636579,   MichelePlatoni, 0.005608
121451902,   Cittadinanzatti, 0.005606
1386423176,   AndreaVallascas, 0.005602
385890505,   GioGalgano, 0.005599
2201613873,   GPerioli, 0.005598
1190659814,   fabryegio, 0.005593
299780153,   Godsent072011, 0.005589
1146441836,   intraprenSocial, 0.005584
1077269276,   CurrentiCalamo_, 0.005581
1465205899,   villacalendasco, 0.005571
409266763,   caterinasoffici, 0.005569
1333864027,   Cittadinireatti, 0.005568
346161795,   Giove09, 0.005566
1076086058,   NomosCSP, 0.005562
264047932,   Luca_Preziosi, 0.005557
44098068,   Joe911S, 0.005556
40985455,   lascherillo, 0.005554
275225571,   Simo_Storti, 0.005548
420538698,   StefaniaT1, 0.005544
61624078,   robertorace, 0.005540
2399995393,   VallEtrusca, 0.005540
589253599,   RadiantCatalyst, 0.005532
2221083463,   GioDL1, 0.005531
485685744,   elvirasavino, 0.005530
2342104352,   banjopeloso, 0.005529
1101476665,   ElyseeMarine, 0.005525
276698656,   catlatorre, 0.005524
407789173,   paolobruschi, 0.005523
464881732,   mgcorrias, 0.005519
722463098,   Fedcittsovr, 0.005516
2351775654,   AGCarta, 0.005509
1134804595,   Molo31Monica, 0.005509
527413030,   LorenzoComar, 0.005509
15392102,   adrianoattus, 0.005506
1456631540,   PTambani, 0.005505
2515144546,   BMascalchi, 0.005504
562522191,   oss5s, 0.005502
970964743,   lor_bat, 0.005498
455999497,   Andgasperini, 0.005497
472928902,   M5SROMAX, 0.005495
313535823,   boostap, 0.005487
1140596424,   ALBERTINIGabry, 0.005484
484515352,   elena_gentile, 0.005483
76369192,   UAAR_it, 0.005476
1707121399,   Pat_Zago, 0.005475
7491772,   SimoneBressan, 0.005475
557229572,   francor71282755, 0.005474
443910842,   LucianoBonazzi, 0.005469
69598685,   michelemercuri, 0.005467
516918398,   ARosanio, 0.005465
13047402,   MusicTvOfficial, 0.005463
1849153957,   franca_canzani, 0.005462
169054597,   AgenziaGiovani, 0.005462
2544005815,   ZZiliani, 0.005459
2942381427,   zianonnaterri, 0.005453
593742754,   rolliwn, 0.005453
39975495,   popolinotwits, 0.005452
397338548,   Ricore564, 0.005449
4794810907,   politicainmente, 0.005449
334658624,   crpiemonte, 0.005449
24150879,   SimoneAlliva, 0.005448
3309783615,   simo_kitty, 0.005447
100226575,   blablacarIT, 0.005435
7414282,   mlupoi, 0.005431
1282855974,   Fabrizio_Contu, 0.005431
453168575,   vincenzofolino, 0.005430
620351637,   marcimarti17, 0.005426
989192558,   AntonelloAng, 0.005414
402352368,   BartLeo, 0.005414
317975293,   Massimo_Masini, 0.005411
2843769504,   albegiorvalanga, 0.005410
424355891,   Fiorellissimo, 0.005409
435152397,   gioianniello, 0.005407
2517892513,   UgoGrassi1, 0.005402
761787475,   gustinicchi, 0.005399
1444286834,   vasco97273, 0.005397
395385134,   RaffaCaterino91, 0.005396
397853516,   ferroice40, 0.005394
1471608194,   erpedrini, 0.005392
421914873,   Avantionline, 0.005390
598374852,   CristianoManfre, 0.005386
714002059,   cimbolano, 0.005383
800198053,   giuspaterniti, 0.005379
437480927,   GiuDayLorDie, 0.005377
390835478,   rebeccamanzoni1, 0.005375
472905491,   gabelmanu, 0.005370
22130220,   NicoloMardegan, 0.005367
311085868,   OvveroMe, 0.005361
548616993,   Lcungi, 0.005361
919502593,   Catebarbieri, 0.005361
298038274,   Ecodallecitta, 0.005360
408445567,   Indios007, 0.005358
414978233,   amariMarisa, 0.005357
172170794,   HopeDieBefore, 0.005357
503303414,   MIMIGIO, 0.005346
460533065,   pierolacorazza, 0.005343
157529661,   giuliagambino, 0.005342
69834006,   albertomelloni, 0.005341
7773732,   gba_mm, 0.005341
4818228771,   ErnePusceddu, 0.005339
473842449,   alfredobazoli, 0.005338
580422411,   bCreativo_, 0.005334
79511997,   Nanoalto, 0.005331
2608779441,   BGrisafi, 0.005326
448364257,   SimonaBordonali, 0.005313
551303014,   VerdBiancRoss, 0.005311
147991962,   antoguerrera, 0.005305
845313296,   giek2, 0.005299
418837513,   Valeriavale51, 0.005297
385864055,   iwishtoberain, 0.005296
396756630,   gstelluti, 0.005294
422512736,   vfishkia, 0.005291
615943451,   ADebiasi1, 0.005289
304034393,   edizionimulino, 0.005281
399467811,   mary1966n, 0.005276
1075073228,   IngegnerSEO, 0.005275
506387757,   squopellediluna, 0.005275
521831835,   IvanGrozny3, 0.005274
336996257,   RosannaMarani, 0.005268
2543774477,   Mauro7551, 0.005267
434387464,   emiliofederico1, 0.005265
1154119261,   barabeke, 0.005263
550416702,   radio_zek, 0.005262
61905153,   marcodonats, 0.005260
185760677,   m4arc0, 0.005260
372937945,   leonemaschio, 0.005260
313517712,   Sara_6277, 0.005259
481359440,   RomanOsservator, 0.005258
1120118342,   Lamp__1, 0.005258
534669109,   CBisogniero, 0.005253
564360716,   Fabme0801, 0.005248
318713537,   laura_ceruti, 0.005245
421986520,   DavAstolfiGreen, 0.005242
51733848,   Davide33, 0.005242
