403444000,   danielecina, 0.038820
422131372,   FranceCasini, 0.038201
754957121201004544,   siperilsud1, 0.036710
2149778921,   It_politicaNews, 0.036398
492325083,   AnnaAscani, 0.036223
57060570,   PuglisiPD, 0.035824
1116674660,   AS3691, 0.035732
941567396,   AntonellaGramig, 0.035718
104960470,   nomfup, 0.035637
557229572,   francor71282755, 0.034767
4405998622,   paolocaccamo68, 0.034652
154082631,   gennaromigliore, 0.034570
381369966,   SteAlbamonte, 0.034501
2876784275,   MaurizioNastasi, 0.033745
455562995,   raffaellapaita, 0.033705
235323455,   fnicodemo, 0.033348
26760769,   chiara_meazza, 0.033290
2278958635,   57_mimmo, 0.032939
1006510022,   RobertoMinerdo, 0.032768
466920481,   GiorgiaGasbarri, 0.032754
776897408143912960,   LiberiSI_Italia, 0.032532
915191390,   paolo_solia, 0.032480
258861907,   Ettore_Rosato, 0.032107
210573372,   davidallegranti, 0.032086
429312499,   AlessiaMorani, 0.032083
991798530,   Raffywinx, 0.031983
1225991917,   paslifummo, 0.031953
939421976,   PaoloScilinguo, 0.031847
1434038420,   SerglocSergio, 0.031844
342296335,   tildeblonde, 0.031816
986714714,   DossiCarla, 0.031797
3350883077,   mariamedici10, 0.031669
434279064,   ELiberati, 0.031627
82673876,   ettoremaria, 0.031582
151029385,   PietroSalvatori, 0.030980
720856202,   scaranovinc, 0.030581
313323905,   EnricoColtri1, 0.030438
400899688,   EnzoTiberi, 0.030291
442675224,   danieletonini1, 0.030182
2872452713,   italia_riparte, 0.029947
1023906182,   gioicaro, 0.029740
376302409,   marcoluci1, 0.029733
116468336,   giubberosse, 0.029664
1291656504,   megasabgio, 0.029620
4081782863,   mohicani, 0.029590
14158218,   albertourgu, 0.029371
426464556,   CarmineFotia, 0.029068
4578456569,   DaniloMariano90, 0.029050
20432064,   ederoclite, 0.029025
262698479,   mtarozzi78, 0.029010
402997564,   erealacci, 0.028889
713852625867960320,   ivanovillani1, 0.028886
4197625936,   giannielle1, 0.028751
3310852186,   fradg22, 0.028659
18616891,   LeonardDini, 0.028655
62022464,   massimomarini, 0.028578
3345672868,   martamaccag2, 0.028476
2951613610,   CoCoCoDM66_2001, 0.028445
61624078,   robertorace, 0.028366
2447002185,   FilSava, 0.028303
480645077,   valeriafedeli, 0.028278
891579169,   ClarkeRuggeri, 0.028122
365664894,   miticofabio98, 0.028014
521182595,   AlessandroMisha, 0.027919
108304886,   donatopiccinino, 0.027899
2447803388,   dalbertiv, 0.027894
594423854,   ValeriaTomei75, 0.027745
305648916,   GianlucaGarro, 0.027694
22130220,   NicoloMardegan, 0.027587
1130709956,   asstartaglione, 0.027451
409821771,   vitoballarino, 0.027434
1389629858,   EdoardoFanucci, 0.027418
22605126,   fabiofr, 0.027384
2263675613,   FrancescaPontan, 0.027373
74707629,   RadioRadicale, 0.027290
93591010,   simonegiglioli, 0.027287
534822090,   strata_gemma, 0.027281
517934877,   AurelioToro, 0.027242
397199507,   movittone, 0.027216
97241568,   nicoloscarano, 0.027103
811565292,   indipendentetw, 0.027072
105511487,   FLuccisano, 0.027046
423831266,   clemgin, 0.026980
306272532,   cristinasalmena, 0.026966
421433392,   AveBicci, 0.026934
1073288395,   AndreaLaudadio, 0.026873
6667662,   FedeCantore, 0.026855
469153,   webgol, 0.026818
121163427,   Luciaritrovato, 0.026813
183287158,   angelinascanu, 0.026784
413125526,   TschanzMF, 0.026758
4818092890,   noisiamoilpd, 0.026754
452970006,   CarloPorcaro, 0.026748
424474105,   ggiombolini, 0.026732
33982163,   TommasoC, 0.026716
288204711,   paolacsc, 0.026696
40006630,   smenichini, 0.026673
575284033,   grotondo1, 0.026600
77207264,   cristiana_viola, 0.026462
55238295,   annapaolaconcia, 0.026446
410584380,   StefCalab, 0.026432
216361540,   LiaQuartapelle, 0.026425
1586227562,   rugaskipper, 0.026425
75881487,   ericamoscatello, 0.026399
71204488,   Sara0684, 0.026398
424355891,   Fiorellissimo, 0.026394
1040184410,   SteGiannini, 0.026387
44487069,   chedisagio, 0.026373
1510136666,   LorenziTania, 0.026317
422586035,   FranceManto64, 0.026314
906331746,   ronaldinarina, 0.026300
773074386,   cinzia_ficco, 0.026264
1880399689,   Lux_Cipolletta, 0.026259
859927674,   mariellarosati, 0.026250
900247297,   vrwestperrenzi, 0.026217
1425113809,   ronflexPD, 0.026212
73065144,   matteoricci, 0.026129
42113491,   paolo_cova, 0.026076
4416648267,   leodelgiudice7, 0.026067
193810402,   TaniuzzaCalabra, 0.026009
4203607113,   FioriAndreetta, 0.025993
936441901,   Ritagliati_RCdC, 0.025989
426548970,   ECostagli, 0.025989
77889072,   ScipioMSC, 0.025947
1254324948,   maurypracucci, 0.025925
573872757,   samualebutti, 0.025922
2281281002,   domenicoformic3, 0.025917
508768772,   amperinelli, 0.025832
532545883,   Tetovaccari, 0.025827
344753854,   paolocalvano, 0.025768
332894847,   CarloStagnaro, 0.025753
42662635,   LucioLuci, 0.025747
515635680,   Zooppyx, 0.025736
4589805027,   thecroalx, 0.025640
102672182,   robertapinotti, 0.025579
438176540,   AodiFoad, 0.025573
416433824,   guidostaffieri, 0.025564
108869321,   PatryDon, 0.025529
1093092662,   FraBonomo, 0.025527
229753610,   OsDiste, 0.025508
234134162,   GiadaFazzalari, 0.025500
953887928,   caracutaf, 0.025485
112485367,   RominaMura, 0.025453
544352838,   MarioRigoni2, 0.025448
100185915,   Radio3tweet, 0.025443
35804051,   ernestocarbone, 0.025433
398291306,   albipietroboni, 0.025367
400359479,   agomariagreco, 0.025337
1053075751,   GAnziano, 0.025313
295592416,   LilGrasso, 0.025300
38032906,   DarioBallini, 0.025277
379446229,   elio_benvenuti, 0.025263
461962554,   watchandwrite, 0.025230
1456631540,   PTambani, 0.025230
293504218,   robertocuillo, 0.025225
488772562,   ParodiAl, 0.025221
31762979,   BlitzQuotidiano, 0.025191
268992090,   DCiulli, 0.025179
900598639,   MauroMilano95, 0.025177
406947369,   co_crescimbeni, 0.025164
771613884,   lorenzodalai, 0.025161
429054107,   matteodipaolo89, 0.025059
494217990,   Filippeschi, 0.025058
327471759,   FaustoDeMaria, 0.025042
1353781825,   Fabrizio_Totaro, 0.025023
338999228,   vale_ascione, 0.025016
299059994,   criceto50, 0.024987
383739575,   FiloPucci, 0.024974
486988544,   ottavio05, 0.024952
9476932,   InnovateEurope, 0.024872
10438412,   gfrisoli, 0.024862
1319275574,   siceid, 0.024848
221902171,   lauraboldrini, 0.024842
52731955,   la_pippi, 0.024815
1045369358,   davide_poletti, 0.024772
14110067,   rampi, 0.024767
123712076,   andrearossi76, 0.024762
264417751,   YoutuBari, 0.024747
403544693,   nzingaretti, 0.024721
1120077589,   GiampaoloGalli, 0.024689
398726169,   amendolaenzo, 0.024672
3600966322,   pdnovoli, 0.024618
506057249,   andreasindaco, 0.024601
4910181370,   francesca707070, 0.024590
1857295158,   GattoBrina, 0.024565
4000962629,   SamueleDegradi, 0.024546
429847277,   lageloni, 0.024500
469396491,   dario_borriello, 0.024488
522591515,   roderiu, 0.024474
1334227477,   francescorio91, 0.024431
63722830,   scaraurbino, 0.024416
991446290,   dariodf70, 0.024414
324568388,   Donatello19, 0.024398
38205384,   lucafalc1, 0.024379
346421096,   RosaPolacco, 0.024378
2410911599,   seggen56, 0.024365
995271438,   andbera, 0.024324
2398143679,   StefanoDeloren1, 0.024259
2481962054,   Euro_comunica, 0.024259
385923471,   bragachiara, 0.024223
217815159,   AleRicci90, 0.024203
52035837,   pino_catizone, 0.024190
55246808,   asagge, 0.024148
359933447,   w_rizzetto, 0.024142
100303468,   giorgiosantilli, 0.024133
29171103,   raimoal, 0.024111
2166133390,   Rita190De, 0.024096
472989062,   GiovanniPezzano, 0.024088
81116943,   CiroGravino, 0.024057
392987772,   summa57, 0.024049
252480412,   glmannheimer, 0.024044
2358348371,   marini_gian, 0.024032
14724500,   carloalberto, 0.023980
86351052,   fabrycambriani, 0.023971
318553195,   rosso_di_sera, 0.023929
2709720835,   IdoneiGdF2012, 0.023917
22003434,   thiswas_, 0.023867
225168723,   ricpuglisi, 0.023837
399624734,   cccricri, 0.023836
749248856,   martinorosario2, 0.023796
463696074,   MassoniSerafino, 0.023793
443563578,   AChiriatti, 0.023793
83236897,   Forever_Purple, 0.023730
74056173,   PaolettaSusino, 0.023700
558661103,   PPolicy_News, 0.023679
96355894,   massimotirabass, 0.023660
993717145,   BraveHeart1961, 0.023656
1168797480,   bertolire, 0.023586
446532729,   EdoardoBuffoni, 0.023566
1963072460,   labellifranco, 0.023524
2197727347,   edoardopastego, 0.023512
2180163853,   RedPostorino, 0.023503
319735845,   globalistIT, 0.023476
2194037379,   LuisaRagni, 0.023463
412566698,   Filippo_Casini, 0.023443
20300000,   serenabortone, 0.023437
15191260,   lorenzabo, 0.023374
143536359,   m_giuffrida, 0.023373
385408308,   tfabiani2, 0.023330
3053117626,   rossimo90, 0.023328
415608754,   GiuliaTempesta, 0.023312
704598502,   RobertoErrebi, 0.023290
3053010231,   e2d574ba3b9940f, 0.023276
970440781,   LemGiuseppe, 0.023267
428931337,   fdicos10, 0.023238
57282569,   AndreaMarcucci, 0.023202
1488372031,   MEF_GOV, 0.023193
27636956,   aldorosati, 0.023182
83180211,   mariocavallaro, 0.023171
1117446373,   pamela_orr, 0.023169
881565745,   primapag_tweet, 0.023164
522438312,   MarcoCampagna8, 0.023099
585397603,   stefanoba64, 0.023088
96319859,   correntere, 0.023085
1076086058,   NomosCSP, 0.023077
4582785148,   vona_st, 0.023057
184425554,   sysmedia68, 0.023049
608125539,   ADM_assdemxmi, 0.023042
106204756,   alfredoferrante, 0.023040
524597055,   hagakure_jfp, 0.023035
1028678899,   simoni_elisa, 0.023021
326144852,   maddai_, 0.022996
469760654,   wildmariop, 0.022971
373481031,   Gabburger, 0.022927
483143078,   pity581, 0.022910
377660882,   Hellzapoppin80, 0.022893
364452450,   Lorenza_Morello, 0.022876
30656303,   fragaz, 0.022854
482729413,   aorfei, 0.022853
441643347,   antoniobucellar, 0.022804
358629847,   s_baldolini, 0.022794
1127733265,   8giuseppe3, 0.022722
499813451,   GianluSaccomani, 0.022693
802515553,   UMarroni, 0.022671
68006505,   bisquittieri, 0.022653
2811134706,   GiPistelli, 0.022643
1063037172,   onir25, 0.022641
482197018,   LPezone, 0.022601
407000028,   angelovo1, 0.022579
29556279,   leograd, 0.022562
174295922,   Rosanna_Oliva, 0.022556
67314908,   bottiroli, 0.022552
510430173,   DomenicoMoselli, 0.022546
784398647471595520,   mariaederabosk, 0.022538
469408654,   ValentinaGrippo, 0.022535
402048742,   elisacalessi, 0.022533
39454080,   piercamillo, 0.022530
495955147,   GiudiciCristina, 0.022502
465471249,   AleMiglioz, 0.022497
429848799,   EliaTorrisi, 0.022484
1038231816,   EdiGirolami, 0.022480
330349571,   FabrizioDelpret, 0.022463
2483728100,   MAFlumero, 0.022462
586921074,   lauratrevisi, 0.022438
498846820,   CarloSantaroni, 0.022406
423631055,   Andrea_Alemanni, 0.022393
74759588,   RCapaccioli, 0.022381
1070732071,   camillafabbripd, 0.022369
39475962,   gps72, 0.022351
96355801,   marcobreso, 0.022340
458347992,   lubenasich, 0.022312
48971201,   marcoregni, 0.022311
2239285988,   ManfrediTW, 0.022310
412168233,   boccalon1, 0.022297
2906554709,   margherita951, 0.022284
1078134512,   agenziademanio, 0.022267
95503242,   fedescutari, 0.022262
519335913,   RobbieGalante, 0.022261
548616993,   Lcungi, 0.022254
1054906759,   santangeloitalo, 0.022245
1027581487,   MagdaCulotta, 0.022241
1285648478,   marcobonfico, 0.022238
481457729,   AntoDiMario, 0.022208
384986685,   monicaguerzoni, 0.022206
476661302,   paola_saluzzi, 0.022194
440724583,   MarinaSereni, 0.022171
288420797,   AurelioLongo, 0.022154
1366710674,   mbonati63, 0.022131
1484550222,   MagdaZanonii, 0.022106
2878690973,   paolocad01, 0.022078
180004814,   matiaspiazza, 0.022070
612630627,   mmontagner85, 0.022068
95498838,   elyfav, 0.022014
518549338,   olindodenapoli, 0.021985
371781632,   RaffaelePizzati, 0.021983
248176574,   askanews_ita, 0.021966
120734182,   turbocagio, 0.021955
384437761,   PdToscana, 0.021936
2435083828,   GiulioVerro, 0.021927
389670194,   paola_lucci, 0.021915
386574852,   stefanodirusso1, 0.021913
2238798353,   AlbertoGandoss1, 0.021910
1041804853,   LuciGuenz, 0.021909
153034254,   lucaspagni, 0.021886
1710375336,   matteo_delve83, 0.021884
471846501,   UnLuigi, 0.021838
12514212,   orfini, 0.021831
420557096,   LaGinger, 0.021811
413010349,   vladfrulletti, 0.021770
15197537,   giacomo_lagona, 0.021769
209228950,   platinodoc, 0.021744
533329366,   francalanna, 0.021724
535352103,   ecmosea, 0.021714
633259530,   cicalaroberto, 0.021708
2834332673,   rogerpiton29, 0.021699
770463936,   nikabruz, 0.021688
1104348871,   Erre_Rosa, 0.021686
76616277,   Deputatipd, 0.021677
1166637379,   ti_rossan, 0.021670
69598685,   michelemercuri, 0.021658
31093748,   FrancoBechis, 0.021651
270877772,   DavideDiNoi, 0.021645
372488770,   chiaramanna, 0.021630
279171038,   AlSamengo, 0.021621
107737376,   accendino1111, 0.021620
2344914234,   callloggero, 0.021586
453434150,   CareriPaolo, 0.021568
749611364,   scarpaufficiale, 0.021537
476933615,   gobbo973, 0.021513
297060762,   federicig, 0.021505
399010858,   patriziaprestip, 0.021497
777855788882812928,   RTgovernoRenzi, 0.021482
2313205890,   AngoriMassi, 0.021430
272402900,   ItSinistra, 0.021423
254943968,   esperidi82, 0.021416
451460002,   preppy57, 0.021396
1037526320,   BenCharlies, 0.021385
220996437,   DorianaDori, 0.021350
67863892,   ciro_delsorbo, 0.021335
1183534806,   Nath67Lic, 0.021329
2876741794,   LucaMurrone, 0.021324
327053541,   rosscaracol, 0.021314
32367243,   RudyBecciolini, 0.021282
426755550,   enricopaoli1, 0.021271
451305585,   LelloForlini, 0.021261
2319542538,   SenVincenzo, 0.021210
79154476,   Giorgio_Nordo, 0.021167
39115395,   frankspicc, 0.021158
3042356055,   roppo_vale, 0.021126
385965801,   rudyshecat, 0.021120
1408543448,   SimoneCosimi, 0.021118
272929503,   AmnesiaFe, 0.021068
286733758,   uncincin, 0.021043
542691406,   sarabiagiotti, 0.021034
1246808533,   FaenzaperRenzi, 0.021029
416466936,   olivieripennesi, 0.020981
56819005,   distefanonova, 0.020970
4578440908,   MateoHerGeo, 0.020969
460042639,   mvguasticchi, 0.020964
370172207,   Monia_Merli, 0.020956
17062107,   EMarchiafava, 0.020954
293992685,   ugotruffelli, 0.020942
2882526197,   RadioCusano, 0.020935
2336360382,   CaterinaLiotti, 0.020930
1207502412,   GerardoBiancofi, 0.020897
182411035,   irenben1, 0.020895
865193857,   LuigiPiccarozzi, 0.020884
860015294,   AgenziaVISTA, 0.020864
263046135,   marcobassini, 0.020851
163969032,   morry74, 0.020826
370345381,   MarchesiMattia, 0.020805
580053031,   marcomele12, 0.020787
4540086256,   Graziel11014735, 0.020781
484982241,   graziano_delrio, 0.020776
425384503,   Bramatty, 0.020773
317305371,   katenever, 0.020768
504661653,   LauraPuppato, 0.020725
604477428,   BrancaFrancesc1, 0.020714
508128810,   blasimanagement, 0.020694
456113087,   vinima77, 0.020667
776304284,   RaffaelaSalmaso, 0.020658
50591969,   lguglielmelli, 0.020628
1419854173,   FraRomanelli, 0.020623
396141158,   riccpi, 0.020621
831665582,   dawac72, 0.020615
875930238,   Pfpirruccio, 0.020610
556818121,   CarloDelSante, 0.020594
1280190198,   alnferrari, 0.020585
397931865,   enrico_pagano, 0.020567
822160142,   Tiziana_1967, 0.020558
1076119734,   Alessandro02088, 0.020534
1102070556,   asromafollower, 0.020523
1545110719,   dylettama, 0.020514
738311371255906304,   insiemebasta1si, 0.020513
703001298,   CarmenVogani, 0.020501
13106252,   GiovanniCocconi, 0.020488
18721974,   dinoserpe, 0.020484
1278879775,   buffadimitri, 0.020481
1228211810,   markor988, 0.020480
445660248,   spinellibarrile, 0.020480
401568346,   Massimogazza, 0.020478
104239528,   MilaSpicola, 0.020477
1536376814,   1973Gian, 0.020453
2884126876,   EFFEBUTTINA, 0.020452
430127505,   Cesare_Damiano, 0.020449
434988195,   Grober_news, 0.020449
491327107,   BentivogliMarco, 0.020441
65896059,   CBorneoSindaco, 0.020435
379726678,   MarioMeliado, 0.020408
415088731,   nicolasslazio, 0.020398
1037529548,   fabioderasmo, 0.020348
46715834,   albertopandolfo, 0.020343
473838944,   FIMCislStampa, 0.020331
314392100,   rcociancich, 0.020322
185821754,   danicannizzaro, 0.020290
429928689,   ErasmoDAngelis, 0.020280
423262171,   trevisotoday, 0.020279
4702133172,   EugenioCardi, 0.020226
403421880,   PierluMennonna, 0.020214
14387157,   michelemas, 0.020213
148483413,   Geremniak, 0.020211
605229354,   NataleRaco, 0.020191
2497838698,   fortunatolino, 0.020187
390814833,   davide_digiorgi, 0.020185
1020682760,   FilippoCasadei2, 0.020178
31255401,   Davide72, 0.020171
811076442,   mzatini, 0.020154
255674310,   alisabn, 0.020151
290585680,   pensierozoppo, 0.020141
42733221,   lindaemme, 0.020138
394598844,   GennaStefano, 0.020129
1111225376,   MariaPiaRagosa, 0.020129
3880191809,   attilieni, 0.020127
58295593,   michele85_1, 0.020123
759003465808883712,   francol96305026, 0.020099
18484129,   galluccio, 0.020097
592489826,   katnip74, 0.020092
104267806,   aliceborutti, 0.020092
436978029,   Ioballodasola, 0.020088
3205788934,   pdpolitica, 0.020054
81915953,   immadibi, 0.020046
856476714,   GiovanniSestit1, 0.020040
489501389,   FalcionelliFede, 0.020028
225764028,   giannilabbate, 0.020024
345521560,   ValentinaVadi72, 0.020024
460496317,   FDePalo, 0.020022
634575700,   claudiamedd, 0.020019
498964636,   AlessiaFragassi, 0.020007
233574116,   rosybattaglia, 0.020003
954210997,   robertoerarael, 0.020003
377272505,   CarlaTrudu, 0.019980
296244924,   Massifrasca, 0.019973
33212890,   ElisaDospina, 0.019962
2958779025,   danieleleone77, 0.019956
14828588,   mmachiavelli, 0.019950
207034666,   CarloMusa, 0.019936
131946542,   omykamal, 0.019932
474175425,   EnricoBorghi1, 0.019928
727818198,   PaoneFlavia, 0.019925
43503218,   FComellini, 0.019921
619306530,   richidj1, 0.019918
303729690,   SalvoGambuzza, 0.019916
591963862,   Antoauto, 0.019912
2292740047,   alfio31254, 0.019910
29226134,   martaserafini, 0.019905
2198193816,   Sarx88, 0.019902
303354087,   simopetrangeli, 0.019899
904438754,   chiocchetti_mau, 0.019896
418175268,   davipaderi, 0.019886
474023066,   nunziarusso4, 0.019863
270844902,   roberto_lamela, 0.019853
526735998,   JoseConsilvio, 0.019825
126691082,   Sfurmy, 0.019819
1044932990,   discordoconme, 0.019819
140133595,   ckyenge, 0.019817
50579673,   ermejo5, 0.019783
566720919,   P_Cotroneo, 0.019777
1224121074,   Lucyo__R, 0.019768
50587165,   b_muvis, 0.019741
485031544,   SileoLucia, 0.019713
868671120,   pinosol4, 0.019708
38931308,   BiagioVelardi, 0.019707
312613461,   fedeli_paolo, 0.019702
1586042605,   DanielaDaffin, 0.019701
245437223,   scuoco, 0.019670
428521248,   megmalp, 0.019667
414993771,   giotoni, 0.019662
417111368,   MaximilianDolce, 0.019657
55527972,   karda70, 0.019650
336007986,   giopank, 0.019632
29428344,   marodri, 0.019618
797833478,   bozzanca, 0.019618
169054597,   AgenziaGiovani, 0.019618
169248718,   la_dante, 0.019616
33856651,   magabulli, 0.019612
4655248997,   fbianco91, 0.019609
88689757,   AlessioQuinta, 0.019606
391485689,   StefanoFeltri, 0.019598
2356846439,   atlantide_Chris, 0.019592
1333341758,   TittiGiorgi, 0.019560
57251373,   Ambro1Q84, 0.019536
281104969,   laurabagnoli, 0.019535
22659500,   mauriziosantin, 0.019519
1085676949,   LordCamPoT, 0.019498
800246184,   BovalinoLorenzo, 0.019487
2929169337,   Milano_Popolare, 0.019485
52394311,   paolobiondi, 0.019453
613258756,   pfp2016, 0.019447
47377992,   stellabianchi, 0.019433
484071732,   aspano60, 0.019424
42478291,   luifam, 0.019419
398848980,   MinnettiMassimo, 0.019392
630961303,   UrloDellaRete, 0.019382
383754117,   MarcoSilvestri9, 0.019367
1015440260,   carutig, 0.019359
286608996,   MiminoRICCIARDI, 0.019357
598558484,   pierluigibertol, 0.019347
2801845471,   giornalistiunit, 0.019343
4355692264,   shaunabracco, 0.019342
22598131,   FabrizioFalconi, 0.019329
401180700,   antonTrillicoso, 0.019325
137695496,   gloria_ben, 0.019325
272475335,   FrancescoPigno, 0.019292
577023890,   BendiniBarbara, 0.019291
14210150,   saponaro, 0.019277
2171028731,   mazzarellantoni, 0.019263
316730579,   twi_sabino, 0.019253
43746760,   giularo, 0.019251
263630963,   marcelloscurria, 0.019226
414926221,   PAsproni, 0.019226
964852682,   sebastianolarus, 0.019225
477757835,   coledoni, 0.019216
557018960,   MargheBordino, 0.019214
100961915,   maurovalenza, 0.019211
730673331851132928,   ambiente_pd, 0.019208
2956811146,   MaurizioCulicc1, 0.019206
608359188,   FPanecaldo, 0.019204
1137449617,   pdsardegna, 0.019191
2224974581,   GabrieleCarrer, 0.019171
970562868,   annaflalb, 0.019167
162686234,   gcomin, 0.019164
197370410,   giovannaleoni, 0.019161
154896410,   Gianni_Ciasullo, 0.019156
1369645070,   francescomiliy, 0.019156
1046140855,   Andrea_Done, 0.019153
428300383,   eminnucci, 0.019147
3082674579,   mattesini_david, 0.019145
402099995,   Dar3ios, 0.019142
310699995,   AntoninoCast, 0.019128
67006079,   1giornodapecora, 0.019114
44882270,   lindapieragnoli, 0.019109
505705375,   e_terranova, 0.019102
14227296,   claudiovelardi, 0.019097
2451869940,   Lorenzo_Ruff, 0.019091
990581779,   LucaSani65, 0.019091
21228323,   maurett, 0.019079
540895773,   ale_moretti, 0.019070
953901380,   paolaxmi, 0.019064
418218972,   dsmarenostrum, 0.019059
4163509408,   hot_rats92, 0.019056
153531595,   lumukosta, 0.019050
2361510583,   BeppeBoniRdc, 0.019037
459275547,   KarenSarlo, 0.019023
522987521,   Mara_Morini, 0.019022
424269965,   PapaleoDomenico, 0.019010
477680189,   AlfPisicchio, 0.019009
425686235,   NFratoianni, 0.019004
216057569,   antoniozoppola, 0.019001
1080257646,   PignoneG, 0.018992
47335824,   Ddcnews, 0.018977
539167684,   fabipaterniti, 0.018965
395849453,   IcoFrancavilla, 0.018965
421763043,   nic_rosato, 0.018956
61905153,   marcodonats, 0.018936
915969295,   SensoDiNausea, 0.018927
1039809824,   AriannaCensi, 0.018892
3164390831,   frido1962, 0.018891
182810905,   pablorojasit, 0.018886
335241668,   politicadonna, 0.018869
1490509230,   alelomi, 0.018868
484515352,   elena_gentile, 0.018850
910729081,   dimitridue, 0.018846
377680158,   03Stefania55, 0.018834
1281410628,   PaolaVitaletti, 0.018825
50746264,   giuseppec78, 0.018817
486015426,   luisagabbi, 0.018815
2888908630,   unblogpolitico, 0.018807
476224626,   Gianciarla, 0.018806
83041759,   NicolaCaputo, 0.018806
2366958341,   brigantonisud, 0.018805
560636317,   mlombardo81, 0.018804
517929046,   GuidoVianello, 0.018742
1134804595,   Molo31Monica, 0.018737
608063632,   MassimoLeaderPD, 0.018722
436640636,   TheLambkin_, 0.018720
380405533,   Mariettatidei, 0.018717
927816210,   gabdignazi, 0.018689
441863803,   StefanoCeccanti, 0.018681
109608945,   beltra72, 0.018665
2927010322,   lippos73, 0.018659
282996856,   MorenoPisano, 0.018641
534732052,   SergCami, 0.018636
943603681,   p_possamai, 0.018631
13294452,   pdnetwork, 0.018624
96344993,   giovibruno, 0.018620
255448965,   dadoricca, 0.018596
2235047637,   AntonioSpadafo4, 0.018591
1040332778,   RosaPerrone61, 0.018577
2476119007,   ElisabScalambra, 0.018573
404892841,   PasqualeMotta1, 0.018573
76769340,   sandrogozi, 0.018571
409311997,   ginevrasotirovi, 0.018568
2436045041,   DonnDonnini, 0.018564
133030062,   npreiti, 0.018559
4130639901,   Sinistrait_, 0.018553
513002093,   ila_piccinotti, 0.018553
85568796,   ClaudioBocci, 0.018552
367195342,   brasil_65, 0.018536
2674941708,   gdcbari, 0.018536
858154196,   cinzia_renzi, 0.018527
255220545,   atecheseilunica, 0.018526
351651824,   candidorai, 0.018514
353492673,   Grosci, 0.018509
2322781029,   KCarnasciali, 0.018502
2295223756,   dippi014, 0.018492
439885110,   DomenicoLiotto, 0.018484
2224891988,   alefreda, 0.018475
2220186288,   CircoloPDPoa, 0.018471
236335841,   macondo83, 0.018451
473021625,   dpetrolo, 0.018447
1332581676,   DavidGiacanelli, 0.018444
453168575,   vincenzofolino, 0.018440
414174311,   vitosalfadda, 0.018436
95630884,   GioMelandri, 0.018436
1000045820,   AntonellaGrim, 0.018432
48996987,   AngeloBongio, 0.018430
864984350,   guarducciale, 0.018409
217939114,   marinofardelli, 0.018404
36612294,   angeloargento, 0.018364
2811089575,   prof1976, 0.018349
469249349,   NicolaAri, 0.018348
1591737049,   AMARANTINE5, 0.018347
1851356982,   boboliver1968, 0.018344
2926782875,   Mustapha1508, 0.018339
2483784853,   AzzurraLib, 0.018333
417920790,   AntonellaTomas1, 0.018332
767377143848439808,   _Ballea5stelle, 0.018329
368935338,   titti_disalvo, 0.018326
232590428,   Peppedor, 0.018321
2444940699,   _massimomauri, 0.018320
45094324,   MarcoDePonte, 0.018315
1581362773,   PamelaPaparoni, 0.018302
759977138,   skabenny, 0.018300
75299581,   ragusaibla, 0.018275
22018055,   Alessandro_Oddo, 0.018274
1222000628,   stemar9288, 0.018271
112741355,   Biby_07, 0.018271
306396502,   ilGazzettinoves, 0.018268
1071185384,   MarieleFloris, 0.018253
2856871329,   maurizio_staff, 0.018215
288818648,   andreatognotti, 0.018184
98192394,   AleFiorenza, 0.018183
927409196,   GMagaglio, 0.018179
177087045,   sebarizzardi, 0.018168
250588334,   NuovoMille, 0.018167
882235051,   MiurSocial, 0.018165
754855801,   Ivanlobello1, 0.018158
1313490145,   MariFabbri, 0.018150
3405754877,   RossMuroni, 0.018149
82624516,   paolapierotti, 0.018143
26319569,   madforfree, 0.018139
272876921,   RFURESI, 0.018122
22006101,   gianlucamelillo, 0.018115
1471759051,   FondazioneNenni, 0.018110
2396075075,   IenziIenzi, 0.018096
57291452,   gcunico, 0.018095
57369576,   DimitriTinti, 0.018080
287851930,   antonioclli, 0.018078
58891895,   freechef, 0.018067
993579870,   Daniscandella, 0.018066
270465914,   xavierjacobelli, 0.018064
1288696170,   ValeriaValente_, 0.018060
49752594,   badabi, 0.018045
527574803,   miriamcominelli, 0.018031
58020070,   emmedibi, 0.018020
481227308,   francescatraldi, 0.018015
162103856,   Jumpingmalefrog, 0.018005
252755806,   MarTeMasciocchi, 0.017997
1034988296,   Berengario85, 0.017989
562334258,   BrotzuFranca, 0.017988
1343245195,   villaalbe, 0.017980
25105210,   cirofronteddu, 0.017973
2366719264,   mcdellamico, 0.017968
133461180,   antgentile, 0.017949
493278355,   pietromancini52, 0.017933
148481393,   marcolaudonio, 0.017929
426702527,   castelluzzo444, 0.017924
472966889,   ilmanifesto, 0.017914
3243394143,   fraioli1948, 0.017907
400919857,   LaCorteSerafino, 0.017871
479575055,   einblauer, 0.017857
146215790,   giovannix78, 0.017854
419181815,   enzocarnazza, 0.017844
202113803,   PD_Lombardia, 0.017839
28098604,   annamasera, 0.017831
1396350326,   giorizzo62, 0.017818
498950954,   jextempe, 0.017808
222903495,   MarioAvagliano, 0.017801
1104275185,   NicolettaFavero, 0.017798
1198954656,   FraZaffarano, 0.017790
400585839,   Erica_sir, 0.017782
352430203,   CeneFra, 0.017778
531817743,   rabert82, 0.017774
1595653056,   mariangelader, 0.017765
268365318,   PDGrosseto, 0.017749
444623589,   ilRoby72, 0.017743
404988328,   patriziaegle, 0.017738
37754520,   fimianif, 0.017724
2610299144,   NetracerRob, 0.017717
798660060,   ZioSandrigno, 0.017698
1080795937,   stefaniapezzopa, 0.017695
30248306,   ivanscalfarotto, 0.017695
203512576,   Mperadotto, 0.017693
128471504,   pisani41, 0.017690
58241595,   salvobracchitta, 0.017684
71529985,   luisorel, 0.017676
701220226,   nanaosaki_86, 0.017670
2783540673,   CesareMinghini, 0.017657
498090294,   BBWIN1, 0.017657
1257520999,   DomenicoAiello_, 0.017656
86094824,   barruggi, 0.017652
785299243,   g_valentino80, 0.017612
380852967,   martinacecchide, 0.017612
963938472,   Palazzo_Chigi, 0.017610
965060024,   16sett59, 0.017597
387126602,   FFretta, 0.017594
2162857184,   CantiniL, 0.017593
1384264394,   FabriBert, 0.017575
526915612,   cislcatania, 0.017567
24956825,   giucampa, 0.017559
400703537,   SirianniChiara, 0.017557
2493014217,   1danyda, 0.017553
2871036920,   LorenzoRaz51, 0.017551
2303218766,   SeguiBalleri, 0.017545
885406213,   CartolanoSara, 0.017543
1140264841,   LabParlamento, 0.017537
492928982,   mariraf, 0.017515
10382002,   GiadaGiorni, 0.017499
4590614848,   super_mattone, 0.017494
1005966932,   delpretedavid, 0.017490
109573130,   unitaonline, 0.017472
4011586876,   flavia_niscola, 0.017466
14442736,   baro69, 0.017463
2306867816,   AlbertoSguerso, 0.017448
851471263,   christi38428233, 0.017444
435810111,   MaddalenaGissi, 0.017428
167058261,   SimonaVicari, 0.017422
426081997,   albertofaustini, 0.017422
405919398,   domenicovarano, 0.017421
407003733,   LoredanaTaddei, 0.017406
440756482,   SignorAldo, 0.017403
165765384,   pucci_francesca, 0.017400
51848164,   danielelussana, 0.017380
416825993,   Trelune, 0.017376
2416067982,   CarloCalenda, 0.017367
252822331,   LiaCeli, 0.017363
390228893,   Carpioration, 0.017359
483304757,   stefanococcia60, 0.017350
371820912,   ClaudioVetica, 0.017334
3028306714,   PsiSenato, 0.017323
24150879,   SimoneAlliva, 0.017318
405832858,   umbertofava65, 0.017315
100964035,   umbertoliuzzo, 0.017303
66193381,   BorisSollazzo, 0.017297
425904817,   RaffaeleNappi1, 0.017295
254475889,   ettoreluttazi, 0.017292
605157794,   dus_marco, 0.017289
2158619688,   gabriellazilian, 0.017257
2282226151,   elenaritalaselv, 0.017253
83912604,   liber_cogitatio, 0.017252
451369571,   AndreaAffinito, 0.017234
44742853,   PieroSignani, 0.017225
1023109254,   GNarduolo, 0.017225
77530521,   virgiliofalco, 0.017223
583980924,   francescoge07, 0.017222
519529163,   _MagliaNera_, 0.017209
220308940,   pdcampania, 0.017208
1849326181,   GloBackita, 0.017208
1074173322,   MatteoSeghezzi, 0.017206
974830003,   LLottero, 0.017198
369400663,   SalernoSal, 0.017194
1338703794,   SpartacusGladia, 0.017191
424947562,   EdmondoRho, 0.017182
1029633199,   ToninoMoscatt, 0.017175
584746037,   mottinelli, 0.017172
402164784,   luitelesca, 0.017170
1047886850,   nickarter56, 0.017156
73447161,   Katiapamp, 0.017149
2247492535,   andreachiabra, 0.017147
437833782,   treluci, 0.017138
165532712,   crilucchetta, 0.017131
28080443,   vrussoniello, 0.017123
538147915,   Raiofficialnews, 0.017116
137337075,   Piersoft, 0.017111
2350347318,   UlrikeMeinhof1, 0.017108
237455060,   luigicaputo71, 0.017092
1134622500,   CassFabio, 0.017084
252979181,   fcancellato, 0.017077
113667004,   jacbas90, 0.017077
35481847,   rikcristil, 0.017067
474251278,   giovannicentore, 0.017066
2259346508,   simona_campo, 0.017060
794287344715235328,   JeanMarc1171, 0.017060
315846635,   simonaercolani, 0.017031
1085405436,   BaioFederico, 0.017020
424153335,   AnnaLeonardi1, 0.017019
359555283,   gianpierodalia, 0.017019
28355287,   VioC, 0.017017
445414490,   AgnoMarco, 0.017017
326674366,   beniapiccone, 0.017011
2456846400,   VEN_VIT52, 0.017010
51067487,   MattBiff, 0.017009
398959536,   giuseppemolino2, 0.017005
1670823475,   ffedericabander, 0.017002
991988197,   Barbara1234M, 0.016997
1050589128,   SandroBonomi2, 0.016982
30732023,   eretico80, 0.016977
963144078,   rkatalano, 0.016975
209012915,   ProgettoRENA, 0.016966
2712498692,   Oliverio_MarioG, 0.016965
903701676,   scelta_civica, 0.016952
105487204,   federiconegrini, 0.016951
395383733,   TotoChiaramonte, 0.016948
2305043174,   fedelebianconer, 0.016945
52820599,   bezgiacomo, 0.016940
2788765798,   giusyrus, 0.016925
1104562232,   giova_martelli, 0.016906
4794361,   robertobasso, 0.016894
2174535898,   nerodiseppia56, 0.016893
944721086,   SiSituni, 0.016892
475956693,   mvpress, 0.016880
603005791,   EneaMoscon, 0.016865
13946942,   marco_ask, 0.016864
439809336,   pennepazze10, 0.016855
456907209,   manuvegha, 0.016851
304945509,   mediafinancial, 0.016828
437790954,   CollinaStefano, 0.016825
794822744840007680,   bastaunsiRoma, 0.016824
281358271,   sirmalo, 0.016824
1360737936,   MariaC_Pisani, 0.016823
2337512081,   _smicera, 0.016818
2326573022,   ranocchia3, 0.016818
371310263,   FabioFabio83, 0.016807
514478368,   LuigiBobba, 0.016799
447076020,   archigino, 0.016795
1157043744,   gsaggese84, 0.016795
541110896,   _3nike, 0.016792
212995283,   pbenedettamanca, 0.016771
599247299,   nannaenik, 0.016770
417904049,   VanniPetrelli, 0.016762
132624844,   Marco_Espo, 0.016744
594436794,   FrascellaPaolo, 0.016743
1931703270,   difrancescaanto, 0.016743
406153137,   peppe_delucia, 0.016742
1164336541,   DslLorenzo, 0.016732
481304796,   Lucia7910, 0.016724
491330061,   gianvitocafaro, 0.016722
264673317,   svilupp, 0.016716
454050209,   andrea_uff, 0.016715
403799808,   MattiaGiorno, 0.016696
55286165,   LazioInnova, 0.016693
1513014650,   fpugliese_conad, 0.016688
325771154,   guidobemporad, 0.016684
12194852,   berlinialberto, 0.016683
122665594,   FrancoLaratta, 0.016681
3221064916,   libertaegualeIT, 0.016678
432639718,   stefanorossi29, 0.016664
14685648,   diritto2punto0, 0.016662
421758109,   VezzaroAndrea, 0.016659
108550570,   ENEAOfficial, 0.016649
501874833,   s_margiotta, 0.016646
185547132,   AdrianaAmodio, 0.016644
1074413634,   TuminoMaurizio, 0.016637
389122971,   franzic76, 0.016636
318615150,   GhiottoEnrico, 0.016613
2893060011,   marco_boccato, 0.016610
94402971,   ivanve1, 0.016610
382358973,   giusi_nicolini, 0.016609
201249888,   mindennit, 0.016607
195734767,   Umbria24, 0.016598
8873182,   byoblu, 0.016596
60624922,   silviablu, 0.016588
428262591,   GargiuloSara, 0.016584
468352501,   elenavilla3, 0.016580
1885969158,   Camertes55, 0.016571
55218593,   Jarluc, 0.016562
999283472,   ninoaltomonte, 0.016561
90845433,   barbaracarfagna, 0.016556
925401258,   alicemilitello0, 0.016551
245127941,   fraunipr, 0.016548
29478477,   FederSerra, 0.016547
215087363,   evagiovannini, 0.016546
434411738,   FrncscPltn, 0.016544
167410534,   TommasoSavina, 0.016544
1017057949,   Giuseppesnow, 0.016537
1407748796,   necro_tweet, 0.016536
115955798,   foxyvol, 0.016534
15630381,   anamorfo, 0.016532
113643008,   mifio16, 0.016525
371749840,   straditeresa, 0.016505
291678033,   MaranAlessandro, 0.016505
167085694,   CalogeroCastald, 0.016498
1039534922,   ArchFallez, 0.016496
44578781,   albio77, 0.016488
3170228729,   TheLullaby, 0.016475
11129252,   lvitellio, 0.016475
9055772,   buzzico, 0.016466
1365570751,   jerrynorman34, 0.016449
46712564,   eugeekpat, 0.016444
241912051,   pierpalmariggi, 0.016430
1190127296,   _lucaromano_, 0.016426
2186653264,   BotteGiuseppe, 0.016419
503452485,   fra95it, 0.016414
105793968,   antonellacerchi, 0.016411
469645909,   antogea74, 0.016409
290494233,   Giovanni817, 0.016405
262592818,   ildavideferrari, 0.016376
386450799,   1812Pucci, 0.016375
1219585158,   FrancescaIngrav, 0.016375
1017667801,   DorellaCianci, 0.016369
2973535553,   giuliafestuccia, 0.016367
139681145,   ilnesi, 0.016363
5378612,   Fabopolis, 0.016360
561196931,   EnnioMacaluso, 0.016358
484881943,   SavinoItaliano, 0.016342
523387439,   pagio_paola, 0.016338
2723029636,   lo_zio_gino, 0.016336
15392102,   adrianoattus, 0.016336
247369956,   FiduciaInRenzi, 0.016329
541824556,   MichelaRoi, 0.016314
433435963,   carmenilaria, 0.016309
352576987,   leoquartana, 0.016307
349818189,   avvtoto13, 0.016299
194281970,   belligerans, 0.016292
808531951,   Pippo_Moscuzza, 0.016289
147496924,   PdBasilicata, 0.016286
391379955,   scingolo, 0.016273
4854936225,   _romabella_, 0.016266
198585878,   piratalove73, 0.016265
2493142851,   Attiacarusu, 0.016264
926031224,   EugenioGiani, 0.016257
340803178,   fulviogiuliani, 0.016253
605695196,   toninosrb, 0.016249
2180128512,   froma01k, 0.016244
14967240,   serenatudisco, 0.016243
409474239,   ItaliaMillennio, 0.016242
38444157,   antoscut, 0.016240
3299563144,   sdavite110, 0.016236
418185559,   AutieriFlora, 0.016234
700891754,   GiovanniPasto10, 0.016233
52040439,   epbernardo, 0.016230
20515207,   davideagazzi, 0.016202
223978952,   sowmyasofia, 0.016199
101086929,   peraltro, 0.016192
2845678707,   B30Luce, 0.016171
28528873,   sinistraelib, 0.016169
405595269,   giancosimo64, 0.016166
2365001385,   CinziaGrenci, 0.016156
1275312618,   MonicaPaviotti, 0.016152
2589277552,   Bellia68, 0.016149
