Node,Comunity_ID
0,-1
2964902513,1
251047297,1
56341776,1
576702177,1
2375661338,1
763880083,1
256467449,1
2400294800,1
151188498,1
965068518,1
2804233346,1
350184411,1
405384428,1
518387466,1
2494263560,1
4185673192,1
3431252014,1
4655248997,1
8486912,1
2903545671,1
376245451,1
2302922786,1
271446644,1
202768204,1
4685548933,1
66333404,1
849195252,1
395990396,1
2951362894,1
1010100626,1
343239720,1
405426716,1
132177876,1
782907556159221760,1
3458373497,1
391601240,1
1183974055,1
978934117,1
1157043744,1
2306993641,1
27007400,1
435138644,1
422904136,1
3613181357,1
1062937651,1
3008526447,1
3324827889,1
468521672,1
257665435,1
815134452,1
738092501853216768,1
3239016405,1
2878091469,1
2661595185,1
1425749233,1
2947606421,1
3248382417,1
1338227281,1
2437403432,1
151246430,1
593523410,1
4810630096,1
604899762,1
2453297123,1
609404111,1
511534517,1
2401743697,1
4394434523,1
1372497578,1
3418726954,1
1070696468,1
781366033231802368,1
2354395787,1
583980924,1
1640766590,1
1007282528,1
280242927,1
2169534491,1
3036997071,1
1420443511,1
533959367,1
1732490672,1
2975144398,1
4871321181,1
742656572086747136,1
464516274,1
1077366451,1
2615328078,1
2862441234,1
428360358,1
3236172064,1
261298418,1
528480384,1
2966200155,1
1189981854,1
164294854,1
762934873057292288,1
2355249940,1
17693719,1
2798863589,1
558651454,1
311085387,1
514706550,1
694638444807610368,1
246840871,1
2787709025,1
188657817,1
51875903,1
787182731453140992,1
780444222,1
759272459732410368,1
1870641289,1
3036352179,1
485101194,1
3034869375,1
733609472195764224,1
3772927402,1
4774998749,1
594777484,1
3290337525,1
432937614,1
2282363144,1
297344001,1
786559574,1
2906705362,1
2364035605,1
1440906714,1
888895441,1
2841113596,1
2353752559,1
821921425,1
1624835593,1
3399333406,1
2264128184,1
320725662,1
82601058,1
1491470516,1
712042147785080832,1
2347482439,1
468197270,1
755359,1
499085030,1
509039455,1
443821815,1
81467672,1
3022753349,1
436656708,1
2561421959,1
957885578,1
3297443457,1
3320592917,1
1602804482,1
701509209372938240,1
3405224997,1
354841179,1
500984145,1
1081038630,1
294163266,1
49954018,1
388284615,1
434839840,1
522591515,1
189613925,1
133790890,1
2377487094,1
270211310,1
22011746,1
483005204,1
274095255,1
2181217378,1
384516505,1
15387167,1
255674310,1
2210084110,1
2348924190,1
106738070,1
4820995677,1
975443228,1
467260074,1
283939901,1
2289972189,1
3304012324,1
1318108844,1
272112410,1
2892766546,1
1430162268,1
3381830871,1
1680602498,1
2361163792,1
1316131556,1
506547572,1
3039360208,1
3239417698,1
3784366697,1
2361641485,1
613714212,1
4861942759,1
2897092401,1
36079217,1
100291517,1
18935802,1
186386857,1
1720220132,1
702219779,1
88442473,1
15333818,1
31233554,1
2762840061,1
763784342,1
2827734168,1
725557127872417792,1
2348837399,1
29646177,1
525636772,1
465950531,1
379264571,1
380526746,1
520617010,1
426178907,1
4706693655,1
1374582042,1
406921727,1
419739649,1
4831023773,1
748995130548424704,1
4853784417,1
4833429358,1
409540134,1
151420411,1
211090942,1
1028897996,1
201183156,1
1657867358,1
188029214,1
2635224359,1
96338614,1
987423986,1
620351637,1
310195119,1
206831627,1
12165222,1
550416702,1
59746019,1
475922296,1
598279585,1
266222825,1
2194877690,1
75512389,1
24763544,1
820312836,1
2234366108,1
73854874,1
3784148609,1
2544142104,1
4257697881,1
304865987,1
481920011,1
2987686264,1
845764760,1
1633923900,1
558598786,1
1314974208,1
3481946428,1
1671189985,1
3413519735,1
1171904442,1
387317575,1
2394791163,1
514506617,1
943396292,1
1728019255,1
706117842815623168,1
757875200050470912,1
2938357835,1
915385926,1
2735997057,1
56957163,1
2372154501,1
1295605279,1
421691549,1
592688115,1
2189126966,1
1926432816,1
204791100,1
3385939450,1
288788899,1
368338436,1
494287037,1
100970534,1
3364814494,1
2297414524,1
4594905000,1
2373907857,1
4864664511,1
24041437,1
2704662807,1
773264074142519296,1
400015385,1
168273926,1
513526868,1
6138052,1
2306444410,1
310216032,1
420445452,1
2564419516,1
14561296,1
782601399993532416,1
15253960,1
32426416,1
1037049708,1
1412500075,1
41667342,1
978488840,1
502998687,1
486810047,1
1562752760,1
489551817,1
591711454,1
418997717,1
446353349,1
1313409793,1
1035460693,1
1274855814,1
2181923971,1
547936685,1
2870870995,1
216654360,1
1319275574,1
3662356395,1
2228125304,1
207137673,1
2284446519,1
254755752,1
1104861216,1
21402138,1
1068460123,1
389500881,1
233546601,1
187541091,1
364828908,1
501593348,1
172675414,1
469845313,1
311957901,1
303757962,1
250249728,1
728056298,1
2420100298,1
4130048789,1
235445144,1
2771173324,1
2428770092,1
83933691,1
1341462944,1
965239081,1
3164390831,1
2265243021,1
2353298806,1
401438300,1
1101963793,1
719198205192314880,1
562522191,1
1222570518,1
81352717,1
250806270,1
541083079,1
62004025,1
600150904,1
208164885,1
1405465094,1
3227318753,1
606823551,1
1544336527,1
73598124,1
2348272160,1
3344043653,1
1205923694,1
4910181370,1
2410447644,1
3094278383,1
926231262,1
596594145,1
1953446730,1
2358680459,1
434280541,1
1088806153,1
347907371,1
456113087,1
2811521884,1
3195753809,1
2321258784,1
2692196437,1
416556234,1
2663893831,1
434743018,1
2479381757,1
3382799745,1
2802841287,1
594583577,1
1068928062,1
433509729,1
1392039763,1
2305446516,1
2299766748,1
4824399766,1
2276701689,1
42087184,1
9176952,1
348988851,1
430092847,1
1545817196,1
475025414,1
14082257,1
105462498,1
724321908,1
141745277,1
374314630,1
2713478241,1
526207972,1
2181953194,1
2792193307,1
13294452,1
421347689,1
2414898811,1
447213283,1
28528873,1
928202780,1
379262450,1
447370939,1
2735301707,1
944251968,1
920739140,1
2252090852,1
97654241,1
472149764,1
1386793261,1
972414750,1
31107308,1
484158845,1
1386632492,1
139764514,1
1020931404,1
259731992,1
2159338425,1
391562318,1
737693,1
702989036391112704,1
1444738142,1
2354462598,1
842378066,1
2414609995,1
305258223,1
1350936138,1
1278700207,1
433357329,1
52337911,1
483304757,1
1967850464,1
388346603,1
421715120,1
68640468,1
485844145,1
627579169,1
637018529,1
802825232,1
550297318,1
39240661,1
399010858,1
2366461149,1
625000187,1
596665906,1
390835478,1
1161191406,1
159211075,1
3168011729,1
2196650893,1
928297514,1
1178518129,1
66635426,1
1272666296,1
1670823475,1
80875024,1
4743531021,1
3309670823,1
1224152383,1
522078771,1
318257091,1
283932101,1
1328976937,1
2332571271,1
637015768,1
162002854,1
2326306186,1
39975495,1
1467043124,1
784398647471595520,1
1060544983,1
184425554,1
5464132,1
780382517715202048,1
3052918302,1
14824456,1
464881732,1
779236559908442112,1
554375119,1
3003054298,1
223098439,1
602982217,1
365664894,1
2395941571,1
2197620432,1
80913303,1
22031608,1
705038728302092288,1
490933406,1
408103322,1
2509150289,1
468689162,1
2850871143,1
2772829228,1
3569280136,1
524597055,1
348079509,1
2452701214,1
2758663251,1
1077736116,1
405443137,1
398630208,1
482482938,1
1681073648,1
103595040,1
558063929,1
201761137,1
993891668,1
1443830137,1
736469367379087360,1
628183914,1
4186937854,1
2455570740,1
784751042,1
3323080689,1
1166270324,1
1156695648,1
3081436118,1
409089494,1
1732467540,1
1911152329,1
4251035097,1
4544396435,1
2951442201,1
26444788,1
2507487144,1
773378492,1
1270403142,1
334715057,1
2728402871,1
172444822,1
1357458175,1
53994592,1
376145130,1
546202998,1
2203683053,1
3044526632,1
462904107,1
404987270,1
875324551,1
2821329929,1
2900676452,1
754395750499491840,1
2519252925,1
749153688,1
102351773,1
154808415,1
554550990,1
1116671611,1
1011272766,1
1260162366,1
174249848,1
3039370114,1
395630959,1
259068501,1
2850017806,1
518403199,1
736596690,1
2416492224,1
2858795351,1
309533058,1
349877614,1
2831992043,1
185108209,1
3069843927,1
52999694,1
2462444372,1
391531110,1
444225252,1
934197043,1
437533038,1
407891527,1
385897719,1
47698840,1
2396920220,1
8505512,1
421239717,1
427209531,1
3300735423,1
215976090,1
221064731,1
508816367,1
474422847,1
1369658370,1
2172017830,1
52824910,1
67887304,1
354309546,1
4275490114,1
4197625936,1
3092514273,1
475836408,1
597492087,1
29185572,1
251094642,1
9377292,1
291763976,1
438849246,1
1464788840,1
446609691,1
228249426,1
2832335447,1
2878223753,1
1084193910,1
15491749,1
1694413363,1
3217393599,1
409591356,1
972884324,1
755821556,1
2403776046,1
2721276416,1
265385204,1
2973134825,1
1045573032,1
28311464,1
3333764236,1
3086030505,1
3094835193,1
1205482028,1
159876750,1
24744541,1
80867890,1
4133217027,1
394613,1
6595562,1
2973163389,1
3254823503,1
48003965,1
613533,1
372344749,1
40244378,1
560301369,1
702750694,1
2614952764,1
2219550328,1
607985679,1
398891807,1
2612551,1
2279068397,1
1395271422,1
370705192,1
4887827675,1
2347675929,1
2834362049,1
29202025,1
62334247,1
203422688,1
418758587,1
24252705,1
477633440,1
742259446764711936,1
194217573,1
377619841,1
2765052793,1
709077111,1
142807042,1
2236793966,1
1058570330,1
1300370167,1
434783947,1
516916433,1
3363987292,1
713926372,1
358051613,1
1857148146,1
2339316667,1
247505099,1
488748894,1
1117558933,1
2615476861,1
1064357792,1
761637479141310464,1
2722863047,1
34296796,1
19235153,1
238960257,1
52468851,1
747245468,1
3008182149,1
577161255,1
107737376,1
1073514842,1
479653294,1
888518803,1
58284272,1
298079436,1
148725139,1
723554251612499968,1
535447658,1
2859316269,1
185760677,1
2234253145,1
4617627196,1
495073318,1
1449796104,1
499214987,1
2342630384,1
19680237,1
875178422,1
102119771,1
100462127,1
75845981,1
735045646005227520,1
410210301,1
433509940,1
2858986984,1
3036302920,1
1017663187,1
1338584736,1
2573378881,1
718705208654749696,1
526653195,1
120588962,1
554385006,1
1266709873,1
4891899964,1
580871879,1
388368752,1
50713554,1
4819079686,1
4045962489,1
1229872982,1
467573735,1
413217587,1
48660040,1
3001638185,1
3917787622,1
27231018,1
1205174246,1
69135506,1
202534741,1
3130737011,1
487751312,1
2375216695,1
982628515,1
14788200,1
258993546,1
305160601,1
431547715,1
164663237,1
1190283926,1
3046004253,1
2265398249,1
330554495,1
873960836,1
271563790,1
1591909939,1
329177497,1
129524640,1
906165092,1
354188080,1
1504235126,1
288206319,1
627713874,1
1052584662,1
3403084325,1
613516584,1
608091835,1
3393834010,1
571922344,1
2247031480,1
180380457,1
319093216,1
315266120,1
1483023529,1
48835437,1
849988268,1
251407688,1
1640144880,1
1300480248,1
386684448,1
50314830,1
3357308483,1
1025169505,1
1638278257,1
590833841,1
4141927199,1
1916736956,1
4549605137,1
494050338,1
852301178,1
378831710,1
3664503135,1
2889852755,1
126049704,1
218758602,1
4463441,1
40353863,1
1070732071,1
48834654,1
163969032,1
51781061,1
149609445,1
249125297,1
108262067,1
85117452,1
44340289,1
164266350,1
42399072,1
88904172,1
227970595,1
122644390,1
43873839,1
8620162,1
79385667,1
2431061097,1
472905491,1
1223037354,1
30427244,1
231414854,1
395759988,1
429009401,1
242922585,1
4106012295,1
2327584543,1
147654699,1
1192578464,1
396691435,1
2189827138,1
2305058365,1
562823508,1
117363440,1
1715119512,1
416422287,1
2380592546,1
192640902,1
522292867,1
2877804497,1
2253510097,1
2197175103,1
3696089777,1
490736218,1
3331874607,1
139715784,1
3152228475,1
439245001,1
105602878,1
501598774,1
2299916972,1
589418956,1
161212876,1
510676186,1
383790840,1
518934318,1
2353634446,1
2987972555,1
429817276,1
503670941,1
1615176902,1
2331775274,1
1079126036,1
281884852,1
708587318786007040,1
2512612640,1
504658270,1
469750828,1
499782176,1
3987937325,1
1148946079,1
712711445,1
1976450136,1
1042807543,1
288339892,1
20672692,1
930659928,1
946529088,1
2156339147,1
1015989050,1
608217046,1
2760630059,1
746425402957135872,1
526838409,1
589423738,1
431658112,1
425272822,1
719855009928716288,1
222411571,1
1144953769,1
2927207759,1
2410604455,1
81075901,1
266198278,1
1012990321,1
617404862,1
3295966795,1
1151527296,1
4204098099,1
317680130,1
628186961,1
1337596044,1
3072009003,1
563558852,1
177654794,1
531851126,1
245378986,1
1000366015,1
380551414,1
22003434,1
2322403651,1
793469352871858176,1
503199826,1
402200260,1
82068999,1
3104344534,1
4048087467,1
790567158489153536,1
1011561122,1
2717687739,1
626501000,1
61011257,1
731343264,1
2258720305,1
415039798,1
262777162,1
707348966241865728,1
556780444,1
1317255619,1
488844512,1
1555265359,1
3871871513,1
55205815,1
521798851,1
410774168,1
2263824353,1
785027790961778688,1
2619985539,1
545008992,1
2901351995,1
1370176568,1
2851228124,1
739128484937801728,1
1086423912,1
379023240,1
1085531312,1
4371150255,1
574340003,1
540147645,1
463591267,1
1521455803,1
11080682,1
2660179878,1
708746809032761344,1
3121661467,1
1272137623,1
2243950814,1
4563172516,1
757283763797778432,1
2339382066,1
2572093630,1
607424962,1
553368112,1
2572975391,1
744961229853167616,1
1004844222,1
744655172211728384,1
230453692,1
289541478,1
1602815845,1
740257403178999808,1
2186181725,1
2250936137,1
443333037,1
2244571279,1
2584756455,1
4053837041,1
2895666573,1
156838708,1
930579210,1
133657565,1
178803896,1
512899781,1
4814832225,1
438728458,1
788386859072249856,1
1218936162,1
3439290718,1
3146699110,1
741520828504911872,1
267335558,1
4242264977,1
1745966046,1
950411336,1
396801199,1
231907795,1
16627700,1
25477483,1
3434577971,1
460226131,1
752828203216019456,1
1913370296,1
453959464,1
1020184764,1
363304621,1
3243222784,1
4568818943,1
482482833,1
2249959502,1
3514615637,1
2381791600,1
2380463039,1
2506571955,1
3341739995,1
2397659735,1
786172092827914240,1
131946542,1
541527026,1
397245294,1
2330261468,1
1140098112,1
416309230,1
517876006,1
708429391,1
324262863,1
1229121186,1
2418170407,1
2418898621,1
2948429116,1
2455915345,1
174574401,1
142731535,1
2696366840,1
584056092,1
425645665,1
404394458,1
206671784,1
2883830458,1
3610762348,1
476051821,1
1911991346,1
934047600,1
84416696,1
743821644150476800,1
3295023377,1
526293847,1
79991599,1
1684754797,1
242392452,1
95482042,1
752675748,1
634434387,1
1025143716,1
1059877728,1
815322025,1
2230346403,1
16994855,1
1539421987,1
9808092,1
2973508025,1
2194894268,1
3038103838,1
452010658,1
228051072,1
2321180143,1
330602048,1
2242729885,1
213616021,1
401648154,1
425695048,1
535496510,1
167874062,1
130491008,1
729339188,1
278210313,1
2282469222,1
3360251476,1
3426670696,1
1212975134,1
4249591816,1
2328471661,1
2217674274,1
3088659569,1
217462618,1
2737028641,1
2391603191,1
739140549299568640,1
357374751,1
3302069128,1
599972590,1
3298528972,1
2592758547,1
520662652,1
41689819,1
1372461787,1
2367178591,1
48981619,1
2173027221,1
257884666,1
1103812855,1
1212650660,1
2430601185,1
2478580177,1
741338484,1
34239016,1
3833375074,1
1065081188,1
2238395111,1
964719079,1
2703675064,1
1264018218,1
2565072187,1
1606820196,1
413215193,1
3121989501,1
2811414913,1
1137078259,1
2585597700,1
368333719,1
4074742552,1
3882048088,1
424907920,1
2800443747,1
396823374,1
355465240,1
4797073893,1
2320504019,1
2831558388,1
2804502363,1
45176195,1
3025353091,1
2354558477,1
553634154,1
734083116919365632,1
52332450,1
15336354,1
769777646662287360,1
2501546732,1
456082255,1
2907601252,1
515657617,1
429144484,1
4734101189,1
303267275,1
2940240305,1
626877418,1
286328359,1
1708309334,1
739126296987508736,1
536769582,1
713068423127908352,1
3082802711,1
3430185532,1
2706574363,1
2921948057,1
215735286,1
128311427,1
2652070796,1
178685251,1
56473208,1
426064773,1
1386808813,1
2752353844,1
1397374658,1
3246519603,1
4589805027,1
150184052,1
456453383,1
3349971568,1
1092670394,1
555323868,1
353575520,1
1048802419,1
1853857640,1
953895188,1
2465900299,1
477548046,1
744984726080004096,1
428041816,1
500243289,1
3305976862,1
2970117851,1
396103010,1
212496035,1
4871884721,1
1215433375,1
45400255,1
3236461487,1
188521082,1
194275021,1
3119071163,1
54964317,1
2850037264,1
1616497069,1
2270541645,1
129852627,1
3300629145,1
371174340,1
3291806831,1
2218411411,1
3826564636,1
353134095,1
969973250,1
2811397962,1
617598666,1
936708194,1
393981611,1
3394746226,1
4893362397,1
354284014,1
2676887991,1
3354849862,1
1504710145,1
2772740636,1
3309458867,1
1109369214,1
2352069320,1
451610877,1
2816606222,1
444613355,1
101188410,1
3026614547,1
2917621780,1
2322734663,1
3007848857,1
574648169,1
985398132,1
363542054,1
2414872921,1
219406236,1
583941667,1
454048091,1
1055367092,1
58016005,1
1314367554,1
86693223,1
283626884,1
2314008111,1
2323711273,1
743531036,1
96364636,1
1155603750,1
2845737279,1
1008382820,1
327606075,1
394293884,1
2301791792,1
3431700219,1
199230149,1
473027302,1
154179790,1
525853329,1
4759055535,1
821719770,1
2379017327,1
1277394462,1
97773643,1
1462583917,1
427711084,1
481469554,1
419094387,1
221066689,1
1289725328,1
2156367481,1
960086424,1
2675356905,1
55615092,1
403293960,1
3164117122,1
79813277,1
265186391,1
223405753,1
1037305130,1
401314101,1
1470771482,1
2516067038,1
558010244,1
264941030,1
964852682,1
3296712448,1
1632593443,1
104135821,1
397853516,1
4256026096,1
430743919,1
1368007123,1
1467471788,1
245328223,1
3422769471,1
436124417,1
836271002,1
2334034163,1
2881376289,1
447981049,1
3324571887,1
452174282,1
4603127836,1
771387619360043008,1
276026459,1
3028809503,1
489374582,1
821879334,1
98875860,1
3147441667,1
230696135,1
2625302733,1
516432515,1
2494115132,1
130111210,1
1244162966,1
376145932,1
3466428077,1
3457705635,1
605749807,1
456674882,1
4034460233,1
2590034989,1
581801913,1
503351518,1
606482487,1
176712900,1
201314106,1
2393280564,1
1395882728,1
3046529709,1
1965662701,1
2350818704,1
2148746163,1
4869095007,1
3176594760,1
2867547191,1
1469353392,1
245715438,1
29723197,1
1039674703,1
2747678938,1
515171492,1
2465775372,1
3101475160,1
8873182,1
279422631,1
1043011003,1
2342517254,1
845781758,1
853635661,1
877434170,1
385512892,1
4186758514,1
1174274426,1
142690511,1
241608899,1
637327428,1
173816714,1
811657290,1
497829386,1
377970821,1
1152120582,1
706395992342597632,1
3305670003,1
286738383,1
14360388,1
1439588664,1
122414199,1
165051584,1
4893416333,1
2203620060,1
19781325,1
1715694210,1
743023225,1
1440442908,1
238268991,1
1347013046,1
3305577839,1
714169530,1
1917855938,1
2548575613,1
400807759,1
456998122,1
220409183,1
266578109,1
762029886173245440,1
253198373,1
1647573919,1
2158689967,1
763875248773144576,1
367696583,1
193709635,1
624456136,1
223575921,1
326882881,1
387089650,1
516544932,1
808722012,1
28998953,1
369404604,1
3439899455,1
221089264,1
2191680460,1
264855009,1
931715286,1
831665582,1
104540988,1
3122280521,1
14210532,1
501691674,1
188369797,1
40653660,1
5405822,1
253639943,1
998124715,1
13573252,1
300226654,1
1039152966,1
1037713867,1
1573555616,1
592489826,1
474023066,1
153342663,1
3230326396,1
335595246,1
1620754188,1
2149489765,1
113424592,1
405792460,1
96580657,1
2480246000,1
2163514121,1
615369614,1
448158717,1
1393562082,1
432010252,1
1015870262,1
970562868,1
46922585,1
707187085657174016,1
1681307029,1
1384301958,1
239734640,1
1387461,1
428521248,1
2274450562,1
329152979,1
4902671039,1
306137883,1
239434137,1
314392100,1
2479620311,1
1063725991,1
1374652910,1
275455208,1
22172093,1
557229572,1
513352329,1
2434259124,1
471859605,1
450140855,1
800779578,1
2360744315,1
131846946,1
222273248,1
265408261,1
475234937,1
1367945690,1
123884731,1
22659500,1
829740630,1
74728621,1
579271577,1
388766042,1
392918362,1
39475962,1
23054148,1
840241477,1
411525579,1
2225786343,1
983007608,1
478885285,1
132148966,1
199206417,1
2354484061,1
423519154,1
1709629910,1
14409802,1
304406977,1
1015440260,1
15806786,1
2198332088,1
518366373,1
605697838,1
1011567642,1
37611038,1
139125681,1
326144852,1
22605126,1
2427072883,1
2256861644,1
733330743800258560,1
68460492,1
524493374,1
488895138,1
451483593,1
599247299,1
495466998,1
3543518537,1
412168233,1
1103450372,1
1934241031,1
706086896275955712,1
949372327,1
4464016355,1
392987772,1
1601206675,1
328141846,1
50579673,1
400103989,1
366747858,1
50104200,1
248453535,1
71293003,1
500096474,1
1068896102,1
3906735870,1
1222000628,1
133641733,1
299059994,1
3026099110,1
2227239038,1
2186626514,1
988701344,1
2480085912,1
84874030,1
3345594861,1
2881464153,1
2728896824,1
495717341,1
96659291,1
1192428948,1
3044045152,1
2935824485,1
585588201,1
567278450,1
2867906470,1
3167163237,1
2900897831,1
118978778,1
2881244285,1
2310308158,1
2339917973,1
457889747,1
1492135807,1
265576861,1
1338878742,1
752239189685665792,1
1594040222,1
1270670695,1
598558484,1
636560772,1
517937329,1
1413094597,1
415716719,1
726417519964213248,1
2802425242,1
407609289,1
2334501166,1
164225638,1
1408224732,1
2228813671,1
249099263,1
1063917404,1
74305366,1
2345625552,1
69896457,1
3762684742,1
1288257872,1
778339183,1
847114458,1
1016109914,1
1377069744,1
375479971,1
589291887,1
2303644001,1
458324440,1
1885687531,1
1009225098,1
549451829,1
614771274,1
462701585,1
234868966,1
787115406,1
465011484,1
2280764604,1
895013856,1
2361236242,1
195427066,1
57439579,1
1883696546,1
2537853697,1
845413776,1
27413586,1
2366138431,1
485039963,1
131849009,1
57249412,1
2725223452,1
2730482441,1
1339960975,1
197355796,1
49036389,1
38444157,1
632742781,1
1092084720,1
507652780,1
431142017,1
2936864140,1
25118324,1
81937838,1
132164537,1
560636317,1
2735396099,1
832016611,1
13382082,1
897918854,1
25665242,1
47438785,1
978710568,1
263758608,1
9405912,1
313535823,1
250171655,1
542327855,1
71529985,1
93691257,1
293484907,1
416165363,1
306123184,1
28119689,1
1280187702,1
52352441,1
102082052,1
821872394,1
228052591,1
881565745,1
542151024,1
54849589,1
353618083,1
54302011,1
695753,1
424401692,1
964460408,1
46701371,1
451460002,1
2174142141,1
2792050237,1
159551952,1
1444286834,1
93197485,1
342077520,1
1279017373,1
628367790,1
53659160,1
432926462,1
58477091,1
1262242734,1
490446359,1
439177907,1
742783,1
868671120,1
404813856,1
174178027,1
253198543,1
183287158,1
779049756,1
627128494,1
384340494,1
2206851290,1
14383570,1
81637419,1
557607196,1
858003427,1
89253972,1
758737897,1
203218931,1
366742478,1
500592044,1
395993825,1
335267459,1
541695689,1
255446266,1
258758131,1
534425432,1
243631237,1
1552953278,1
485139230,1
1125816168,1
2788765798,1
478995914,1
2199548284,1
252255936,1
2510430251,1
2906554709,1
25105210,1
1061317800,1
624096392,1
1388488790,1
2401418695,1
1015484834,1
1328476232,1
222460953,1
474746645,1
8274452,1
255505106,1
388572693,1
2902692352,1
1166637379,1
2178758289,1
1077110833,1
74864318,1
135146254,1
3018290121,1
50263809,1
1212147877,1
3126643192,1
1261559155,1
2940999287,1
2913888338,1
3047034269,1
802782433,1
1055140058,1
797637578,1
497961585,1
2396546196,1
2872011039,1
576487510,1
3004020405,1
391514883,1
1028060143,1
765901369547063296,1
2348699587,1
500103357,1
112386378,1
158288741,1
479674519,1
3369172816,1
499197851,1
1699665619,1
932192179,1
585805278,1
1954952815,1
430161001,1
228027870,1
730962018,1
764494301766291456,1
434387464,1
1344746178,1
262303752,1
1058916510,1
1230551046,1
329710075,1
1636129136,1
65690709,1
376269031,1
2854635105,1
385383823,1
155930927,1
599946845,1
371415996,1
19441340,1
53053554,1
407163369,1
2333674306,1
1672302936,1
15167463,1
180519887,1
472275443,1
845313296,1
199348405,1
1278347502,1
454050209,1
595878183,1
167014241,1
1269055614,1
493239048,1
100878763,1
2176349201,1
137397499,1
2909504255,1
1037651766,1
1467807296,1
2999932538,1
1020439818,1
84130259,1
2204128029,1
158262409,1
2216179636,1
328515345,1
484219561,1
462298361,1
2239750970,1
413786539,1
411530100,1
523613502,1
471347700,1
2508295280,1
1062966253,1
2221874484,1
969081366,1
1261316370,1
2802157801,1
518430422,1
4882196008,1
1215290216,1
1718923932,1
632400257,1
533332467,1
1627031726,1
1363855172,1
3028742807,1
1146147427,1
53200070,1
1428381038,1
1925718776,1
273466314,1
204820142,1
805709071,1
2878097184,1
28526655,1
50246502,1
3298985147,1
1228391671,1
2548434750,1
22602333,1
3069933261,1
418218972,1
2366997321,1
60995609,1
533112380,1
159885894,1
246038998,1
1642612118,1
2467357784,1
105242953,1
392324691,1
2787897519,1
1418916492,1
2367800094,1
897054630,1
2786191966,1
1007560902,1
1882975495,1
452492397,1
54975036,1
3010276522,1
1221792162,1
50657628,1
2717484025,1
248669645,1
35176190,1
216722162,1
49396947,1
432009958,1
201789369,1
475516139,1
589997252,1
44847173,1
2878090661,1
272077852,1
183258122,1
2817088916,1
3035292231,1
1410444858,1
2386237696,1
144128481,1
3919219541,1
1898384390,1
4873807691,1
2183118052,1
1404635250,1
1068963974,1
744524292050788352,1
4187885897,1
142643965,1
2212544767,1
1169245177,1
4664853389,1
45522065,1
601829676,1
1327241030,1
2164822594,1
2438340445,1
2894775544,1
580232599,1
736543941101817856,1
4688664552,1
3139667865,1
713372677151596544,1
220603109,1
1128093570,1
3341844040,1
4383940095,1
3589159876,1
2940410703,1
557057167,1
245652176,1
2864243287,1
169233625,1
2520868692,1
1416161276,1
2318610186,1
1908575102,1
2262728705,1
1452474535,1
1042134122,1
2836840346,1
3416068515,1
1083726745,1
2455064133,1
257223860,1
1219792052,1
698863047235018752,1
2899686898,1
3103929401,1
1189743062,1
468441125,1
1848219511,1
2568980217,1
2616680851,1
1542926724,1
96333128,1
2967853233,1
1022753149,1
2948661737,1
510942285,1
3319178885,1
3091707250,1
2387298926,1
1392799814,1
2889221200,1
1375641666,1
268744692,1
4866412145,1
245053650,1
1088498461,1
328472277,1
1100350039,1
79170343,1
230749847,1
600280702,1
2746542772,1
574615765,1
51312569,1
3869948417,1
1092508782,1
269842154,1
2182550725,1
1160208637,1
81229368,1
63756533,1
919877762,1
1145470195,1
2971919439,1
1234875217,1
2452296161,1
1327684639,1
3164264061,1
2810019193,1
471763431,1
2472634306,1
2984184838,1
422665114,1
2829230812,1
3019658033,1
1050697136,1
493901532,1
2746079253,1
3360851079,1
2709647816,1
447854508,1
2819591819,1
2770811619,1
458670095,1
1341865640,1
593742754,1
396151080,1
453379084,1
194972957,1
390296876,1
4857416872,1
899459772,1
319166186,1
2201641540,1
2149138327,1
61703985,1
399467811,1
582715475,1
3431319455,1
1084152606,1
2938313507,1
1889296722,1
291141125,1
2960938695,1
755102530527457280,1
2774751706,1
2805323313,1
233630343,1
701513839989358592,1
431884957,1
394086402,1
1219977643,1
2318032643,1
2341083257,1
134364906,1
90849691,1
606731466,1
232296285,1
3070700175,1
3231784599,1
1394952978,1
970054074,1
3191176588,1
1067982564,1
94981476,1
754321990257938432,1
484047462,1
2312169774,1
3332411590,1
162417963,1
448750282,1
426200281,1
2433235432,1
1534486934,1
1367853685,1
1262939593,1
4063913308,1
2687611909,1
1377266593,1
754664352855236608,1
3392585361,1
4899231777,1
394861796,1
1449073304,1
42478291,1
1227754856,1
2883671135,1
2809827694,1
1012135158,1
57466155,1
132811097,1
3527260401,1
3289975816,1
582236593,1
476591207,1
602125481,1
527624443,1
780089815786283008,1
451425647,1
1852391984,1
765564104,1
368772601,1
2208789310,1
1182995222,1
1332750025,1
132484911,1
206294638,1
815832528,1
3639353537,1
1127618904,1
2347560125,1
233963729,1
2360749273,1
33725783,1
570178300,1
34252270,1
445727059,1
760254962966364160,1
421236822,1
2808699178,1
131105980,1
448343412,1
415930351,1
1147448544,1
2594797000,1
1061062754,1
410040461,1
3224046916,1
1430099131,1
2168651339,1
133241974,1
1367973715,1
593547387,1
420624994,1
471861275,1
2981114476,1
2598425588,1
1195933742,1
2336993334,1
2800841139,1
68374302,1
872449159,1
1013334853,1
374175177,1
217534298,1
794164110061699072,1
250316913,1
4514196383,1
4193719577,1
1880747821,1
1031879690,1
1696619809,1
2504436965,1
1359357403,1
245969509,1
3243380165,1
2776015188,1
420852268,1
570873859,1
460611317,1
65494640,1
170781140,1
559609344,1
457391007,1
859449805,1
1061905068,1
477721092,1
440684594,1
1134720390,1
864123438,1
1008806545,1
522457817,1
223600072,1
411696442,1
2518059282,1
255612179,1
4827510405,1
157318900,1
205869949,1
55518746,1
355608779,1
997702009,1
572020355,1
128245978,1
1307016348,1
128880613,1
318878875,1
378741753,1
71545876,1
412230108,1
101573147,1
67746303,1
2826469688,1
1090143086,1
252564654,1
1288483735,1
259778195,1
422468997,1
398611235,1
920612912,1
242071863,1
4405998622,1
4908499649,1
412670404,1
47398478,1
717319878542245888,1
3888190043,1
51166909,1
1016066683,1
771042114188742656,1
3413534908,1
495468817,1
96346472,1
4075384109,1
14900051,1
446371601,1
1926516720,1
243797423,1
497838069,1
10611402,1
252161195,1
47313959,1
3308288710,1
899865349,1
2200796746,1
78567974,1
1734567211,1
22604305,1
679763,1
485938515,1
720717117637685248,1
108958320,1
190320037,1
444510706,1
207939445,1
429054107,1
379812142,1
436563519,1
358162325,1
1073472072,1
481316156,1
261923137,1
1413583716,1
472751675,1
357154328,1
858249276,1
2817019830,1
198199124,1
2273249119,1
2511415512,1
1168160534,1
1270735285,1
3332720836,1
708581628201844736,1
602574015,1
2371530239,1
4848941248,1
3165299303,1
3015642023,1
807348596,1
210376076,1
426716463,1
1429966902,1
1381133720,1
411739086,1
2414500381,1
1006050012,1
2326047985,1
1370300701,1
4114189888,1
1233975200,1
386574852,1
428415112,1
565559566,1
2467961561,1
230790398,1
776430344841101312,1
2874842817,1
2609290294,1
1296801535,1
3288969585,1
3375673725,1
1176618985,1
4540267581,1
2420540543,1
525353224,1
608152223,1
4416311188,1
3188172256,1
407134798,1
2192231341,1
2614724955,1
2748505289,1
1030677596,1
131486969,1
1111625298,1
281904941,1
2445821246,1
14158218,1
88072055,1
822184940,1
1366650288,1
831129830,1
49064205,1
42260605,1
213818443,1
994798482,1
4832426261,1
2607271647,1
124819688,1
979023937,1
54918431,1
2472017715,1
22252395,1
559544729,1
3436942246,1
460683697,1
2548419224,1
538327861,1
2789831360,1
3958632334,1
893895823,1
730745676,1
2994158927,1
593681019,1
18618749,1
96119595,1
3863318907,1
168614673,1
302608759,1
2921663932,1
2465901637,1
495011205,1
229969486,1
1346996612,1
462938464,1
263037408,1
1044887318,1
52738973,1
367404041,1
84300444,1
108111665,1
736915646773100544,1
787437990,1
121720650,1
4894953053,1
179991655,1
431829729,1
190570037,1
4054280055,1
504251522,1
779026892,1
4179246183,1
251377969,1
268813974,1
481119238,1
3089580527,1
457595242,1
2237489719,1
743782951285043200,1
3860196976,1
1915578642,1
4060773759,1
40206238,1
74880368,1
1066782674,1
281573123,1
544486764,1
2845405989,1
2969519381,1
3254165183,1
1660889534,1
385864055,1
2412895226,1
2166946698,1
47969711,1
230254846,1
171480260,1
631436852,1
4818092890,1
3399075250,1
582293703,1
45802866,1
574087401,1
257568299,1
484943965,1
7492292,1
4268512475,1
75598081,1
281701597,1
311074404,1
1040134476,1
6443392,1
3646408874,1
726505258415980544,1
2384215806,1
3395390663,1
544142863,1
176022966,1
2739123935,1
2914473202,1
4468775656,1
702957764260327424,1
2714455534,1
1975733520,1
125950791,1
2731905976,1
72621572,1
3438570748,1
2857162997,1
181684018,1
3309783615,1
2695632918,1
893330910,1
390985672,1
3046930360,1
3030709558,1
2874898612,1
798181337433829376,1
1050781381,1
2937209879,1
1086749148,1
955289912,1
1070320147,1
348323243,1
253037330,1
3041069908,1
2349319657,1
249862119,1
593237139,1
383639966,1
3029167981,1
1039731007,1
382056971,1
588579160,1
2717902222,1
987640627,1
429323174,1
345341203,1
2199539758,1
584096772,1
751515465017679872,1
3852977062,1
254646788,1
1101021343,1
1117639170,1
539098109,1
1001463980,1
2341285060,1
1118805018,1
1036864910,1
278590030,1
1282936026,1
138172178,1
2432948813,1
192118395,1
585409998,1
943572877,1
2383579672,1
2382294142,1
1411184052,1
515470569,1
2267355079,1
1443633074,1
326320843,1
435329079,1
490529086,1
1241974550,1
1058212146,1
374006406,1
325127006,1
1566546614,1
2663921790,1
728804562,1
7773732,1
930194618,1
2338719661,1
14376973,1
2852316766,1
396686981,1
423831266,1
1341254522,1
3079251951,1
889554902,1
32937876,1
16585163,1
953887928,1
2817956454,1
456677700,1
1156714753,1
265060963,1
2846559233,1
364189418,1
4620748593,1
410234636,1
49318571,1
100602777,1
981832592,1
750847152,1
1220767266,1
84135603,1
2658993140,1
256697871,1
2301455117,1
2328765859,1
1587765782,1
2345481387,1
2260295838,1
2863121903,1
2002721,1
162785606,1
85358343,1
2457779709,1
3001239377,1
424142793,1
454025401,1
136923043,1
1066207429,1
2828057292,1
1167287822,1
98488359,1
2990123956,1
2359548435,1
987294012,1
345524427,1
2400465787,1
149519170,1
2809762856,1
2862460560,1
60434164,1
9623992,1
224759837,1
274915400,1
5676402,1
30504173,1
555309932,1
1124944140,1
390067665,1
4622550376,1
1055484026,1
2790586844,1
3306404625,1
469668974,1
1148128807,1
1101448555,1
2315712128,1
525584324,1
490376098,1
802130232,1
3332448431,1
1368234301,1
184018328,1
3044947366,1
4655621236,1
274138838,1
442324308,1
2935085782,1
439290200,1
115175546,1
1683545012,1
3332678698,1
485493017,1
952525316,1
63123584,1
226511693,1
280548207,1
50597132,1
2348648967,1
450517687,1
16120863,1
454185478,1
1239713814,1
2385369457,1
2242835089,1
398987806,1
93654824,1
1026423224,1
242301103,1
771197191,1
2244460336,1
505731055,1
703834247,1
52330988,1
1528766720,1
1228029926,1
1713152299,1
436642108,1
8556542,1
552169536,1
1511735094,1
270372295,1
336406661,1
22757909,1
452064464,1
402836961,1
486077820,1
491156990,1
1017508194,1
189874068,1
742009296129564672,1
468410833,1
2979050746,1
2939040203,1
2907756975,1
64702834,1
2245018619,1
748173713787465728,1
2341987590,1
130181213,1
885303356,1
1036788019,1
264351373,1
1088675498,1
953377416,1
378056903,1
525868277,1
2680617799,1
2778206704,1
627784163,1
2315538860,1
4284240269,1
3401876698,1
1600253772,1
514440497,1
381567713,1
3050234032,1
1230871339,1
2924378676,1
2354862727,1
4404458955,1
1280566146,1
3110215779,1
716422928,1
278425671,1
292063590,1
84193474,1
712941879113949184,1
3310355760,1
2498940386,1
541692979,1
1088385948,1
519379680,1
607517520,1
628772007,1
519297126,1
927916422,1
204486379,1
416928501,1
2247433494,1
517517175,1
1257072463,1
1171486081,1
421941338,1
4850581731,1
2946017621,1
749248856,1
487804173,1
904438754,1
1726668865,1
515561206,1
706057101,1
1086201870,1
184366311,1
1020431113,1
987068240,1
2728490969,1
28228305,1
397481743,1
2835838203,1
1013556894,1
1254165626,1
3417233499,1
454174327,1
2852162818,1
1272905017,1
420600920,1
3344669734,1
740153729291329536,1
3124079014,1
48317081,1
599651301,1
3468355577,1
4079805563,1
1034473320,1
3291493733,1
1392931717,1
471428838,1
3345485428,1
80115332,1
400281219,1
1179771493,1
2393110796,1
415750859,1
18904709,1
499128183,1
2267288613,1
197793098,1
70650884,1
355110852,1
322528854,1
3233850591,1
186203246,1
435314449,1
889585220,1
3331253727,1
45466299,1
2985726117,1
403289184,1
736738094,1
889896296,1
1949944004,1
1351714225,1
309083041,1
1352573959,1
80672878,1
1532086514,1
995538919,1
1482353762,1
148117776,1
796448330,1
166285112,1
47069553,1
2763290893,1
37026353,1
412434771,1
1249531747,1
952076750,1
1886003580,1
382260533,1
2671785441,1
458273458,1
369360844,1
1061331960,1
2578671909,1
1198812816,1
480637193,1
416402068,1
596584630,1
611454326,1
3105750287,1
597545163,1
88731319,1
507715196,1
1538939490,1
747048616859176960,1
249316723,1
336861442,1
345579983,1
3242084475,1
46643607,1
1221955844,1
2179687533,1
328486212,1
402324365,1
366492481,1
2392999674,1
3247047894,1
2191838384,1
3317377714,1
730098624907071488,1
2194870025,1
4786498851,1
390040304,1
3313182886,1
2225313178,1
295238173,1
2773387901,1
572016396,1
197374715,1
398290240,1
2328266847,1
595509264,1
2978524469,1
821482051,1
473339406,1
96582995,1
719466130272870400,1
3295200393,1
1855425530,1
1694889541,1
394814291,1
1662478286,1
1327803948,1
982932835,1
488767725,1
292518912,1
1040080075,1
931280858,1
2350667052,1
1697604230,1
448826586,1
1112700469,1
1069380308,1
288204711,1
50587360,1
2202834702,1
490358485,1
244566202,1
547163331,1
2942275894,1
866421828,1
3345732245,1
516680545,1
1073842549,1
2800037465,1
3730828101,1
230319200,1
1160616948,1
63800968,1
227431559,1
466415211,1
2348830478,1
91645474,1
421858288,1
716911634871160832,1
246377592,1
267219188,1
512018266,1
297435979,1
2853451763,1
723392517081718784,1
1558839894,1
3127610290,1
181684989,1
4195440875,1
430995535,1
740277257424523264,1
1361815838,1
2335372808,1
414373079,1
507970638,1
3154767440,1
2353976618,1
703307259607126016,1
321926818,1
222224368,1
759717599328411648,1
783020674952626176,1
2584582892,1
1381974631,1
2878690973,1
1248044209,1
418968176,1
297060762,1
2983119910,1
2443995940,1
3129162854,1
3299621284,1
3368229117,1
3395020235,1
518587771,1
2638919492,1
406584242,1
2850567417,1
197913402,1
236332690,1
393550671,1
493060779,1
118350967,1
1637660911,1
2464335277,1
16537991,1
515791905,1
627894231,1
45863022,1
544153027,1
507639440,1
483235585,1
1062453319,1
9619082,1
303682085,1
70201562,1
1131511106,1
22601538,1
387022949,1
624903,1
447846362,1
528846336,1
123334771,1
899901025,1
863031162,1
4143660646,1
93707333,1
36636510,1
279594662,1
158813892,1
72129328,1
99997947,1
528865870,1
108024320,1
273360926,1
26968329,1
1127733265,1
9817502,1
89518361,1
458347992,1
448157541,1
10059372,1
416644604,1
286733758,1
397613147,1
2384921132,1
57069599,1
3312303309,1
1060611614,1
1039306657,1
7048432,1
2418756838,1
52305444,1
484993582,1
15445966,1
226248120,1
190987854,1
269253670,1
547699314,1
172034177,1
133692338,1
1065857210,1
946282471,1
299892356,1
465389756,1
38398195,1
356404890,1
268811761,1
1009243501,1
89216551,1
2896572294,1
112454772,1
221816869,1
829790846,1
4194094995,1
399585033,1
389104963,1
392699679,1
3338622107,1
995160108,1
237248877,1
493278355,1
406580561,1
491212220,1
1407748796,1
35819412,1
293500255,1
921502448,1
81648032,1
88254217,1
2997431799,1
6149522,1
7695932,1
23999772,1
2569072195,1
38205384,1
125070146,1
441851951,1
441676801,1
396864261,1
47912534,1
6164412,1
252646626,1
108939829,1
1883127770,1
1227045804,1
273384797,1
586457703,1
42833853,1
246791045,1
1259170904,1
15491386,1
329600452,1
1657210158,1
740819877859086336,1
4266188127,1
1229510588,1
3317586231,1
627317336,1
1869380918,1
467834797,1
2180545696,1
4915900165,1
2905617357,1
2906893858,1
2376465507,1
2985859289,1
2784502136,1
2260378864,1
358119628,1
703974865859117056,1
4771794274,1
474032443,1
1015993314,1
749581630348591104,1
2418774046,1
4909508512,1
4342029017,1
1311997098,1
396684732,1
717075917638672384,1
3002208143,1
51798964,1
381378184,1
386564072,1
587416724,1
717094500179566592,1
1511107916,1
715845013,1
577226307,1
186512263,1
2233203519,1
2569113408,1
702371920,1
2436755911,1
3457524023,1
1008510270,1
390266324,1
2906132536,1
262100774,1
224226820,1
2943736768,1
829507466,1
90183892,1
3398643791,1
461369880,1
3036230170,1
562063761,1
1308806863,1
340996459,1
2525924002,1
612984125,1
2756333990,1
2828396831,1
1420532982,1
1244059747,1
749985750121340928,1
757235555541417984,1
1179455066,1
182411035,1
781377673,1
2919730121,1
1011183535,1
515548298,1
312615662,1
3050023667,1
2856598563,1
1140535207,1
873079502,1
995642131,1
307026014,1
1404322896,1
2508778031,1
2767354107,1
8882322,1
398317849,1
4853628435,1
2442669300,1
408437002,1
772125245796970496,1
2804118049,1
2569037141,1
2878408107,1
4526794900,1
703674148309098496,1
3958590737,1
372208149,1
468260476,1
253714436,1
3199220876,1
765979700808286208,1
1317075626,1
2523203476,1
1250267900,1
1871088685,1
531310192,1
2363670784,1
240317733,1
421871662,1
76786936,1
1305089760,1
251309387,1
469760654,1
2338806398,1
1228461907,1
560286269,1
3343049686,1
1406267430,1
9925862,1
1648199708,1
60577301,1
87159394,1
432943176,1
41480658,1
577337366,1
595124541,1
544221226,1
1638096936,1
2206083227,1
426755550,1
4588321522,1
273316238,1
1128641766,1
275434452,1
358626243,1
866449578,1
301922459,1
2811584671,1
4622433142,1
906858110,1
1310811456,1
3374386924,1
993828108,1
711206425,1
854600858,1
479028260,1
2922636723,1
588149132,1
2356163072,1
368595599,1
2967051688,1
3515535076,1
2656984642,1
1180622503,1
4089359207,1
2894383587,1
3063216130,1
847325940,1
557246302,1
592622025,1
1225904144,1
232132456,1
413416371,1
445284060,1
4229498536,1
935490462,1
1655311418,1
433750466,1
571133532,1
3193772039,1
4327300043,1
49709806,1
469103936,1
397593095,1
969789116,1
2673334859,1
2236761742,1
354314814,1
752559084881211392,1
115410183,1
580344256,1
411304327,1
102804357,1
470069972,1
1344866701,1
3306587122,1
1429916701,1
252585311,1
2984349707,1
443187387,1
2179652340,1
1639844875,1
1175727986,1
297599017,1
2324434960,1
352304658,1
1164343506,1
3074122662,1
1264916744,1
1386643028,1
283195353,1
2213627417,1
863845664,1
162882432,1
3381839055,1
2413094842,1
278748491,1
1117198494,1
389115081,1
49413521,1
415055892,1
66997607,1
424571011,1
72381260,1
1319044700,1
419828092,1
433397133,1
428271979,1
136006949,1
249120595,1
89413278,1
1071979285,1
2654839015,1
970877232,1
3350956385,1
922796137,1
284654598,1
120812398,1
232575488,1
442134122,1
703817284,1
133038458,1
1539007644,1
941531808,1
109644615,1
453313639,1
831875880,1
185274610,1
477822733,1
1148226661,1
2248023058,1
2351601439,1
1958902520,1
1320264439,1
2310322492,1
2165021431,1
20940320,1
2850074284,1
581285865,1
570144271,1
1254291416,1
3067944443,1
420194671,1
2330508651,1
4686049225,1
3103748006,1
3380511171,1
2392084666,1
4185660388,1
429274652,1
3067658783,1
909935803,1
3156887011,1
2244779704,1
2716420332,1
637057911,1
56460480,1
499921719,1
3166382357,1
4613838695,1
3296744735,1
1357198874,1
4774077809,1
337211346,1
55568482,1
2733334557,1
724722046740127744,1
495090591,1
1296698486,1
14703893,1
423024537,1
405658492,1
385079246,1
1660757306,1
1894182324,1
3026154981,1
289376787,1
361898272,1
746018960,1
2412802144,1
756843925,1
133715324,1
816169412,1
2789274177,1
1937864059,1
500941482,1
3434389990,1
387078143,1
895869750,1
48461963,1
3864432442,1
592767313,1
1324690742,1
1509926778,1
90414424,1
4872175240,1
2423756303,1
45540643,1
456854642,1
2336493886,1
3257520543,1
1475474042,1
1089245906,1
363091341,1
1132098312,1
307954720,1
194572044,1
3001232244,1
100760933,1
1299310382,1
552024170,1
309920258,1
1334270024,1
1851059155,1
495894368,1
548415706,1
1638879860,1
422643715,1
4047168165,1
4835827480,1
4874433580,1
2714594117,1
1581537397,1
923576148,1
456066284,1
329670840,1
396699676,1
1145950652,1
431076305,1
1084011908,1
2927037939,1
456843561,1
558972081,1
231766882,1
1441836270,1
2338106430,1
2170967705,1
955629762,1
531664037,1
849251082,1
227418048,1
2264975383,1
1667966527,1
415664629,1
218839345,1
227078040,1
946140991,1
4404703516,1
244941491,1
954071725,1
107614352,1
66649996,1
210900155,1
616343678,1
382745512,1
45865363,1
2229918534,1
2572210756,1
371274882,1
489781885,1
96325649,1
415437027,1
123497251,1
830747983,1
619299370,1
185794895,1
944659129,1
547890554,1
3145265249,1
82301254,1
83326299,1
811565292,1
471369382,1
486612789,1
751820450,1
3035060441,1
189110064,1
405136472,1
2400347005,1
863020105,1
954347947,1
1199579786,1
1025054731,1
211226743,1
317278377,1
34251220,1
2542909899,1
2391369431,1
229821777,1
2725435126,1
3044636879,1
48272554,1
383888615,1
4657568061,1
2875485406,1
2907503735,1
3169131753,1
101218055,1
65414833,1
2995672642,1
374002317,1
504329845,1
2475022843,1
3075395735,1
773200264635490304,1
736491984081281024,1
4436365575,1
1531397095,1
3082030787,1
3471387317,1
44206038,1
2958925781,1
2367661536,1
241086708,1
3607235297,1
21933,1
432738065,1
434839311,1
4877601425,1
270337080,1
75155781,1
857921246,1
9650902,1
6598872,1
716644863849140224,1
60624922,1
464973973,1
2493300512,1
971840395,1
421271650,1
15692032,1
82577102,1
306686257,1
115139827,1
1332412902,1
460196865,1
469483334,1
69395839,1
514377723,1
1556097584,1
2561253733,1
413873933,1
2749566881,1
1586227562,1
2865271140,1
559445021,1
199216783,1
198585878,1
91559209,1
3353193405,1
2404216681,1
3144040683,1
349818189,1
954041064,1
2909939349,1
719936001968381952,1
404022377,1
1275456488,1
295654900,1
409859925,1
1485214532,1
5440232,1
236335841,1
76976407,1
40205144,1
23578155,1
252332089,1
2726498655,1
123712076,1
950216629,1
3310852186,1
113643008,1
590393555,1
1102070556,1
2495079298,1
2233113344,1
1274823746,1
391450948,1
2769827087,1
725657324,1
1410109662,1
1238563154,1
1133516726,1
1618316666,1
263086848,1
770463936,1
2958805145,1
893666054,1
113667004,1
424216485,1
14094007,1
2808862264,1
211546591,1
2475306529,1
584500247,1
1384017114,1
379216502,1
1885903771,1
956276568,1
100004676,1
1077801097,1
183638480,1
1192998770,1
1068846679,1
2228748954,1
367692964,1
471328170,1
2323933241,1
136205033,1
2892694835,1
266509631,1
1061399634,1
526896427,1
483046948,1
408021280,1
293707923,1
591741476,1
87500470,1
2778113365,1
520251134,1
727775762074488832,1
2401546563,1
2973415361,1
717970219596165120,1
4822018295,1
255499883,1
2519061382,1
491225607,1
735022891583016960,1
2231898250,1
1204728828,1
2345472305,1
4787048363,1
3406855018,1
744263355536392192,1
122476603,1
2929403482,1
2939616575,1
1310846059,1
733682239473635328,1
727850228829818880,1
1006039993,1
400866181,1
2675073532,1
4012526097,1
762953714315489280,1
939170569,1
210549075,1
226510828,1
365614776,1
2891908840,1
469170063,1
361776139,1
731943132338749440,1
527318573,1
774631928834191360,1
1060152320,1
835516741,1
751164362,1
106670846,1
439602156,1
463622439,1
379245447,1
2513097323,1
424585535,1
323156359,1
198869860,1
496254283,1
3685974208,1
2871744439,1
192253996,1
2537297638,1
601972301,1
236364144,1
3760205177,1
2155775806,1
730749557789851648,1
2409566784,1
2364476951,1
1364703349,1
603612465,1
2486333230,1
942010068,1
3535552281,1
124426856,1
3351692872,1
710498404531630080,1
3001111939,1
1036575512,1
2998534481,1
611680497,1
700630516043649024,1
418081562,1
2749292998,1
2533829229,1
827716970,1
3001084382,1
508717801,1
752800121138581504,1
3030837185,1
712933197290606592,1
722684492,1
36286962,1
133242957,1
1004193134,1
448806588,1
261745556,1
586675940,1
940223707,1
447863789,1
2425450727,1
995021599,1
271306726,1
4210012725,1
533690230,1
4885903612,1
2563400395,1
851981688,1
2345206182,1
1543714862,1
541061131,1
255229437,1
1325008650,1
3337309864,1
99964869,1
277446800,1
52225379,1
288871442,1
490548353,1
1540142966,1
413231504,1
8644482,1
3457666769,1
332522093,1
712668381,1
486787100,1
700939605521145856,1
581752139,1
4252032136,1
516890828,1
494827982,1
948427543,1
483727150,1
2347562993,1
3240372507,1
1283709019,1
3646464681,1
147293373,1
317336535,1
2768212373,1
462026678,1
297548565,1
2364563704,1
4243675906,1
856629102,1
1326880621,1
209618253,1
2352132366,1
1110311593,1
2244108384,1
2762061357,1
3014428659,1
127435541,1
907601977,1
2417843232,1
3168904809,1
4405643841,1
514422812,1
410564489,1
1042228705,1
3030866752,1
2792094531,1
4878708910,1
704996147,1
1190590579,1
279572692,1
557943728,1
1923305407,1
798619735998996480,1
1898486876,1
587281863,1
752299549637668864,1
749611364,1
391620881,1
354322711,1
738344440851468288,1
479573398,1
447005422,1
432451617,1
2994679426,1
550084298,1
3064476580,1
766462243,1
237392330,1
476866628,1
1014884664,1
1142481625,1
37756411,1
409103399,1
2375430686,1
575654596,1
485044249,1
433223568,1
17043013,1
257491066,1
305694390,1
4784984566,1
133342361,1
86904110,1
120558138,1
69955904,1
371399195,1
141693275,1
3052866272,1
254969508,1
479054996,1
4405181775,1
46887047,1
2782963885,1
1605951806,1
432259780,1
2268685606,1
138364373,1
3242281907,1
93962722,1
250774432,1
2902589133,1
489291238,1
2302363096,1
4860590037,1
540669424,1
76993549,1
2889612136,1
2262991946,1
720515573,1
1316416861,1
3640747095,1
96313736,1
1285373419,1
107246102,1
464615450,1
788049329403506688,1
258460263,1
318440967,1
67734927,1
3396685594,1
3417259449,1
835177470,1
3250047701,1
3049334202,1
530990399,1
495045767,1
1498786196,1
4714487295,1
707554040,1
987258930,1
537538390,1
2440253132,1
2973540729,1
1286897317,1
3301844175,1
2647427506,1
2542038342,1
1331730614,1
2813029598,1
3977951957,1
3713310497,1
3293573594,1
2316519053,1
273995451,1
381128944,1
1023765146,1
2751861019,1
2827148957,1
1089413082,1
3589544177,1
3401298100,1
122497273,1
3086975528,1
1264214780,1
2719470235,1
767413359448842240,1
7184902,1
3068966572,1
548738657,1
538566780,1
410735674,1
417227638,1
1093276411,1
2189123792,1
2454559204,1
268749571,1
4582495415,1
247726328,1
238718282,1
2390176060,1
412556755,1
276029690,1
147709032,1
1441091340,1
573463042,1
2529482186,1
2660717879,1
1479702782,1
3044318702,1
217374235,1
2491602792,1
1162661400,1
1252946868,1
3140978387,1
941041278,1
396745952,1
2282351922,1
1080882642,1
719102022591639552,1
980852744,1
2774559063,1
4173348616,1
760849751608668160,1
2738358863,1
355905384,1
4742823747,1
2760801606,1
309575298,1
1295567060,1
2595985139,1
3909032295,1
962736661,1
311497321,1
550939002,1
110091649,1
143539917,1
891381614,1
3971921128,1
1043319710,1
63126601,1
1449979988,1
407598164,1
813815496,1
864546176,1
227605442,1
631810976,1
564876371,1
573049351,1
712045138374213632,1
464536669,1
2472152787,1
4754556873,1
2978426715,1
116750021,1
747492094881726464,1
264703894,1
4827480611,1
503680346,1
500633142,1
2513098776,1
706940531495051264,1
732559986778374144,1
128151527,1
2885125256,1
29220492,1
903551454,1
3948938717,1
2273200191,1
102119784,1
1370308218,1
33897141,1
1057511179,1
787227720094736384,1
268001006,1
2333704591,1
1104120920,1
4764008248,1
22484478,1
15123812,1
576074091,1
280057090,1
2914303918,1
2911434461,1
958633201,1
424237536,1
2894747885,1
3355557795,1
117065803,1
844292455,1
2544957299,1
1124653651,1
172710533,1
3318552736,1
3448617916,1
2232915432,1
503389433,1
137939617,1
2430808297,1
2410911599,1
475184361,1
485712006,1
1227802784,1
701220226,1
3022681938,1
438694136,1
1257582146,1
412171975,1
128176490,1
185797893,1
1238682920,1
560972582,1
250641287,1
2229631676,1
1262157433,1
237241091,1
448654279,1
803010732,1
121859039,1
252628345,1
1137454927,1
204226150,1
376285251,1
440977656,1
2726457153,1
358968735,1
303443930,1
502069596,1
174290498,1
553374200,1
2359198747,1
432764261,1
2994986278,1
236573642,1
720638490766086144,1
40242521,1
3338655335,1
317659038,1
727330183473160192,1
1498521200,1
2726780518,1
390101976,1
253667606,1
4100708253,1
92996440,1
599364534,1
1518874812,1
2942054782,1
1688073932,1
2280648054,1
55251916,1
380243566,1
366511130,1
465408460,1
47758527,1
275967943,1
155965571,1
783276237351489536,1
3002109657,1
510267433,1
1215166160,1
308965894,1
1161230660,1
216714835,1
708285133971914752,1
2292610962,1
952538916,1
1452129655,1
4283585837,1
2839230808,1
2357461859,1
1157439091,1
1142639090,1
1018001742,1
2884438281,1
1971399660,1
29421881,1
1098245892,1
631464969,1
2374133247,1
140521897,1
1171572038,1
464020852,1
1103371136,1
302244679,1
769900442620948480,1
778503955,1
171013112,1
455375265,1
4830782164,1
188787298,1
414788919,1
240401072,1
1649996461,1
431887124,1
591323175,1
259431974,1
393483438,1
304082066,1
2160731013,1
1329275215,1
570329331,1
2867411482,1
843441636,1
540740277,1
464538447,1
400271467,1
84887445,1
219709201,1
4821331120,1
152555992,1
232798646,1
67002064,1
307606663,1
146366004,1
519348439,1
407051453,1
154638502,1
27473837,1
421839918,1
243545857,1
977706000,1
1054399650,1
2847888735,1
787745070002868224,1
424989077,1
483431115,1
41094956,1
2604042187,1
149458590,1
81085097,1
202166644,1
1177071931,1
227632733,1
2422875421,1
896233980,1
2416044272,1
418259535,1
446426646,1
168761446,1
2180128512,1
104612663,1
405430528,1
1037244210,1
1510018086,1
268946617,1
1499415128,1
173081447,1
834021516,1
428911670,1
528014582,1
253548405,1
353678923,1
219708508,1
269425726,1
234432349,1
311662324,1
1393933706,1
3172191113,1
507555986,1
482513993,1
916593962,1
25800820,1
856244276,1
2314042430,1
1135323564,1
504355470,1
2184426949,1
449786912,1
532132256,1
2818375146,1
431953324,1
972337386,1
83094880,1
773869687465803776,1
255384728,1
242306600,1
391335702,1
2407854339,1
260186256,1
298032144,1
167338429,1
589383224,1
1378946276,1
2173408514,1
2800729570,1
4919837110,1
335547677,1
2358348371,1
1286465791,1
800971386,1
1307992418,1
1661062764,1
51981617,1
307264002,1
473348571,1
118284260,1
330449169,1
901555177,1
50746264,1
503172196,1
171040838,1
726023557474557952,1
449849375,1
27606971,1
16314502,1
372150748,1
367195342,1
604628522,1
127918303,1
206146639,1
1694289530,1
213451073,1
401244307,1
3211000952,1
858613189,1
1878697513,1
348373763,1
2355327906,1
302708595,1
860043793,1
878470657,1
1923936728,1
252588745,1
2982435059,1
1367005093,1
1931211852,1
2472567786,1
612624941,1
383690993,1
3311188180,1
275145966,1
2265915672,1
2327651732,1
2721779723,1
544537996,1
563939181,1
415805501,1
3143655058,1
1467564204,1
719771713,1
318467812,1
2238936648,1
1935212131,1
3804925522,1
2328728342,1
3389207932,1
4330061833,1
720160136468279296,1
738736280624844800,1
396405583,1
268696849,1
3129780759,1
517829387,1
455229748,1
2714080196,1
246772500,1
125748181,1
2842784237,1
1177010244,1
381221179,1
2364054668,1
249910566,1
2221887969,1
309277206,1
4586557397,1
1180016617,1
249751492,1
3095395041,1
932814966,1
356050856,1
3179961507,1
176771140,1
2279477919,1
4212866417,1
420526736,1
2712636045,1
704779333307650048,1
873734450,1
3888428213,1
2984198033,1
574343995,1
1684079311,1
785367204703461376,1
271541039,1
109361238,1
3631947141,1
424281659,1
4194026595,1
2927010322,1
1247496404,1
1219652864,1
3318018407,1
769588195977723904,1
770271033119178752,1
1274727440,1
465082146,1
2489572129,1
247863643,1
1176131220,1
1261644342,1
204814083,1
486876996,1
483198813,1
2238237993,1
1867337995,1
740809051,1
194941208,1
2449514652,1
2982653979,1
3301082218,1
434326936,1
434372109,1
945453433,1
387306378,1
1332378620,1
1389335053,1
1017977773,1
1640096334,1
1260037848,1
784949792,1
989463211,1
536501116,1
2967451289,1
1435168926,1
2370723536,1
311694861,1
717797844934082560,1
203827028,1
621038509,1
479575055,1
949878890,1
50265477,1
505826561,1
1168472275,1
3323385291,1
344802896,1
348334390,1
340206383,1
369200086,1
177539420,1
700690132769370112,1
46891993,1
431868464,1
405487415,1
597499995,1
2939273031,1
827585288,1
2451731660,1
111728066,1
1277793402,1
938810556,1
704238977,1
764052185206362112,1
184348439,1
489199735,1
14238289,1
1061376037,1
187256895,1
2359724456,1
81350387,1
718184199908421632,1
4092809355,1
952533872,1
382880462,1
1064018144,1
2414907218,1
633960487,1
462851481,1
632814671,1
548701342,1
700879880,1
286756094,1
120594286,1
428925814,1
239736419,1
299760826,1
1009309458,1
415525282,1
3700421236,1
457608453,1
2540842325,1
1601156844,1
2262659572,1
52995543,1
40354809,1
703619424,1
711909518121312256,1
85827368,1
955966339,1
780730338,1
385904680,1
139051050,1
4090638149,1
463192964,1
23460272,1
2527788012,1
2510254619,1
751509721333596160,1
37971075,1
2833760769,1
549064750,1
2754565029,1
977867604,1
4892583579,1
320840126,1
740962015611637760,1
394729845,1
2513230784,1
1712610582,1
227749617,1
1068405199,1
3318120640,1
423703761,1
4753970247,1
9680302,1
433392707,1
711510591,1
11842432,1
231726084,1
382639791,1
149126999,1
2152285137,1
2609773355,1
1080855186,1
2354652397,1
3587936236,1
3930881235,1
8111252,1
114041232,1
48291322,1
415387207,1
50583358,1
563886478,1
1148764633,1
332740913,1
3131324031,1
371720917,1
1465687267,1
50950136,1
321885054,1
52364658,1
340128358,1
72009402,1
77743085,1
196527314,1
182935367,1
40716189,1
93908411,1
2877035033,1
2170368595,1
573881279,1
476945131,1
1528783652,1
611841018,1
137997259,1
454706789,1
1221291,1
102200819,1
104850879,1
447990031,1
475956693,1
3503816116,1
60883783,1
189821935,1
290678266,1
2155539577,1
855369620,1
337209494,1
434184878,1
2976609286,1
51906999,1
29032009,1
2896156791,1
750963366,1
175072380,1
1908263497,1
54226483,1
253542906,1
2330339683,1
374523634,1
2650654990,1
436700605,1
4688837276,1
418615937,1
81689292,1
499824912,1
3256585139,1
3338788090,1
2700524386,1
51119232,1
417356257,1
3382760081,1
771702640019402752,1
84307195,1
3050231175,1
2864131491,1
381964547,1
2758218200,1
712297106036428800,1
2507210803,1
297946868,1
4859352526,1
4459166907,1
1511601781,1
1361432923,1
2775293393,1
1891583048,1
4844733082,1
2606389745,1
422670896,1
500174528,1
2270512536,1
3440230655,1
263684035,1
4249515683,1
470364053,1
204883834,1
1162209535,1
453295053,1
238573328,1
52509655,1
426640529,1
165408634,1
14442736,1
4194782727,1
3025016987,1
738878628998582272,1
1272944370,1
354263877,1
564693328,1
378752718,1
728897876072534016,1
86163872,1
187725799,1
160556117,1
484234180,1
80891401,1
14184504,1
358244439,1
146215790,1
837804025,1
304639365,1
115170866,1
764080205656981504,1
213701690,1
1612650822,1
898194878,1
765520266944454656,1
131262995,1
55559303,1
470102886,1
2291003508,1
741563433825505280,1
1028756479,1
464123632,1
4229498135,1
1315409688,1
2706670751,1
790849429003767808,1
3751200317,1
2340205333,1
517628785,1
2259405513,1
2754635521,1
1315096190,1
457375249,1
1722899785,1
795413849381998592,1
209228950,1
67277783,1
14570884,1
62060285,1
896141977,1
16592657,1
90493962,1
43891997,1
564370558,1
134102796,1
1251629106,1
347953519,1
295067525,1
2182130242,1
2254095363,1
398934233,1
487899058,1
578906912,1
708970152,1
2397882503,1
861313466,1
215374702,1
998818928,1
518305107,1
104430215,1
1851551826,1
4120481003,1
1307817714,1
1048968648,1
214604553,1
1192866157,1
2380566639,1
1045531866,1
1621368146,1
3130552521,1
751920799964098560,1
414369290,1
2811252663,1
3289645138,1
1001745906,1
537389666,1
603437317,1
58891895,1
61419304,1
69845361,1
428458020,1
53139843,1
383531511,1
1475697865,1
602216944,1
430060194,1
13276922,1
3339999905,1
58762054,1
2700638454,1
4775447135,1
266249609,1
4184747841,1
2393684735,1
172472233,1
272473332,1
138418305,1
2942626198,1
2799355986,1
400428539,1
370120962,1
2715371230,1
2840111003,1
2780048603,1
249758704,1
16329521,1
1442514810,1
226641470,1
1955145548,1
1220930162,1
2297955914,1
440313526,1
1283518398,1
387120328,1
163896252,1
936533587,1
310864756,1
1588777538,1
1540767944,1
2884770762,1
754368761185046528,1
993853790,1
836237598,1
704615029572825088,1
3879969267,1
762727876286410752,1
2685703353,1
320840015,1
574396225,1
431622091,1
970835599,1
419862356,1
235410469,1
71806270,1
757054681,1
354165740,1
29556279,1
52063355,1
485114039,1
2867329397,1
549605964,1
2225589287,1
4193632539,1
1339157467,1
616052541,1
2315349157,1
1690365794,1
355496018,1
1048883828,1
3299563144,1
406116425,1
49358807,1
483321494,1
846790633,1
385952157,1
455094599,1
2435916027,1
1154856690,1
3444171,1
1359099704,1
379224837,1
723777820309217280,1
72132769,1
306730394,1
4254101320,1
183405973,1
470515225,1
500230476,1
1057682683,1
294600641,1
3131729685,1
759772392444993536,1
2569816533,1
2354818038,1
722514964095889408,1
744514206360281088,1
445705786,1
22604437,1
767688070779002880,1
4861481447,1
135869288,1
39722579,1
970153256,1
3056847964,1
2314342300,1
989346433,1
3243183527,1
1371763459,1
2187267384,1
215700849,1
326679309,1
187521367,1
372948910,1
128568030,1
4199553285,1
1503550754,1
225413045,1
621234764,1
82870248,1
347879345,1
94185564,1
370828082,1
30437379,1
200537738,1
103879100,1
310458877,1
1510489741,1
468585900,1
1217043228,1
17948183,1
593693314,1
520792250,1
84817919,1
851471263,1
2570992524,1
382265822,1
2545730562,1
3262192089,1
1559842459,1
560260712,1
264674074,1
346729893,1
1277404100,1
1026219187,1
2452728714,1
2853912412,1
2799227808,1
2163487923,1
303175724,1
800998519,1
2950133739,1
545352137,1
231915122,1
3231835937,1
431500211,1
3396871882,1
1210946100,1
260230310,1
96109716,1
2318930618,1
412948497,1
3305696997,1
1369521278,1
1229273522,1
4853472419,1
1050116880,1
1586673164,1
738839237919944704,1
1149014184,1
15191375,1
434296262,1
254425459,1
2669059234,1
16501369,1
1230607256,1
335331575,1
512049329,1
4048170857,1
63961997,1
3957830837,1
4185904679,1
289838495,1
325145422,1
2856556643,1
37619931,1
1550852124,1
2260660337,1
63419089,1
305650360,1
495386998,1
4181848462,1
321252271,1
1926446076,1
2792238116,1
2207158497,1
1379962796,1
1333390254,1
2308536067,1
201612468,1
448277244,1
1387466808,1
3377613693,1
2472761502,1
1133836538,1
745410799,1
147726261,1
47781017,1
413787509,1
231016344,1
2333071543,1
438571702,1
1039416606,1
441025617,1
2754433723,1
1903397372,1
1221335432,1
3044781591,1
330330577,1
3182253213,1
104787756,1
815373541,1
3297743975,1
300083934,1
807579925,1
2348566523,1
1625597406,1
2726505142,1
317117163,1
785773375385923584,1
2464482982,1
501706273,1
4827606910,1
420135838,1
3224620169,1
3319414510,1
2876529880,1
2865365393,1
469717295,1
1289425303,1
390942107,1
2911276928,1
295567040,1
613258756,1
1405657195,1
331684462,1
1200340622,1
852324414,1
223834843,1
2950363595,1
3410824053,1
495033529,1
1604118198,1
2758570265,1
3096539158,1
701388897817853952,1
587764533,1
2292699266,1
2363041650,1
401502696,1
732580256,1
3392553737,1
564904778,1
1528603020,1
87999971,1
2782395460,1
2333515169,1
636395042,1
3311973861,1
256722603,1
467359617,1
926027424,1
2839730068,1
318068794,1
231170194,1
3013948526,1
760056056693268480,1
73169082,1
938917075,1
526490982,1
521325448,1
487434121,1
395956139,1
570942587,1
1601215584,1
485900658,1
317326833,1
373384107,1
353712460,1
399545508,1
103372549,1
1268032573,1
2159803472,1
4876178589,1
398996708,1
136013337,1
964333646,1
2482396225,1
1425576013,1
3375604709,1
2813579953,1
1389280814,1
1513517870,1
341641915,1
2632275819,1
2365009229,1
288656733,1
2942180603,1
452294805,1
701747343339741184,1
3107226245,1
128998224,1
2353756873,1
386154304,1
459225202,1
1246472766,1
3247227967,1
355122344,1
390063172,1
43712047,1
400073548,1
1479828265,1
232231711,1
326451864,1
105902569,1
4504378643,1
200146865,1
16684696,1
184101181,1
16823683,1
1489965936,1
528517265,1
4910051933,1
34584476,1
280738990,1
2225037369,1
3387776842,1
3343902946,1
430938877,1
283416650,1
482042101,1
1734254454,1
1897601790,1
25538825,1
3001315397,1
257398221,1
444438933,1
351843456,1
2876085995,1
355724715,1
978662634,1
1205970120,1
195379342,1
1324201430,1
461301109,1
74301788,1
581069910,1
431796974,1
1143922956,1
537275178,1
596228713,1
2247093145,1
2948848851,1
1369768926,1
203422096,1
22617135,1
553556334,1
337095643,1
738895631897530368,1
3378041596,1
108447810,1
1661464812,1
222375064,1
352293353,1
55622889,1
383698836,1
82379983,1
360580578,1
134514942,1
267358678,1
245753176,1
451370524,1
403507902,1
98740095,1
56723428,1
351703720,1
2558410536,1
426835648,1
291290398,1
2591510034,1
2742032371,1
201705257,1
455712708,1
1142559871,1
913038170,1
472301391,1
132211267,1
3236668955,1
3045043101,1
3909974067,1
238781806,1
743016612048044032,1
1063332403,1
522038645,1
128648069,1
2703902763,1
425741057,1
728421258,1
585845073,1
538352513,1
529317309,1
293129112,1
424915583,1
50690845,1
2316186746,1
36250431,1
14153768,1
96666156,1
171447577,1
2650582614,1
409274105,1
118473257,1
3027478686,1
1192340720,1
133019285,1
376640823,1
476811892,1
34552680,1
344767294,1
80040362,1
1007092986,1
569368229,1
365580871,1
880920558,1
66313580,1
55819049,1
17849926,1
585172516,1
2202125345,1
2290092179,1
2991945461,1
2250146109,1
2295815185,1
1086972710,1
1859725260,1
2960469293,1
289839081,1
940072826,1
182767371,1
1088783053,1
2739787766,1
22063717,1
568417331,1
4403955207,1
4901807531,1
59165953,1
1488305112,1
67286398,1
1132188114,1
2680186468,1
539157045,1
146219613,1
722437734,1
788860282126929920,1
3433009643,1
738626681418579968,1
449278512,1
394364545,1
1478144047,1
104866627,1
1058200926,1
701364672834965504,1
2985415239,1
494172683,1
2934202073,1
1563873282,1
749398034774196224,1
1173006894,1
1079765420,1
2328994740,1
891432866,1
488484539,1
1474124408,1
2353092296,1
581006334,1
498439069,1
4048644567,1
228708687,1
118072089,1
487891209,1
2375250388,1
1889947640,1
532347972,1
238068247,1
3007673747,1
737934742461526016,1
2813881335,1
2305688031,1
2361702682,1
3720121229,1
2239071753,1
4661080342,1
3317075583,1
423797452,1
69340006,1
2227021837,1
3010384533,1
484133390,1
390707665,1
612741838,1
563773403,1
271407821,1
418048339,1
757644822748524544,1
4622374936,1
700592900544053248,1
1204999254,1
61776957,1
255974596,1
2847895318,1
382029804,2
358200513,2
775827638,1
2683347244,1
2230137172,1
552924569,1
1638934124,1
229160327,1
237633755,1
1013879910,1
975755820,1
455266102,1
710171600092598272,1
4928491697,1
2845726755,1
4266301564,1
65869236,1
2663879552,1
157274048,1
3548317936,1
589995887,1
2367102656,1
51289966,1
57367753,1
463649801,1
63665281,1
98125196,1
2822999261,1
584704603,1
806504546,1
3010484291,1
822119430,1
123943257,1
474764300,1
202559331,1
3300222131,1
3072026097,1
1485951925,1
592806834,1
791764138498387968,1
2945538531,1
2502868003,1
475325454,1
813055092,1
3263800121,1
4354022235,1
1317107058,1
1099421017,1
376695119,1
366011205,1
2523734261,1
891052285,1
3258031089,1
2486067773,1
3303033640,1
184390072,1
2385918867,1
837129073,1
389715698,1
51518999,1
4286762296,1
434826176,1
2646449907,1
2983489509,1
850130671,1
457391512,1
3134863127,1
743200590755434496,1
2722795647,1
2897637250,1
2801408519,1
631191906,1
3134362252,1
3128642231,1
1042337310,1
369012355,1
600962933,1
448775894,1
3044954049,1
197558355,1
369697699,1
231539025,1
54209383,1
1410308294,1
1222708867,1
843573301,1
802291381,1
2358353824,1
2936690493,1
484617036,1
964213878,1
3148498593,1
3089288838,1
605776483,1
428460389,1
3292732786,1
548221028,1
2777724153,1
1364981654,1
1048731103,1
2808612898,1
2851888923,1
574620995,1
241658981,1
476976606,1
1042862978,1
392828316,1
97240151,1
408551037,1
132253492,1
128311146,1
2431559914,1
1090294315,1
30732023,1
573920332,1
93034295,1
2719761311,1
120479017,1
411196574,1
41820644,1
2219899278,1
2788127629,1
795896647,1
894992365,1
225599409,1
90435707,1
14859241,1
461163988,1
994071384,1
3031188244,1
2342856875,1
48274346,1
441914111,1
1168367756,1
297936044,1
44903309,1
2334131475,1
2912679700,1
54926836,1
503452485,1
1190127296,1
1921110236,1
2223036664,1
358794756,1
561391482,1
427694799,1
394292679,1
4764391455,1
1490029824,1
1405646389,1
2174535898,1
2843618644,1
411540072,1
243028035,1
3130622027,1
2733575715,1
2619940330,1
4830251404,1
2828732335,1
3137828671,1
218571835,1
220697654,1
433440575,1
37391110,1
633199752,1
1037459442,1
390262062,1
2769332552,1
2385584841,1
27212050,1
3457135217,1
744871559098146816,1
58719148,1
2824658243,1
4251205535,1
2836265801,1
2362345730,1
762396908409253888,1
2955255291,1
306160885,1
3841697967,1
2991958845,1
290604277,1
827245560,1
1316198996,1
2276303197,1
2274898827,1
3021558671,1
497180474,1
791324802,1
2945586671,1
2978470539,1
3087142229,1
2676044931,1
741723687569788928,1
1685893608,1
774045156,1
521529269,1
796971918,1
606158137,1
740137006215335936,1
2318347912,1
93877894,1
448805388,1
964828747,1
2958009965,1
381581456,1
3227474995,1
575663920,1
546725114,1
122025999,1
378787879,1
763638409885782016,1
40701365,1
1198391592,1
53478215,1
418261517,1
3132681590,1
426706142,1
703580095693385728,1
299861085,1
410736575,1
3177896819,1
946546771,1
516821489,1
1234080900,1
49283289,1
1418554027,1
460933532,1
253571297,1
247343955,1
3352952585,1
1339415130,1
630926258,1
878396365,1
1894622070,1
3891498863,1
126958404,1
186027722,1
566207084,1
233945272,1
512591252,1
158427002,1
279527882,1
1412316816,1
1085581699,1
491417328,1
3313283559,1
2796237551,1
991475617,1
1379420346,1
755562403,1
60297599,1
1098895478,1
282118722,1
980971442,1
586632813,1
2626141156,1
187951994,1
2604312407,1
1394732834,1
229114116,1
295024898,1
2869524833,1
304945509,1
1259861648,1
1272928376,1
544183052,1
2762991057,1
3854006068,1
3345672868,1
738805650344542208,1
3096569741,1
2799904159,1
2784347102,1
144430939,1
4794876481,1
3031025781,1
44849523,1
2369487383,1
2797539111,1
428368107,1
713474860899516416,1
545848514,1
435153058,1
822200874,1
1307442482,1
78679122,1
1546547437,1
1009029900,1
1172866820,1
3412199991,1
1931276270,1
459977317,1
2316274661,1
1431247669,1
2653950543,1
103646510,1
265017059,1
531821962,1
39028896,1
290758240,1
4374099225,1
369989109,1
421098765,1
514280693,1
359886824,1
94594903,1
767596251311407104,1
1570552098,1
337394074,1
2447803388,1
207889948,1
90124895,1
2866614668,1
2271564014,1
590037686,1
487401738,1
603718856,1
277993655,1
433293009,1
872579222,1
4598939601,1
789968486,1
185884289,1
576542327,1
439147800,1
185197808,1
621285762,1
3366083633,1
966419364,1
3920924531,1
868692835,1
496196986,1
277948552,1
155892437,1
396461139,1
453094218,1
2652929369,1
2359894718,1
2804052821,1
45346999,1
1872662737,1
379606499,1
2199349648,1
1947476942,1
3012360363,1
4896551026,1
4924743345,1
276187826,1
995341382,1
1068206922,1
2387695565,1
3159816119,1
536140387,1
3949425333,1
4857911091,1
432778390,1
1225968722,1
425479495,1
2905245363,1
1060609862,1
1158224899,1
3033519897,1
1099207608,1
489546240,1
2958883751,1
3322494874,1
810395744,1
142593220,1
137690319,1
724628269333635072,1
807358640,1
322054650,1
421166716,1
586731493,1
2306080108,1
4121288038,1
2482345727,1
3345328114,1
128688814,1
3072338914,1
1870961815,1
717935355,1
149233295,1
449543043,1
466628457,1
90501152,1
2305829379,1
2253438805,1
380314015,1
1857123030,1
911054077,1
185991911,1
817470648,1
2569176482,1
714561841968582656,1
21929177,1
525733847,1
523255151,1
562285429,1
82636356,1
2828477103,1
2266329732,1
137126479,1
2604719213,1
2416029024,1
1731287791,1
46395480,1
1289326484,1
2986015264,1
146132863,1
1422351205,1
2250911242,1
23304197,1
420447587,1
223877014,1
987660337,1
3432830997,1
498096650,1
411046193,1
22381502,1
827079967,1
1470453612,1
1305597956,1
891456458,1
350300800,1
291817398,1
2981281283,1
958750693,1
1525663820,1
2889628751,1
2915090824,1
2735980101,1
106731377,1
1020342666,1
2342619006,1
3197165667,1
713721722613211136,1
1960528369,1
445476842,1
701046240788803584,1
744167896985767936,1
418236949,1
744659342738210816,1
531243852,1
210981281,1
50456514,1
95916616,1
266187852,1
37687747,1
65605218,1
256051085,1
216471530,1
75751731,1
70390382,1
89777464,1
3334729282,1
760249006693949440,1
3521541201,1
1264951584,1
37892753,1
1227447218,1
4031416222,1
184799522,1
4909156781,1
985241923,1
585397603,1
1614700928,1
357663897,1
399975769,1
726283597,1
3341854365,1
2239529617,1
1691020704,1
354247300,1
15709507,1
1366710674,1
1719583506,1
264332440,1
1691513624,1
1396350326,1
752520131553660928,1
2844842721,1
128665109,1
1004133380,1
202219931,1
448825733,1
239754039,1
1967204306,1
68699856,1
3347777716,1
3439568590,1
759460766273695744,1
2782232786,1
370685230,1
477961723,1
1031322212,1
479421317,1
326079797,1
1464024529,1
415071140,1
9113092,1
25659079,1
354767880,1
302781617,1
2850694076,1
74957122,1
753014750,1
470257543,1
926290832,1
2842026963,1
342280480,1
1499227555,1
188057072,1
4853860876,1
2432146794,1
746789156588765184,1
493224817,1
275741325,1
197198251,1
421753222,1
2479891578,1
101060119,1
780085489953112064,1
2932010800,1
3892072667,1
525706428,1
721337052168613888,1
466397112,1
493318360,1
446432218,1
609387539,1
2974429487,1
524545909,1
282624338,1
227452853,1
345535835,1
63669184,1
3758749036,1
857730480,1
2410594372,1
4136435007,1
532562936,1
575138798,1
164608349,1
163103141,1
97925608,1
562116747,1
1402688845,1
1161727848,1
3131392025,1
2172415018,1
4017811625,1
785241734930399232,1
2956729840,1
2761183186,1
4523452875,1
261222906,1
2695417883,1
968097420,1
29478533,1
970504938,1
763485613,1
251106558,1
4381865057,1
176754984,1
96192049,1
2233742663,1
523394825,1
2282549490,1
18768671,1
2151394615,1
702545722386849792,1
2492674834,1
3169786348,1
361959245,1
1220811823,1
410179097,1
2776130891,1
2861271427,1
299040343,1
4257265342,1
538693068,1
248268309,1
426206234,1
1048154215,1
3179203371,1
2881013986,1
410040480,1
450957612,1
538108617,1
530969708,1
1620821989,1
3056592447,1
112807659,1
14398193,1
2318264715,1
1653235658,1
1369902319,1
2752533209,1
428437952,1
485505586,1
53198326,1
61984934,1
1426493510,1
70757011,1
1037847751,1
415129119,1
436189641,1
4437690677,1
1018100335,1
762068647766532096,1
490219106,1
3088538206,1
38695490,1
2275247204,1
852983923,1
573441673,1
2173149525,1
448631884,1
2927551738,1
4155402466,1
4221257325,1
321426934,1
55865413,1
94333817,1
32495825,1
1595653056,1
2756373567,1
387910823,1
582761868,1
1077182928,1
2534513566,1
1354437403,1
572173256,1
82837121,1
143079781,1
524355966,1
795963213724663808,1
2552094506,1
906745448,1
1964814212,1
2203060653,1
1606319989,1
1414866230,1
1021306837,1
2754851246,1
1333771333,1
538327949,1
50589162,1
307960634,1
62500641,1
1303573562,1
2295167733,1
862630590,1
3165463553,1
3349425333,1
20336368,1
596568218,1
482483873,1
1555826826,1
488674564,1
482512417,1
1005966932,1
720207369645502464,1
496431001,1
833471496,1
147943641,1
181949906,1
458721979,1
874365966,1
104580732,1
2853857633,1
2365783895,1
576492045,1
84349969,1
236843404,1
372238164,1
1394289852,1
245877803,1
592932146,1
2522233932,1
288723029,1
2327312221,1
355510520,1
3747181936,1
718870723394215936,1
159465016,1
3025496028,1
1901680303,1
426612667,1
479949343,1
1931440136,1
508830537,1
728275910382759936,1
2230102219,1
491140594,1
212669183,1
238604711,1
494169487,1
18100097,1
4744618343,1
2766062542,1
736363884815212544,1
714553962599464960,1
183992472,1
2790106535,1
3299633446,1
3599907255,1
2604413069,1
3973690005,1
3873538582,1
105087927,1
1448557296,1
621848107,1
11791472,1
784661950286405632,1
1022572134,1
4910351614,1
368856385,1
116214279,1
749610151401906176,1
2514704335,1
1979545116,1
3048846859,1
3225964143,1
487711174,1
537300588,1
735222882,1
99149944,1
929830172,1
88053361,1
321298205,1
268843695,1
3030057003,1
1311541112,1
244958547,1
277573955,1
550162323,1
199790331,1
381925358,1
2577286702,1
184681273,1
405832858,1
69218842,1
337228742,1
503348411,1
312632459,1
786755966,1
256465160,1
85258045,1
431987028,1
2236674193,1
4016845217,1
220854424,1
1397232085,1
2597512767,1
2997506451,1
96563143,1
514552306,1
2956859205,1
1482397633,1
1145390935,1
797894838,1
141615924,1
3015183569,1
7722172,1
2396455223,1
4403034262,1
456987236,1
428401163,1
3080630010,1
49322048,1
622270454,1
111933671,1
779976176416722944,1
3341975913,1
4095450675,1
300847991,1
2995932370,1
768545345223753728,1
4259395635,1
22785182,1
2574033231,1
2859583426,1
72657937,1
108061631,1
4689813482,1
1668102216,1
589218993,1
309784041,1
1643890675,1
2728925055,1
455994196,1
2663697436,1
164472951,1
387121961,1
995565133,1
731218102491484160,1
96833098,1
317305371,1
2768367785,1
781503979134025728,1
873905102,1
1357729789,1
213704772,1
1715498894,1
2245661774,1
4202749258,1
2860637732,1
1416142333,1
420597088,1
3982458934,1
2208172767,1
461567074,1
707572465,1
342733293,1
550989469,1
2960376742,1
520415553,1
746337256483459072,1
172105123,1
472338354,1
25746502,1
299501737,1
2856733287,1
4792564937,1
2407734220,1
784568976,1
487465768,1
80689446,1
977137188,1
1888151310,1
1413711301,1
4854897735,1
3458559863,1
242439369,1
170003040,1
17705943,1
282653128,1
2946666304,1
1478155554,1
4180556788,1
33164543,1
75838061,1
2225008387,1
445424014,1
224541473,1
223868628,1
439455352,1
742969014,1
1701341054,1
2748628638,1
4735423054,1
927074624,1
1325375234,1
111627996,1
99120417,1
14692786,1
4209474862,1
96983913,1
199819270,1
351609587,1
976598371,1
17546069,1
2184422295,1
464217456,1
4791467655,1
2754859972,1
247791800,1
1267096375,1
1639836846,1
1462996453,1
185234098,1
383886066,1
1034897761,1
101276093,1
1605892651,1
2902712642,1
826885446,1
1457097938,1
203175327,1
3067877405,1
521165725,1
280618367,1
750005202913226752,1
439330942,1
566172086,1
2281105676,1
429085080,1
175783590,1
1591649336,1
787703409969336320,1
1222622413,1
423733162,1
48768732,1
105090713,1
57607303,1
547520336,1
372760787,1
1146181963,1
2725812527,1
4149352993,1
4820565063,1
708649686,1
291616519,1
741570412895739904,1
78585073,1
1446152744,1
3165732370,1
80941489,1
189131385,1
524577373,1
2442105406,1
751715726143217664,1
706749882514731008,1
89983030,1
2941003353,1
10282412,1
286264929,1
1264576898,1
1163796132,1
221531806,1
195062391,1
2404859790,1
2758035340,1
753814986,1
873936596,1
2155585841,1
272999536,1
158924904,1
3198028097,1
94391733,1
1152242833,1
1344701089,1
47310459,1
716881918323765248,1
376307086,1
911094367,1
522048418,1
4294368214,1
1016142582,1
4918665993,1
501845996,1
1115056111,1
2621137109,1
2858742939,1
4480184295,1
574579158,1
410750805,1
3384524717,1
2373340799,1
2505848625,1
3179342151,1
24530443,1
3134912973,1
892666663,1
513791342,1
3244101544,1
3043999375,1
398946027,1
2987918104,1
2367157417,1
420244589,1
194598925,1
329682712,1
148786489,1
56792625,1
1254371096,1
1722476839,1
425303093,1
15030145,1
1434279086,1
767795023970697216,1
1058440837,1
722918044880805888,1
212978922,1
956120414,1
131450947,1
517986135,1
763388821677469696,1
3311137528,1
2329296246,1
399385870,1
3695152881,1
3859975996,1
451449745,1
2407292225,1
633001961,1
156939096,1
2961675897,1
3345584741,1
68377049,1
247384198,1
110407655,1
1675230540,1
280999799,1
291928126,1
288356676,1
169958761,1
757209447643111424,1
1006453046,1
4701923905,1
982217185,1
464659065,1
2673154714,1
739466956160503808,1
3511886543,1
2608255707,1
3937656861,1
1132416883,1
2350215422,1
21928718,1
4860423380,1
443484477,1
1176661957,1
16182995,1
2194572678,1
3990076173,1
1278796585,1
22053399,1
545918446,1
281671129,1
3329685046,1
541112195,1
435206684,1
788047479640129536,1
113402282,1
6066832,1
734317977546424320,1
2966503372,1
140287042,1
963357198,1
1383002431,1
4161901551,1
2467497190,1
140040761,1
1201274174,1
537966128,1
547675086,1
2913072586,1
2210367702,1
2804125147,1
458350113,1
477087498,1
222244002,1
385383074,1
23816933,1
174186680,1
1062682290,1
5660552,1
3059265761,1
2487102222,1
440190188,1
260150517,1
1951047476,1
574622954,1
13097362,1
996040626,1
2260290943,1
477524969,1
102998244,1
785143654805598208,1
1652968850,1
70766956,1
2369342545,1
112413063,1
719095505352007680,1
422085981,1
410193975,1
716326404707713024,1
2408255843,1
851456364,1
808924015,1
790526114573742080,1
129499392,1
81668938,1
276572210,1
794233570155970560,1
476976196,1
279650833,1
923055876,1
2208429460,1
244601988,1
3433894977,1
342018762,1
582973156,1
928346816,1
561321438,1
1059054242,1
2804109824,1
1234825501,1
2876249524,1
91201238,1
420575419,1
741048546,1
4904808153,1
14561447,1
173579759,1
97249537,1
496716258,1
2739679971,1
461292685,1
717673555828346880,1
2181843523,1
4016361339,1
769459355406233600,1
1336235796,1
172398463,1
2543565713,1
2808761,1
1697331835,1
2667739481,1
279056147,1
1647476666,1
17688757,1
366755663,1
1388012268,1
180292368,1
1066129710,1
450950333,1
514630178,1
555071417,1
4559961148,1
323853022,1
4860992891,1
521715693,1
2342862611,1
718386886172110848,1
2456837270,1
774701336394919936,1
1149137970,1
1204377332,1
497798126,1
3400254046,1
3047031071,1
1088672947,1
498255199,1
38693336,1
2589921788,1
621058999,1
130944846,1
99743316,1
1704671215,1
739917955383889920,1
432637066,1
3086240912,1
90157200,1
214598325,1
4418638708,1
88450137,1
725983920,1
1970633288,1
397251469,1
2745351881,1
4033900996,1
778531519,1
2974538194,1
3555797841,1
3555967877,1
284071406,1
2379390857,1
757002450,1
2170310526,1
761697672789098496,1
1492876160,1
1976578177,1
16982629,1
598242321,1
541038248,1
355571709,1
821561744,1
3399782626,1
253579575,1
2158629268,1
600472524,1
42394660,1
2563131246,1
599299632,1
2694982606,1
1198402074,1
1896618822,1
96446959,1
2392070607,1
709467172,1
124717385,1
2150341105,1
831220075,1
3814697663,1
193363972,1
1270199540,1
79282660,1
3327831430,1
390778324,1
459427292,1
446513958,1
136404441,1
27045866,1
225416370,1
589180958,1
3335064958,1
972582380,1
749237202,1
3041231505,1
2814040655,1
375784897,1
1070780718,1
2563027047,1
478619734,1
1421358978,1
636036163,1
12066442,1
2653512165,1
1448165712,1
2951057926,1
624026003,1
50441591,1
105218121,1
260739559,1
73393363,1
741316758448001024,1
1008905316,1
587385901,1
545883686,1
483259741,1
195483716,1
497263437,1
47891008,1
1009888627,1
1040428459,1
1525283119,1
2384025086,1
1544093054,1
2322236449,2
4624659274,2
1095109520,2
4867399546,1
475578901,1
198229026,1
4802109016,1
475181214,1
