Node,Cluster
702594325625085952,1
83185672,1
489722273,1
983253218,1
562823508,1
404088514,1
50338513,1
1467415374,1
79814913,1
2150969605,1
7844932,1
164225784,1
30656303,1
2894775544,1
63722830,1
391379955,1
526552069,1
481359440,1
201412456,1
75881487,1
416466936,1
1102070556,1
93691257,1
59746019,1
458368651,1
2290924705,1
1160212783,1
1023906182,1
2776509252,1
2192271144,1
3312179327,1
1078134512,1
1140264841,1
410808584,1
486988544,1
248176574,1
27927840,1
107582221,1
465390684,1
302708364,1
445332184,1
154082631,1
39475962,1
57282569,1
9234892,1
275225571,1
170684718,1
130851801,1
558591392,1
472989062,1
293504218,1
60624433,1
395385134,1
325564671,1
79385667,1
466920481,1
96143583,1
853678268,1
1070732071,1
69598685,1
229082336,1
3345672868,1
3191220899,1
1171761254,1
296732220,1
71204488,1
385408308,1
2927010322,1
388572693,1
2479381757,1
495955147,1
953901380,1
432926462,1
255448965,1
426038482,1
74759588,1
398291306,1
439397412,1
250649897,1
188043254,1
425261926,1
14145846,1
528480384,1
714002059,1
74090914,1
293373251,1
1270403142,1
607981040,1
239411530,1
472149764,1
16402819,1
33725783,1
255199851,1
38205384,1
4405998622,1
97650801,1
375505860,1
1607823997,1
1134403255,1
851112127,1
1482475178,1
24149582,1
183292987,1
156729839,1
536600780,1
2328471661,1
452327968,1
433694235,1
473838944,1
1227625616,1
527149082,1
403430248,1
2342104352,1
1851912031,1
328133320,1
1254324948,1
2184417408,1
1258572001,1
2421745238,1
318575239,1
68006505,1
299780153,1
519529163,1
3070700175,1
422512736,1
2358348371,1
303307834,1
2166946698,1
150196030,1
2252032623,1
415618260,1
795585541,1
613567387,1
28098604,1
172170794,1
2366461149,1
485844145,1
4197625936,1
3022681938,1
2950936654,1
348493456,1
2355256140,1
1264018218,1
1627870369,1
318553195,1
2447002185,1
295754318,1
892990969,1
31255401,1
506387757,1
453044594,1
215728045,1
3946391800,1
2403776046,1
3613181357,1
2741727190,1
1539421987,1
2878223753,1
458146177,1
387349892,1
619969557,1
995271438,1
292417838,1
570833587,1
2431061097,1
2980425346,1
1327701390,1
51522357,1
1932231254,1
985080900,1
412264581,1
605614784,1
22011746,1
393383204,1
86209782,1
2332651824,1
314059678,1
2296153657,1
1729205360,1
594423854,1
389358538,1
16222806,1
602125481,1
780621571,1
2342517254,1
715284283749974016,1
1412754547,1
483057175,1
1726027441,1
29236274,1
415571726,1
332894847,1
538147915,1
1429974884,1
70388928,1
409518536,1
573872757,1
145561037,1
1710375336,1
1245841746,1
1015440260,1
202113803,1
255505106,1
97241568,1
425902454,1
566720919,1
295592416,1
1331086867,1
146738509,1
586498147,1
33994488,1
533959367,1
472905491,1
483434707,1
965956884,1
1084193910,1
3094835193,1
292487530,1
2469186961,1
851233315,1
270623814,1
2523568577,1
941567396,1
679763,1
5847962,1
452970006,1
4914915772,1
2582226552,1
937796372,1
407810895,1
478124356,1
343895398,1
2435083828,1
254625981,1
4055569005,1
328473338,1
541527026,1
409512109,1
1319275574,1
401650330,1
214475387,1
978488840,1
434279064,1
346421096,1
397573326,1
130982265,1
429928689,1
2149778921,1
418932368,1
3047887129,1
486759593,1
134431419,1
377872873,1
2544005815,1
562522191,1
1684754797,1
519270696,1
3331413322,1
387043149,1
899443068,1
96333128,1
2354462598,1
2347131464,1
347907371,1
3168011729,1
1606319989,1
440756482,1
87967184,1
3126510327,1
2827362754,1
231198437,1
89518361,1
394086402,1
321264725,1
224594895,1
99925189,1
517934877,1
458347992,1
2585782921,1
419339559,1
3350883077,1
605229354,1
145802194,1
2858759915,1
70951142,1
493833883,1
409500620,1
419181815,1
479810905,1
1183974055,1
234134162,1
973525898,1
828717014,1
1288209314,1
3173819499,1
47686952,1
271890712,1
36030252,1
60398437,1
940908996,1
399356077,1
1433286055,1
169387991,1
1208394690,1
202220952,1
2260822969,1
257499288,1
47756372,1
2323632758,1
118513045,1
156316785,1
18680083,1
458719075,1
16145985,1
2459950812,1
1283811182,1
83449728,1
634999260,1
593742754,1
19067940,1
126677638,1
55404019,1
5427422,1
289400495,1
1376730776,1
1354935949,1
7697992,1
522078771,1
146448681,1
3337657533,1
210501383,1
2920005634,1
1357199719,1
55212559,1
384431924,1
7111232,1
845313296,1
1260487207,1
420538698,1
411011613,1
1290097460,1
51781061,1
2832335447,1
598279585,1
393342562,1
405426716,1
372344749,1
400755376,1
1128365564,1
169248718,1
195787575,1
389122971,1
303354087,1
46715834,1
57052200,1
4114741037,1
216361540,1
438176540,1
38139984,1
140133595,1
43503218,1
120389213,1
2920441331,1
1344131071,1
318487854,1
400035492,1
365664894,1
1073360574,1
1342578204,1
3018290121,1
128471504,1
2295223756,1
321313255,1
2933613009,1
533329366,1
56819005,1
178685251,1
2652070796,1
616442617,1
290114076,1
133461180,1
384437761,1
17062107,1
558661103,1
49069028,1
1362895116,1
20515207,1
281358271,1
2394791163,1
461219174,1
385890505,1
2783540673,1
25105210,1
313323905,1
90845433,1
619856478,1
614259382,1
424474105,1
1076649404,1
140419227,1
518549338,1
473027302,1
174295922,1
899865349,1
1480106364,1
1224121074,1
460275730,1
2748105759,1
1063011624,1
225168723,1
1035238824,1
22958706,1
945141198,1
170019149,1
526293847,1
3059131623,1
1657179714,1
13307732,1
126691082,1
784398647471595520,1
264047932,1
2243490855,1
3242519025,1
53052632,1
342366415,1
2438762476,1
101180833,1
2460156105,1
3064631746,1
314537220,1
918863641,1
382539264,1
490478414,1
2608779441,1
447896469,1
1402978436,1
197389394,1
497763567,1
1190283926,1
3065987998,1
1358611800,1
379296972,1
532666601,1
1064357792,1
3333764236,1
1263818557,1
436870309,1
429009401,1
2272916900,1
3309670823,1
2255386492,1
2872332023,1
431884957,1
2203488436,1
1372497578,1
516664834,1
378489654,1
481225656,1
583980924,1
904438754,1
1374652910,1
306925405,1
3052918302,1
575708094,1
13047402,1
2300003405,1
3135061,1
508128810,1
559265836,1
1229121186,1
2494181366,1
69532732,1
2218411411,1
212870758,1
521748405,1
2909929737,1
955561676,1
1888044751,1
236565724,1
253037330,1
212496035,1
1116320838,1
141529750,1
4355692264,1
473107684,1
22130220,1
439326726,1
1278879775,1
2464828514,1
1228034526,1
81116943,1
100964035,1
448998373,1
55678400,1
33676387,1
1139422028,1
2944294475,1
430554250,1
213274510,1
305258223,1
261663837,1
817413728,1
1109639072,1
743821644150476800,1
2749231737,1
93591010,1
1224996284,1
2352305154,1
3348796875,1
481929883,1
81837035,1
3426670696,1
558032072,1
438849246,1
974102796,1
2730593590,1
1338703794,1
2366997321,1
936592027,1
3070646573,1
4046411357,1
1222888213,1
395759988,1
515698229,1
3077774103,1
3036745805,1
1041823142,1
1849672393,1
1357812068,1
407685967,1
186221116,1
2279399816,1
2359406918,1
435173619,1
4810630096,1
1933284714,1
266700017,1
806305806,1
2421023606,1
2754543846,1
268910347,1
1588323260,1
1119223279,1
332921113,1
443563578,1
4446307913,1
3239016405,1
55549791,1
3025368046,1
624603613,1
1464788840,1
513497583,1
62004025,1
1074200670,1
2909504255,1
1205594306,1
3008182149,1
452010658,1
574765497,1
97654241,1
72248630,1
29226134,1
1086700214,1
526530582,1
9940892,1
717268101,1
2361121173,1
410584380,1
385512892,1
2895077031,1
18577800,1
753620675970142208,1
2535866450,1
2845737279,1
1314132968,1
531505166,1
1849153957,1
89212874,1
1052596340,1
1384446301,1
1701836234,1
932376896,1
3256271740,1
1244644430,1
433717645,1
737693,1
1168596805,1
1360232480,1
553392203,1
2375301992,1
1420443511,1
1043011003,1
545384133,1
752810412349988864,1
1281410628,1
407937988,1
192899133,1
798939482,1
15191260,1
1059877728,1
522591515,1
2956811146,1
2447803388,1
1111297184,1
634434387,1
4144056819,1
3053055853,1
804961884,1
3019629387,1
2386237696,1
582622919,1
369490296,1
321510042,1
815731375,1
1260162366,1
773074386,1
471141787,1
1447157665,1
200028163,1
39454080,1
262698479,1
20430345,1
2281281002,1
708773624,1
45937235,1
4818092890,1
2353797636,1
1857295158,1
295961054,1
454050209,1
61160450,1
1367265864,1
2353634446,1
504658270,1
4098447160,1
2939010891,1
475827565,1
2201613873,1
4919661688,1
616632747,1
292063590,1
378831710,1
723554251612499968,1
87962275,1
3038103838,1
4372999402,1
422502823,1
329152979,1
859927674,1
434411738,1
304306690,1
416540516,1
2961865803,1
332885533,1
4361587528,1
954210997,1
506170223,1
3167163237,1
430127505,1
17028890,1
58768691,1
56674519,1
1591397198,1
2603850468,1
2936766136,1
272887017,1
304467533,1
258062486,1
422177795,1
864323299,1
723094218734862336,1
591144361,1
431547715,1
54988878,1
974656363,1
1037692622,1
79991599,1
423780098,1
131197741,1
421914873,1
336007986,1
4133217027,1
1913671255,1
978934117,1
1712830392,1
2919591365,1
556818121,1
2370221592,1
128870883,1
476836933,1
3034434386,1
2333203880,1
2481748609,1
397853516,1
1050697136,1
30248306,1
2680617799,1
1151876744,1
804354408,1
410828204,1
420419717,1
1256727248,1
998138210,1
85136516,1
3299546625,1
255674310,1
247505099,1
150725695,1
131292189,1
2846820109,1
509157552,1
1343834791,1
453851050,1
1324893229,1
70954365,1
1032615842,1
1886063070,1
395218906,1
1341462944,1
33205675,1
851310290,1
35564742,1
29416653,1
6361512,1
481154512,1
2375661338,1
473153266,1
585391357,1
132810751,1
597453726,1
875752152,1
462829190,1
1392007184,1
87950192,1
2493142851,1
1638143131,1
724723402968276992,1
3042356055,1
430437851,1
125153897,1
98732981,1
70380540,1
402997564,1
191490413,1
339672122,1
223899265,1
395990396,1
229804443,1
1307016348,1
405919398,1
418259535,1
391955295,1
481457729,1
293634665,1
394787464,1
916326246,1
587805027,1
343428085,1
67314908,1
33982163,1
83367663,1
82673876,1
97281454,1
970440781,1
104239528,1
548616993,1
1509825860,1
1076086058,1
546791475,1
865193857,1
4726174575,1
987344071,1
1672302936,1
2367178591,1
61877999,1
1405748826,1
282240212,1
426464556,1
87964051,1
1406189706,1
1050781381,1
9808092,1
109659461,1
487751312,1
2560295545,1
1150340664,1
714417878,1
101573147,1
4034460233,1
359555283,1
44370691,1
553646924,1
373481031,1
2914562626,1
2166133390,1
236362651,1
1249912915,1
52011737,1
2319748337,1
1603515306,1
303278808,1
413217587,1
2350203541,1
501874833,1
443167956,1
291678033,1
1040184410,1
91380029,1
219406236,1
376610294,1
402819013,1
2224974581,1
1566553698,1
2716739703,1
53632842,1
702690830,1
51067487,1
2322998168,1
1053075751,1
540895773,1
221902171,1
476224626,1
331005596,1
462701585,1
422131372,1
529247064,1
1389629858,1
267174899,1
561196931,1
1020682760,1
2319542538,1
524597055,1
1438986181,1
532545883,1
455110305,1
525364699,1
191814638,1
35298549,1
399624734,1
247726328,1
774267120268050432,1
151029385,1
50662478,1
84554567,1
14227296,1
434839840,1
2218697421,1
831768450,1
525146253,1
439809336,1
184425554,1
1028678899,1
441651345,1
448088280,1
1291656504,1
1047886850,1
2811134706,1
8226422,1
1250267900,1
3926735649,1
771613884,1
247369956,1
491362972,1
24956825,1
126680070,1
53053554,1
10280002,1
2263675613,1
330349571,1
3217393599,1
972414750,1
100303468,1
542327855,1
991446290,1
778900450812764160,1
318615150,1
17010300,1
486764261,1
272402900,1
2366719264,1
1248044209,1
1009243501,1
430565411,1
415608754,1
39240661,1
417904049,1
560509154,1
515380651,1
1434038420,1
608149538,1
343239720,1
139764514,1
232575488,1
1317015313,1
908206586,1
2191248370,1
953887928,1
48996987,1
131946542,1
432950146,1
116468336,1
533176044,1
1619917472,1
1010779513,1
13284492,1
1379733312,1
376218450,1
863031162,1
16953120,1
197381599,1
7950242,1
353888721,1
39021064,1
84130259,1
14235101,1
460611317,1
1300370167,1
402135794,1
392626820,1
300814551,1
483005204,1
515635680,1
379030092,1
160011017,1
152977521,1
1333864027,1
553715474,1
533473166,1
437775911,1
585439502,1
3124933529,1
19531637,1
2424988655,1
1053176233,1
2419891337,1
952494133,1
1009225098,1
449850313,1
2883998483,1
256491020,1
860205385,1
514714806,1
37631819,1
2281936099,1
61227039,1
2557627068,1
3360251476,1
3244161467,1
2326306186,1
2948429116,1
3256208777,1
2605945762,1
224310474,1
3217923085,1
589253599,1
1962856872,1
2414070806,1
357374751,1
989485837,1
1408457424,1
417111368,1
413455293,1
411849829,1
1591737049,1
13728662,1
184015853,1
3385105642,1
584528289,1
2282030010,1
278743750,1
2986211373,1
470180296,1
329600452,1
1216273854,1
965897887,1
2854719148,1
402352368,1
207211184,1
389115081,1
717532001,1
900247297,1
1015814694,1
749248856,1
248669645,1
1097778030,1
949414074,1
972872618,1
2321180143,1
426774983,1
915191390,1
45400255,1
55238295,1
2625302733,1
822160142,1
1260351403,1
999283472,1
470301475,1
47154019,1
6439122,1
753910937770418176,1
1368850908,1
1333369999,1
2798224784,1
69554901,1
2951613610,1
127025568,1
162103856,1
282593537,1
1146441836,1
290093767,1
420635476,1
1072331106,1
402048742,1
379256309,1
629583176,1
206180236,1
210573372,1
706522020016746496,1
2327584543,1
422794585,1
718402632126197760,1
2197727347,1
61624078,1
3299563144,1
2768667015,1
630961303,1
807581581,1
1017057949,1
465471249,1
77554140,1
106204756,1
728804562,1
920435114,1
396185916,1
962439266,1
2548419224,1
742950892786290688,1
192886030,1
400919857,1
215735286,1
3758739195,1
440691898,1
476661302,1
589418956,1
1320488653,1
547936685,1
1168797480,1
14158218,1
371415996,1
3843282933,1
2523336293,1
2231561825,1
2473375067,1
476933615,1
484771907,1
1709629910,1
420351046,1
241289430,1
15392102,1
365552092,1
191524366,1
831665582,1
979279446,1
22834067,1
422340734,1
870647947,1
1071485604,1
483384295,1
1125077892,1
2211353832,1
1318108844,1
836271002,1
496477841,1
598558484,1
1454233897,1
2153812941,1
590188450,1
1398174300,1
3741476776,1
430844411,1
718008585,1
85167868,1
111009571,1
1583259805,1
2929621361,1
317769975,1
1147664360,1
448732675,1
1209210108,1
2200075155,1
19592755,1
590833841,1
1926324451,1
516918398,1
2343678391,1
154808415,1
919502593,1
2305531562,1
779673493847801856,1
1081169252,1
346518147,1
475234937,1
203000387,1
181171727,1
2465901637,1
743924448,1
1681073648,1
370639956,1
1717274785,1
1063037172,1
22009205,1
153342663,1
1410209468,1
391485689,1
14060262,1
369400663,1
513144334,1
417897223,1
469398862,1
496437886,1
392656492,1
383739575,1
1387461,1
2811414913,1
180004814,1
379262450,1
1562752760,1
986811270,1
3008526447,1
2725711188,1
312666968,1
869332554,1
1289667200,1
2420586324,1
724477963,1
751315632134717440,1
855410450,1
32624061,1
904491504,1
849590082,1
29428344,1
929354545,1
444623589,1
860015294,1
3024921597,1
58891895,1
101086929,1
1428360464,1
76769340,1
51274770,1
617234985,1
1069206085,1
480023608,1
305269020,1
2448102733,1
493524331,1
3292905852,1
545448505,1
98212000,1
3299318579,1
821719770,1
2482305961,1
1893025346,1
167933227,1
191737043,1
319578825,1
99125540,1
3957645843,1
1283446118,1
151639390,1
463347621,1
22005584,1
283636579,1
561375612,1
1852433868,1
247722432,1
899952481,1
2376999356,1
953895188,1
535318339,1
483297165,1
56341776,1
759003465808883712,1
104485125,1
55527972,1
394613,1
17214580,1
104960470,1
801754,1
36079217,1
126049704,1
2921143773,1
424997954,1
1092735302,1
115955798,1
312613461,1
404048864,1
957461155,1
105511487,1
26555279,1
1707854503,1
1408543448,1
1278347502,1
521182595,1
1250202577,1
65335565,1
606259626,1
768921750,1
1139875363,1
1260171894,1
377660882,1
2801845471,1
906858110,1
510080672,1
1412896242,1
387198659,1
892954382,1
2882381601,1
405170821,1
467389922,1
2921447206,1
853635661,1
345918295,1
414978233,1
702953522602635264,1
794136385,1
306363599,1
1057930387,1
857753196,1
2872452713,1
858003427,1
371781632,1
2530670296,1
2497838698,1
479614754,1
92937715,1
535729333,1
1063034107,1
95630884,1
365462238,1
3115905790,1
2256151688,1
431706859,1
1164336541,1
964460408,1
385923471,1
326226399,1
472925525,1
473340894,1
447370939,1
416018070,1
468352501,1
396103010,1
403764932,1
318538251,1
22605126,1
1103812855,1
3129371745,1
1578337921,1
3060280966,1
2764299866,1
167058261,1
466594672,1
703708224168599552,1
808738393,1
736469367379087360,1
518540282,1
1084360147,1
477757835,1
500963329,1
562063761,1
2515144546,1
151420411,1
325127006,1
993110552,1
861812858,1
163879703,1
1343975432,1
228249426,1
124236178,1
437792860,1
549451829,1
1120077589,1
1053096115,1
1880399689,1
96319859,1
140772582,1
583877210,1
2241274927,1
3088659569,1
598374852,1
2318726325,1
514794207,1
1429964996,1
2608133516,1
426094795,1
26723126,1
25732270,1
615943451,1
3028742807,1
1116671611,1
4249591816,1
3371020601,1
1586042605,1
2267806358,1
3034643483,1
1112850756,1
52731955,1
634575700,1
441863803,1
1038231816,1
1510136666,1
20423071,1
472966889,1
2812961,1
67710936,1
2727002045,1
2306307694,1
2689665578,1
334811128,1
877434170,1
251663248,1
18935802,1
1380510872,1
453071336,1
4867831151,1
539098109,1
73971750,1
1134804595,1
4910181370,1
424153335,1
230817595,1
430169858,1
417947467,1
902588736,1
429054107,1
148481393,1
2862441234,1
478607229,1
47925074,1
437533038,1
428411345,1
122014351,1
16867526,1
2233502635,1
235323455,1
434752212,1
256163349,1
802515553,1
569974381,1
356219289,1
696595370395172864,1
2164698989,1
738311371255906304,1
1126411814,1
461088423,1
298079436,1
440724583,1
298502247,1
466456399,1
454191208,1
230696135,1
725949864,1
582909177,1
522667905,1
263858624,1
60608418,1
592647058,1
2792050237,1
270839361,1
412670404,1
1530798872,1
61154684,1
2973508025,1
499214987,1
4813826602,1
39115395,1
161740961,1
51792460,1
1044932990,1
381611850,1
1055367092,1
3096871079,1
1278858271,1
65444000,1
16401526,1
425039950,1
443910842,1
617476851,1
2872007299,1
3119071163,1
106738070,1
236621542,1
198199124,1
149060372,1
453340945,1
406880559,1
106673706,1
117407713,1
2751256629,1
87467449,1
2176575594,1
551303014,1
118978778,1
195689744,1
811414452,1
79963123,1
73598124,1
478894654,1
418028983,1
1346600790,1
48142375,1
38830450,1
100610543,1
398603525,1
218021759,1
61765111,1
255928261,1
701849940809662464,1
215971922,1
16087705,1
461229005,1
931706882,1
420627699,1
532222780,1
181629711,1
475862409,1
426056687,1
133790890,1
368950045,1
636955791,1
147543162,1
2459996144,1
1314728936,1
934197043,1
25676606,1
296371084,1
2202672330,1
493854798,1
2210950918,1
5893702,1
566888485,1
599940695,1
49954018,1
876541483,1
1042270699,1
265385204,2
518934318,2
704598502,2
627251488,2
1640886434,2
1051114320,2
14108472,2
8873182,2
1364383692,2
939421976,2
776897408143912960,2
35804051,2
17648551,2
937781161,2
900598639,2
906349453,2
334658624,2
474657743,2
2532491303,2
1390614042,2
481567489,2
1625746267,2
906331746,2
250588334,2
594777484,2
474023066,2
1623140270,2
1735792825,2
1104348871,2
4416648267,2
125950791,2
1261316370,2
131494824,2
745051820238704640,2
3053117626,2
1382241883,2
1077110826,2
56392390,2
637015768,2
301049143,2
252822331,2
15047521,2
1272666296,2
1223037354,2
720632435306807296,2
852301178,2
2234448710,2
717984836401643520,2
497995758,2
279171038,2
531137551,2
42113491,2
67006079,2
404988328,2
2876784275,2
416825993,2
498846820,2
31107308,2
121163427,2
9476932,2
386574852,2
2344914234,2
435575179,2
464516274,2
2278958635,2
316393390,2
468602078,2
4081782863,2
585968039,2
1125112531,2
311381225,2
464881732,2
457023347,2
2559910725,2
203422688,2
3080186967,2
2219790670,2
849727410,2
413125526,2
673203,2
54302011,2
451003130,2
1385237533,2
1359735968,2
24150879,2
965866273,2
95891990,2
1085455423,2
725557127872417792,2
1324250802,2
394598844,2
461019019,2
142807042,2
1015484834,2
984646254,2
2201369448,2
117701249,2
465921722,2
286584597,2
38032906,2
206993379,2
594689707,2
1274322852,2
429312499,2
472859188,2
1288260026,2
1328976937,2
101280803,2
463147024,2
117566899,2
3543518537,2
280242927,2
3176625754,2
558651454,2
325760306,2
444589610,2
1040332778,2
387345110,2
347442566,2
789589519,2
476171757,2
1212975134,2
397338548,2
18484129,2
1601594792,2
398032197,2
2354395787,2
99645256,2
400798557,2
955821968,2
1264930363,2
2816450251,2
236332690,2
203124202,2
2369010655,2
386426178,2
14575613,2
488684786,2
849195252,2
115139827,2
231127952,2
83236897,2
723392517081718784,2
2517301839,2
310699995,2
523200808,2
403293960,2
251524754,2
3140140060,2
1130709956,2
2921948057,2
2644998883,2
1699665619,2
2982639635,2
2427827258,2
238909679,2
507652780,2
1270670695,2
3134015573,2
133366702,2
3392159079,2
447432073,2
516238138,2
730929960773386240,2
80200885,2
2478544539,2
109216039,2
2272893092,2
1410444858,2
469153,2
35721171,2
482482938,2
424355891,2
9055772,2
258787593,2
328022080,2
272876921,2
421024001,2
989695621,2
4141927199,2
206671784,2
2465000210,2
397245294,2
2916512591,2
1580176014,2
366258436,2
1412500075,2
2520833600,2
305255857,2
4845999597,2
64139825,2
3398885945,2
785397318,2
2882526197,2
522457817,2
2859316269,2
2244460336,2
2242408249,2
157529661,2
110654085,2
2517892513,2
725664950,2
2746586057,2
1444286834,2
257665435,2
1216645705,2
502998687,2
831981618,2
1898384390,2
476757702,2
3166156053,2
2575196077,2
188270789,2
77823743,2
504631659,2
441556239,2
2419472748,2
408652604,2
836504312,2
2331802006,2
989192558,2
708429391,2
440943555,2
1062799087,2
75576699,2
2481962054,2
485031544,2
483304367,2
288204711,2
1891604736,2
408738224,2
315846635,2
897627558,2
573306944,2
403421880,2
52035837,2
1556491195,2
1469191586,2
2354732305,2
4074742552,2
1166877775,2
482969926,2
1372461787,2
1384894520,2
242922585,2
755821556,2
1179157244,2
2318573988,2
342118728,2
2302888393,2
2867906470,2
144210805,2
72546577,2
324332181,2
26760769,2
1041926774,2
1434986550,2
373423842,2
363124652,2
480645077,2
1462583917,2
233574116,2
1386808813,2
536664363,2
2198507410,2
4589805027,2
23475322,2
2306454341,2
1039563697,2
564360716,2
426548970,2
1015870262,2
2511025017,2
3169533665,2
301472434,2
132525437,2
12790742,2
6322582,2
802320974,2
420557096,2
2425643790,2
278503793,2
22038676,2
1036560565,2
404836757,2
1025143716,2
2714596672,2
2190915769,2
2798863589,2
306058431,2
2198111423,2
3037077532,2
2530314205,2
107517248,2
4863618933,2
2256679742,2
413786539,2
477548046,2
45861942,2
1400701532,2
1433919019,2
763784342,2
2808860913,2
1015907563,2
437480927,2
2348837399,2
390228893,2
22616757,2
42662635,2
435152397,2
919526072,2
88014506,2
479602890,2
135461887,2
1853678790,2
48484178,2
815134452,2
957926748,2
3155682418,2
454365633,2
65977946,2
434988195,2
14110067,2
69959408,2
182087936,2
22083,2
50579673,2
3144446056,2
270211310,2
4188671596,2
2898075617,2
608379751,2
382238648,2
1627031726,2
334337968,2
490373717,2
2725663345,2
2942381427,2
989645683,2
781217587,2
234062729,2
449929150,2
330602048,2
296733937,2
428521248,2
116417727,2
1566023431,2
13514762,2
2494327693,2
2226802248,2
702219779,2
270050737,2
1951828382,2
7912442,2
484158845,2
1354460304,2
4578456569,2
94788246,2
239572336,2
842378066,2
495466998,2
437704468,2
482897816,2
449629791,2
1225991917,2
44487069,2
31093748,2
484982241,2
2207984680,2
504661653,2
2347274438,2
460042639,2
513352329,2
2838050620,2
389131517,2
274915400,2
18616891,2
1277350656,2
20300000,2
1286052349,2
36612294,2
932393936,2
257064557,2
76615199,2
406947369,2
14335321,2
217815159,2
65866093,2
1233975200,2
469249349,2
488772562,2
752897299186155520,2
398848980,2
445660248,2
453434150,2
405443137,2
2280439274,2
2171028731,2
3309783615,2
464894684,2
727818198,2
19392607,2
754957121201004544,2
52394311,2
22656265,2
423831266,2
137337075,2
280175586,2
68118653,2
620351637,2
388284615,2
96666156,2
85629903,2
2394909651,2
392987772,2
434826176,2
324568388,2
376302409,2
963073442,2
335241668,2
153034254,2
421433392,2
33212890,2
370278925,2
414926221,2
16824428,2
2292740047,2
1063944884,2
446532729,2
384986685,2
113361100,2
359933447,2
1969190317,2
2365001385,2
416309230,2
290585680,2
2235047637,2
456907209,2
1945087009,2
39975495,2
257850075,2
22044386,2
2398143679,2
22003434,2
467573735,2
38398195,2
490602212,2
67564253,2
1933850857,2
1586227562,2
188072000,2
330342815,2
411010417,2
100185915,2
31762979,2
326144852,2
201249888,2
14637273,2
58016005,2
150184052,2
409821771,2
471846501,2
127606280,2
411076021,2
407817837,2
965239081,2
1039152966,2
605650478,2
1021729232,2
1343245195,2
1386793261,2
400899688,2
96355894,2
2746079253,2
426064773,2
499227001,2
2984502441,2
24026780,2
206831627,2
986382066,2
1120206308,2
1418786191,2
716072612,2
169510626,2
702242905692438528,2
2585597700,2
633259530,2
14387157,2
496150631,2
1270735285,2
272940016,2
2876741794,2
2238798353,2
1062583370,2
1732490672,2
2351775654,2
2842875700,2
611454326,2
544352838,2
476290271,2
3225190005,2
1026894067,2
749611364,2
39941540,2
121424128,2
243703728,2
258861907,2
87306292,2
78567974,2
1093092662,2
2686892396,2
2886633449,2
1642789244,2
299059994,2
495419596,2
2706574363,2
1734567211,2
211550281,2
390139303,2
220996437,2
1207502412,2
508768772,2
142731535,2
451425647,2
1618316666,2
1143153842,2
29045944,2
477543705,2
711187023,2
134206590,2
118053242,2
22025138,2
318400179,2
1144953769,2
96355801,2
65861682,2
1367363988,2
558010244,2
1911991346,2
1013334853,2
595267886,2
1715119512,2
1257959892,2
845781758,2
96337794,2
4549605137,2
67986502,2
1008382820,2
139188966,2
185760677,2
3510108957,2
882235051,2
1465205899,2
198822370,2
412566698,2
1157043744,2
986714714,2
242351511,2
252039915,2
132880191,2
113075421,2
2669653330,2
262100774,2
3138188655,2
180317088,2
460330693,2
68492512,2
600136789,2
2514993334,2
427673107,2
40653660,2
593533490,2
1140098112,2
553752390,2
173925687,2
28433379,2
588587293,2
358629847,2
436978029,2
4186758514,2
847114458,2
1901331644,2
510529704,2
2955233225,2
1244162966,2
1707121399,2
1037152033,2
2356251718,2
507792558,2
213616021,2
357464260,2
946701314,2
2243105962,2
782138334,2
403444000,2
390835478,2
43082114,2
858249276,2
397199507,2
322563649,2
927816210,2
6827962,2
1006510022,2
18762875,2
492325083,2
109573130,2
155695954,2
8001112,2
268899621,2
2162857184,2
506057249,2
424084271,2
434816089,2
84862444,2
2901562716,2
354125985,2
2438650607,2
2394684582,2
2772829228,2
589997252,2
268183904,2
1608414217,2
4818228771,2
600150904,2
15491749,2
521337019,2
354780315,2
28528873,2
1488372031,2
14724500,2
400902983,2
3311717032,2
1024976264,2
13106252,2
264117723,2
419480134,2
99686746,2
1022254674,2
229089974,2
980858180,2
381369966,2
1378987628,2
3173902931,2
712711445,2
988659876,2
388946039,2
3296210343,2
455999497,2
1416465541,2
2350347318,2
479604138,2
496881403,2
232559332,2
150961613,2
379264571,2
1075073228,2
2319051527,2
747245468,2
277419134,2
300226654,2
445822246,2
419951447,2
506586076,2
1542926724,2
77530521,2
928202780,2
494475884,2
33502178,2
557229572,2
346161795,2
575284033,2
2987686264,2
372937945,2
632742781,2
1183534806,2
2731197053,2
92525639,2
17288700,2
453813069,2
153531595,2
489540781,2
916522718,2
13294452,2
422586035,2
1943087478,2
1537494991,2
1230551046,2
5676402,2
1386632492,2
730962018,2
1117558933,2
786432845111635968,2
927916422,2
392959803,2
438385480,2
127532707,2
74693664,2
359454995,2
1114098782,2
48971201,2
1919237072,2
14460250,2
1860435552,2
4130639901,2
1073288395,2
357063589,2
1167316106,2
3044664286,2
3383981938,2
219159765,2
474021846,2
3327095829,2
458670095,2
434558035,2
189613925,2
1635753799,2
847121852,2
409361259,2
327455219,2
252512780,2
765233673390137344,2
2326687558,2
720856202,2
973890739,2
2965811733,2
126970118,2
631767111,2
185108209,2
11945512,2
199923959,2
90501249,2
2977934441,2
788808578,2
123920914,2
136343557,2
3290073059,2
602069331,2
784280066,2
1047455850,2
384192964,2
133447001,2
373287402,2
752010888,2
72379041,2
104135821,2
722463098,2
264351373,2
1225691011,2
418218972,2
334321591,2
2301111365,2
381742265,2
425686235,2
209891777,2
2230228079,2
102672182,2
534425432,2
51836146,2
602903174,2
14210150,2
108869321,2
319735845,2
233963729,2
2260660337,2
421986520,2
591963862,2
3165917453,2
229753610,2
491327107,2
1870754606,2
479575055,2
14569308,2
253262674,2
431089246,2
459308081,2
414646088,2
2651374166,2
547050389,2
519335913,2
233489435,2
474175425,2
903701676,2
394059966,2
798660060,2
74707629,2
1288696170,2
318316637,2
2427964266,2
448364257,2
224351032,2
1128760278,2
336975968,2
1482927091,2
3053010231,2
446426646,2
10438412,2
107737376,2
164237295,2
483941482,2
344753854,2
422480814,2
2709720835,2
418758587,2
40006630,2
16476536,2
372273460,2
384760605,2
29556279,2
16246240,2
202220813,2
1449796104,2
429847277,2
2856871329,2
891579169,2
67863892,2
1198954656,2
331617619,2
16120863,2
124273634,2
14210532,2
483143078,2
148518511,2
455562995,2
4203607113,2
57060570,2
1326429109,2
915969295,2
1322584279,2
483057595,2
2884126876,2
782902869125107712,2
128543506,2
335249305,2
406869976,2
428931337,2
44882270,2
338999228,2
269856706,2
50587165,2
614310258,2
215087363,2
616386306,2
52671886,2
222460953,2
276026459,2
811565292,2
29171103,2
728295648,2
2180163853,2
1231603440,2
399010858,2
534822090,2
593693314,2
2416067982,2
20432064,2
192118395,2
1299394213,2
83180211,2
1665027356,2
713852625867960320,2
44775742,2
447846362,2
252480412,2
252755806,2
463696074,2
227606641,2
2476119007,2
188865441,2
1425113809,2
451305585,2
451460002,2
991798530,2
13159862,2
183287158,2
6667662,2
1222570518,2
85066223,2
1366710674,2
432603093,2
499813451,2
1333341758,2
27007400,2
1306691233,2
443832737,2
342296335,2
207034666,2
2196650893,2
630918299,2
2390747907,2
356997587,2
133692338,2
251407688,2
422529041,2
1191172297,2
1280566146,2
396823374,2
498915523,2
45174445,2
50314830,2
157042531,2
380526746,2
310195119,2
270465914,2
3569280136,2
311355879,2
36626879,2
797679000,2
27231018,2
61187948,2
68460492,2
445414490,2
142034488,2
26471908,2
193810402,2
105616077,2
77207264,2
495243061,2
171159516,2
239734640,2
2361163792,2
2723029636,2
248633006,2
76904458,2
2410911599,2
1101963793,2
188029214,2
899978641,2
315206594,2
120620483,2
852980726,2
3039360208,2
1335905778,2
416346211,2
587596159,2
492136342,2
65896059,2
3481946428,2
1166637379,2
244654932,2
1225509780,2
412168233,2
435138644,2
719080627757322240,2
2511415512,2
487765597,2
1519689577,2
4702133172,2
540078984,2
2483728100,2
1324385052,2
222118492,2
425828885,2
162686234,2
117363440,2
337171830,2
1314367554,2
8882322,2
2430631222,2
3064824634,2
4734014421,2
1045369358,2
1116674660,2
356497258,2
613350364,2
3246166239,2
2314008111,2
1443706704,2
2744358657,2
45522065,2
201654791,2
291141125,2
131486385,2
1425562926,2
1492549380,2
1065081188,2
2371137846,2
1074941221,2
773956774932127744,2
3303829486,2
2951442201,2
745623258,2
62022464,2
1545110719,2
22651555,2
592489826,2
921429056,2
194217573,2
455266241,2
58453980,2
1655636611,2
79988162,2
950642215,2
87051231,2
811076442,2
3405754877,2
581881187,2
264417751,2
464615450,2
239784688,2
2562814182,2
123505527,2
727877553927671808,2
160255385,2
489501389,2
1080795937,2
486583213,2
706057101,2
66193381,2
407194493,2
1433806334,2
209080471,2
1963072460,2
1440784603,2
1041470562,2
1353602473,2
516432515,2
435810111,2
1070320147,2
84416696,2
66315515,2
22602333,2
782126365315371008,2
151246430,2
281573123,2
505705375,2
100878763,2
975251790,2
21419159,2
1000366015,2
14073125,2
726108618051997696,2
1261559155,2
51757652,2
333410580,2
418709964,2
1915578642,2
606823551,2
3360851079,2
435880626,2
630524940,2
51720974,2
2404216681,2
846045162,2
2207852354,2
1097739445,2
323951434,2
517517175,2
354747398,2
1915200546,2
2278995820,2
1961048316,2
1638278257,2
37507247,2
1110202813,2
2445645806,2
2595985139,2
351555225,2
572596576,2
81915953,2
1898454535,2
379828154,2
1913892218,2
560907259,2
1142540912,2
972884324,2
4068202785,2
1598253523,2
347497240,2
4046187219,2
2405837416,2
600638391,2
1546601714,2
486456375,2
2730634557,2
324262863,2
4743531021,2
2245698050,2
268850788,2
2355147860,2
898297518,2
596846893,2
1001303996,2
1135800156,2
103152299,2
73065144,2
543157991,2
1174274426,2
419316234,2
420335251,2
327471759,2
772074670208221184,2
599247299,2
1127733265,2
90641656,2
873734450,2
379446229,2
382358973,2
2290561839,2
2612652422,2
413916151,2
323769270,2
2906615746,2
58778773,2
522292867,2
2297565537,2
390622095,2
422904136,2
2895721301,2
1368793633,2
85657467,2
1154188134,2
1076835426,2
313535823,2
43083883,2
12514212,2
46928097,2
466378912,2
3898463973,2
608063632,2
403544693,2
500748464,2
52387663,2
388718346,2
1278700207,2
246522096,2
368935338,2
1857528240,2
265438050,2
326152237,2
1228211810,2
2182403667,2
56326516,2
401438300,2
1193780617,2
2616680851,2
2805323313,2
2870870995,2
1142469860,2
396218442,2
1322551362,2
2804233346,2
576702177,2
2900897831,2
2227272272,2
3334952776,2
277460126,2
1011559662,2
2975094340,2
717319878542245888,2
498017973,2
74056173,2
3310852186,2
400359479,2
936441901,2
941068543,2
154896410,2
2493014217,2
613258756,2
6820052,2
370690455,2
86719842,2
589286587,2
4000962629,2
6831142,2
465408039,2
745147358,2
414634390,2
1456631540,2
4923500123,2
391661534,2
340803178,2
2373624002,2
3541337895,2
398726169,2
57358236,2
4617627196,2
535447658,2
2154746892,2
2242729885,2
517876006,2
489551817,2
2331847077,2
18406278,2
2811521884,2
624359831,2
775959412087193600,2
627128494,2
336770410,2
3030465038,2
939484063,2
3036997071,2
875178422,2
399004979,2
51759517,2
337767301,2
13680802,2
2765940990,2
47626792,2
493947848,2
76616277,2
433409100,2
400630735,2
384927198,2
2231246244,2
277409485,2
494909390,2
1086500294,2
2380592546,2
432516884,2
425866423,2
1694413363,2
2310308158,2
13727692,2
228010525,2
2799778140,2
2813922736,2
2753154182,2
499128183,2
443932900,2
476053480,2
556650372,2
418837513,2
3069933261,2
1161191406,2
2543774477,2
1160257783,2
19422447,2
1228301834,2
1218862927,2
550416702,2
1647344210,2
212923650,2
3995707457,2
203915389,2
1262566346,2
143393223,2
61727028,2
708276706,2
1352301782,2
254554605,2
1473979718,2
3109897131,2
444225252,2
293608717,2
970562868,2
561310353,2
1401911906,2
81656841,2
280543999,2
412371227,2
3610762348,2
597926584,2
538091526,2
4204183834,2
1172520133,2
130861875,2
469267629,2
2203429105,2
1176925574,2
22757909,2
418814614,2
58295593,2
3164390831,2
305648916,2
442675224,2
456786635,2
526327701,2
46224994,2
514440497,2
228051072,2
2207285738,2
502816187,2
108966770,2
767377143848439808,2
437337751,2
969081366,2
329166379,2
114539972,2
2921641162,2
385864055,2
2501851306,2
2878690973,2
284706444,2
849274159,2
322933929,2
2455915345,2
334777310,2
15387167,2
1377031602,2
1088806153,2
1041804853,2
454052321,2
47335824,2
208642171,2
407982210,2
550588728,2
414993771,2
423281726,2
44926477,2
353160476,2
311539656,2
40302122,2
1954450338,2
461962554,2
130822947,2
136971453,2
2612551,2
1212147877,2
2979665872,2
224940210,2
1176935226,2
1635205140,2
2885630548,2
2338484714,2
4404458955,2
553529776,2
2380747454,2
2430152420,2
592160447,2
739140549299568640,2
396956382,2
20910977,2
964924026,2
61081513,2
508717801,2
232908749,2
417265094,2
405384428,2
436640636,2
2987972555,2
1204076264,2
421294544,2
695753,2
3228099125,2
1652723858,2
538341709,2
1969148101,2
129443586,2
76786936,2
3368018859,2
203512576,2
224226820,2
435162877,2
2821297900,2
272382855,2
453720551,2
361373768,2
495277374,2
2331718804,2
53154047,2
2714500212,2
1096235264,2
81637419,2
1130420497,2
470289460,2
2396793506,2
963938472,2
14146095,2
1044156366,2
14685648,2
3401227875,2
434505068,2
15918865,2
497714059,2
500882938,2
13065292,2
7500802,2
473072448,2
471888854,2
2360515482,2
486811448,2
557607196,2
381426536,2
2195622679,2
41391760,2
