Node,Label
0,N/A
2964902513,No
251047297,No
56341776,No
576702177,No
2375661338,No
763880083,No
256467449,No
2400294800,No
151188498,No
965068518,No
2804233346,No
350184411,No
405384428,No
518387466,No
2494263560,No
4185673192,No
3431252014,No
4655248997,No
8486912,No
2903545671,No
376245451,No
2302922786,No
271446644,No
202768204,No
4685548933,No
66333404,No
849195252,No
395990396,No
2951362894,No
1010100626,No
343239720,No
405426716,No
132177876,No
782907556159221760,No
3458373497,No
391601240,No
1183974055,No
978934117,No
1157043744,No
2306993641,No
27007400,No
435138644,No
422904136,No
3613181357,No
1062937651,No
3008526447,No
3324827889,No
468521672,No
257665435,No
815134452,No
738092501853216768,No
3239016405,No
2878091469,No
2661595185,No
1425749233,No
2947606421,No
3248382417,No
1338227281,No
2437403432,No
151246430,No
593523410,No
4810630096,No
604899762,No
2453297123,No
609404111,No
511534517,No
2401743697,No
4394434523,No
1372497578,No
3418726954,No
1070696468,No
781366033231802368,No
2354395787,No
583980924,No
1640766590,No
1007282528,No
280242927,No
2169534491,No
3036997071,No
1420443511,No
533959367,No
1732490672,No
2975144398,No
4871321181,No
742656572086747136,No
464516274,No
1077366451,No
2615328078,No
2862441234,No
428360358,No
3236172064,No
261298418,No
528480384,No
2966200155,No
1189981854,No
164294854,No
762934873057292288,No
2355249940,No
17693719,No
2798863589,No
558651454,No
311085387,No
514706550,No
694638444807610368,No
246840871,No
2787709025,No
188657817,No
51875903,No
787182731453140992,No
780444222,No
759272459732410368,No
1870641289,No
3036352179,No
485101194,No
3034869375,No
733609472195764224,No
3772927402,No
4774998749,No
594777484,No
3290337525,No
432937614,No
2282363144,No
297344001,No
786559574,No
2906705362,No
2364035605,No
1440906714,No
888895441,No
2841113596,No
2353752559,No
821921425,No
1624835593,No
3399333406,No
2264128184,No
320725662,No
82601058,No
1491470516,No
712042147785080832,No
2347482439,No
468197270,No
755359,No
499085030,No
509039455,No
443821815,No
81467672,No
3022753349,No
436656708,No
2561421959,No
957885578,No
3297443457,No
3320592917,No
1602804482,No
701509209372938240,No
3405224997,No
354841179,No
500984145,No
1081038630,No
294163266,No
49954018,No
388284615,No
434839840,No
522591515,No
189613925,No
133790890,No
2377487094,No
270211310,No
22011746,No
483005204,No
274095255,No
2181217378,No
384516505,No
15387167,No
255674310,No
2210084110,No
2348924190,No
106738070,No
4820995677,No
975443228,No
467260074,No
283939901,No
2289972189,No
3304012324,No
1318108844,No
272112410,No
2892766546,No
1430162268,No
3381830871,No
1680602498,No
2361163792,No
1316131556,No
506547572,No
3039360208,No
3239417698,No
3784366697,No
2361641485,No
613714212,No
4861942759,No
2897092401,No
36079217,No
100291517,No
18935802,No
186386857,No
1720220132,No
702219779,No
88442473,No
15333818,No
31233554,No
2762840061,No
763784342,No
2827734168,No
725557127872417792,No
2348837399,No
29646177,No
525636772,No
465950531,No
379264571,No
380526746,No
520617010,No
426178907,No
4706693655,No
1374582042,No
406921727,No
419739649,No
4831023773,No
748995130548424704,No
4853784417,No
4833429358,No
409540134,No
151420411,No
211090942,No
1028897996,No
201183156,No
1657867358,No
188029214,No
2635224359,No
96338614,No
987423986,No
620351637,No
310195119,No
206831627,No
12165222,No
550416702,No
59746019,No
475922296,No
598279585,No
266222825,No
2194877690,No
75512389,No
24763544,No
820312836,No
2234366108,No
73854874,No
3784148609,No
2544142104,No
4257697881,No
304865987,No
481920011,No
2987686264,No
845764760,No
1633923900,No
558598786,No
1314974208,No
3481946428,No
1671189985,No
3413519735,No
1171904442,No
387317575,No
2394791163,No
514506617,No
943396292,No
1728019255,No
706117842815623168,No
757875200050470912,No
2938357835,No
915385926,No
2735997057,No
56957163,No
2372154501,No
1295605279,No
421691549,No
592688115,No
2189126966,No
1926432816,No
204791100,No
3385939450,No
288788899,No
368338436,No
494287037,No
100970534,No
3364814494,No
2297414524,No
4594905000,No
2373907857,No
4864664511,No
24041437,No
2704662807,No
773264074142519296,No
400015385,No
168273926,No
513526868,No
6138052,No
2306444410,No
310216032,No
420445452,No
2564419516,No
14561296,No
782601399993532416,No
15253960,No
32426416,No
1037049708,No
1412500075,No
41667342,No
978488840,No
502998687,No
486810047,No
1562752760,No
489551817,No
591711454,No
418997717,No
446353349,No
1313409793,No
1035460693,No
1274855814,No
2181923971,No
547936685,No
2870870995,No
216654360,No
1319275574,No
3662356395,No
2228125304,No
207137673,No
2284446519,No
254755752,No
1104861216,No
21402138,No
1068460123,No
389500881,No
233546601,No
187541091,No
364828908,No
501593348,No
172675414,No
469845313,No
311957901,No
303757962,No
250249728,No
728056298,No
2420100298,No
4130048789,No
235445144,No
2771173324,No
2428770092,No
83933691,No
1341462944,No
965239081,No
3164390831,No
2265243021,No
2353298806,No
401438300,No
1101963793,No
719198205192314880,No
562522191,No
1222570518,No
81352717,No
250806270,No
541083079,No
62004025,No
600150904,No
208164885,No
1405465094,No
3227318753,No
606823551,No
1544336527,No
73598124,No
2348272160,No
3344043653,No
1205923694,No
4910181370,No
2410447644,No
3094278383,No
926231262,No
596594145,No
1953446730,No
2358680459,No
434280541,No
1088806153,No
347907371,No
456113087,No
2811521884,No
3195753809,No
2321258784,No
2692196437,No
416556234,No
2663893831,No
434743018,No
2479381757,No
3382799745,No
2802841287,No
594583577,No
1068928062,No
433509729,No
1392039763,No
2305446516,No
2299766748,No
4824399766,No
2276701689,No
42087184,No
9176952,No
348988851,No
430092847,No
1545817196,No
475025414,No
14082257,No
105462498,No
724321908,No
141745277,No
374314630,No
2713478241,No
526207972,No
2181953194,No
2792193307,No
13294452,No
421347689,No
2414898811,No
447213283,No
28528873,No
928202780,No
379262450,No
447370939,No
2735301707,No
944251968,No
920739140,No
2252090852,No
97654241,No
472149764,No
1386793261,No
972414750,No
31107308,No
484158845,No
1386632492,No
139764514,No
1020931404,No
259731992,No
2159338425,No
391562318,No
737693,No
702989036391112704,No
1444738142,No
2354462598,No
842378066,No
2414609995,No
305258223,No
1350936138,No
1278700207,No
433357329,No
52337911,No
483304757,No
1967850464,No
388346603,No
421715120,No
68640468,No
485844145,No
627579169,No
637018529,No
802825232,No
550297318,No
39240661,No
399010858,No
2366461149,No
625000187,No
596665906,No
390835478,No
1161191406,No
159211075,No
3168011729,No
2196650893,No
928297514,No
1178518129,No
66635426,No
1272666296,No
1670823475,No
80875024,No
4743531021,No
3309670823,No
1224152383,No
522078771,No
318257091,No
283932101,No
1328976937,No
2332571271,No
637015768,No
162002854,No
2326306186,No
39975495,No
1467043124,No
784398647471595520,No
1060544983,No
184425554,No
5464132,No
780382517715202048,No
3052918302,No
14824456,No
464881732,No
779236559908442112,No
554375119,No
3003054298,No
223098439,No
602982217,No
365664894,No
2395941571,No
2197620432,No
80913303,No
22031608,No
705038728302092288,No
490933406,No
408103322,No
2509150289,No
468689162,No
2850871143,No
2772829228,No
3569280136,No
524597055,No
348079509,No
2452701214,No
2758663251,No
1077736116,No
405443137,No
398630208,No
482482938,No
1681073648,No
103595040,No
558063929,No
201761137,No
993891668,No
1443830137,No
736469367379087360,No
628183914,No
4186937854,No
2455570740,No
784751042,No
3323080689,No
1166270324,No
1156695648,No
3081436118,No
409089494,No
1732467540,No
1911152329,No
4251035097,No
4544396435,No
2951442201,No
26444788,No
2507487144,No
773378492,No
1270403142,No
334715057,No
2728402871,No
172444822,No
1357458175,No
53994592,No
376145130,No
546202998,No
2203683053,No
3044526632,No
462904107,No
404987270,No
875324551,No
2821329929,No
2900676452,No
754395750499491840,No
2519252925,No
749153688,No
102351773,No
154808415,No
554550990,No
1116671611,No
1011272766,No
1260162366,No
174249848,No
3039370114,No
395630959,No
259068501,No
2850017806,No
518403199,No
736596690,No
2416492224,No
2858795351,No
309533058,No
349877614,No
2831992043,No
185108209,No
3069843927,No
52999694,No
2462444372,No
391531110,No
444225252,No
934197043,No
437533038,No
407891527,No
385897719,No
47698840,No
2396920220,No
8505512,No
421239717,No
427209531,No
3300735423,No
215976090,No
221064731,No
508816367,No
474422847,No
1369658370,No
2172017830,No
52824910,No
67887304,No
354309546,No
4275490114,No
4197625936,No
3092514273,No
475836408,No
597492087,No
29185572,No
251094642,No
9377292,No
291763976,No
438849246,No
1464788840,No
446609691,No
228249426,No
2832335447,No
2878223753,No
1084193910,No
15491749,No
1694413363,No
3217393599,No
409591356,No
972884324,No
755821556,No
2403776046,No
2721276416,No
265385204,No
2973134825,No
1045573032,No
28311464,No
3333764236,No
3086030505,No
3094835193,No
1205482028,No
159876750,No
24744541,No
80867890,No
4133217027,No
394613,No
6595562,No
2973163389,No
3254823503,No
48003965,No
613533,No
372344749,No
40244378,No
560301369,No
702750694,No
2614952764,No
2219550328,No
607985679,No
398891807,No
2612551,No
2279068397,No
1395271422,No
370705192,No
4887827675,No
2347675929,No
2834362049,No
29202025,No
62334247,No
203422688,No
418758587,No
24252705,No
477633440,No
742259446764711936,No
194217573,No
377619841,No
2765052793,No
709077111,No
142807042,No
2236793966,No
1058570330,No
1300370167,No
434783947,No
516916433,No
3363987292,No
713926372,No
358051613,No
1857148146,No
2339316667,No
247505099,No
488748894,No
1117558933,No
2615476861,No
1064357792,No
761637479141310464,No
2722863047,No
34296796,No
19235153,No
238960257,No
52468851,No
747245468,No
3008182149,No
577161255,No
107737376,No
1073514842,No
479653294,No
888518803,No
58284272,No
298079436,No
148725139,No
723554251612499968,No
535447658,No
2859316269,No
185760677,No
2234253145,No
4617627196,No
495073318,No
1449796104,No
499214987,No
2342630384,No
19680237,No
875178422,No
102119771,No
100462127,No
75845981,No
735045646005227520,No
410210301,No
433509940,No
2858986984,No
3036302920,No
1017663187,No
1338584736,No
2573378881,No
718705208654749696,No
526653195,No
120588962,No
554385006,No
1266709873,No
4891899964,No
580871879,No
388368752,No
50713554,No
4819079686,No
4045962489,No
1229872982,No
467573735,No
413217587,No
48660040,No
3001638185,No
3917787622,No
27231018,No
1205174246,No
69135506,No
202534741,No
3130737011,No
487751312,No
2375216695,No
982628515,No
14788200,No
258993546,No
305160601,No
431547715,No
164663237,No
1190283926,No
3046004253,No
2265398249,No
330554495,No
873960836,No
271563790,No
1591909939,No
329177497,No
129524640,No
906165092,No
354188080,No
1504235126,No
288206319,No
627713874,No
1052584662,No
3403084325,No
613516584,No
608091835,No
3393834010,No
571922344,No
2247031480,No
180380457,No
319093216,No
315266120,No
1483023529,No
48835437,No
849988268,No
251407688,No
1640144880,No
1300480248,No
386684448,No
50314830,No
3357308483,No
1025169505,No
1638278257,No
590833841,No
4141927199,No
1916736956,No
4549605137,No
494050338,No
852301178,No
378831710,No
3664503135,No
2889852755,No
126049704,No
218758602,No
4463441,No
40353863,No
1070732071,No
48834654,No
163969032,No
51781061,No
149609445,No
249125297,No
108262067,No
85117452,No
44340289,No
164266350,No
42399072,No
88904172,No
227970595,No
122644390,No
43873839,No
8620162,No
79385667,No
2431061097,No
472905491,No
1223037354,No
30427244,No
231414854,No
395759988,No
429009401,No
242922585,No
4106012295,No
2327584543,No
147654699,No
1192578464,No
396691435,No
2189827138,No
2305058365,No
562823508,No
117363440,No
1715119512,No
416422287,No
2380592546,No
192640902,No
522292867,No
2877804497,No
2253510097,No
2197175103,No
3696089777,No
490736218,No
3331874607,No
139715784,No
3152228475,No
439245001,No
105602878,No
501598774,No
2299916972,No
589418956,No
161212876,No
510676186,No
383790840,No
518934318,No
2353634446,No
2987972555,No
429817276,No
503670941,No
1615176902,No
2331775274,No
1079126036,No
281884852,No
708587318786007040,No
2512612640,No
504658270,No
469750828,No
499782176,No
3987937325,No
1148946079,No
712711445,No
1976450136,No
1042807543,No
288339892,No
20672692,No
930659928,No
946529088,No
2156339147,No
1015989050,No
608217046,No
2760630059,No
746425402957135872,No
526838409,No
589423738,No
431658112,No
425272822,No
719855009928716288,No
222411571,No
1144953769,No
2927207759,No
2410604455,No
81075901,No
266198278,No
1012990321,No
617404862,No
3295966795,No
1151527296,No
4204098099,No
317680130,No
628186961,No
1337596044,No
3072009003,No
563558852,No
177654794,No
531851126,No
245378986,No
1000366015,No
380551414,No
22003434,No
2322403651,No
793469352871858176,No
503199826,No
402200260,No
82068999,No
3104344534,No
4048087467,No
790567158489153536,No
1011561122,No
2717687739,No
626501000,No
61011257,No
731343264,No
2258720305,No
415039798,No
262777162,No
707348966241865728,No
556780444,No
1317255619,No
488844512,No
1555265359,No
3871871513,No
55205815,No
521798851,No
410774168,No
2263824353,No
785027790961778688,No
2619985539,No
545008992,No
2901351995,No
1370176568,No
2851228124,No
739128484937801728,No
1086423912,No
379023240,No
1085531312,No
4371150255,No
574340003,No
540147645,No
463591267,No
1521455803,No
11080682,No
2660179878,No
708746809032761344,No
3121661467,No
1272137623,No
2243950814,No
4563172516,No
757283763797778432,No
2339382066,No
2572093630,No
607424962,No
553368112,No
2572975391,No
744961229853167616,No
1004844222,No
744655172211728384,No
230453692,No
289541478,No
1602815845,No
740257403178999808,No
2186181725,No
2250936137,No
443333037,No
2244571279,No
2584756455,No
4053837041,No
2895666573,No
156838708,No
930579210,No
133657565,No
178803896,No
512899781,No
4814832225,No
438728458,No
788386859072249856,No
1218936162,No
3439290718,No
3146699110,No
741520828504911872,No
267335558,No
4242264977,No
1745966046,No
950411336,No
396801199,No
231907795,No
16627700,No
25477483,No
3434577971,No
460226131,No
752828203216019456,No
1913370296,No
453959464,No
1020184764,No
363304621,No
3243222784,No
4568818943,No
482482833,No
2249959502,No
3514615637,No
2381791600,No
2380463039,No
2506571955,No
3341739995,No
2397659735,No
786172092827914240,No
131946542,No
541527026,No
397245294,No
2330261468,No
1140098112,No
416309230,No
517876006,No
708429391,No
324262863,No
1229121186,No
2418170407,No
2418898621,No
2948429116,No
2455915345,No
174574401,No
142731535,No
2696366840,No
584056092,No
425645665,No
404394458,No
206671784,No
2883830458,No
3610762348,No
476051821,No
1911991346,No
934047600,No
84416696,No
743821644150476800,No
3295023377,No
526293847,No
79991599,No
1684754797,No
242392452,No
95482042,No
752675748,No
634434387,No
1025143716,No
1059877728,No
815322025,No
2230346403,No
16994855,No
1539421987,No
9808092,No
2973508025,No
2194894268,No
3038103838,No
452010658,No
228051072,No
2321180143,No
330602048,No
2242729885,No
213616021,No
401648154,No
425695048,No
535496510,No
167874062,No
130491008,No
729339188,No
278210313,No
2282469222,No
3360251476,No
3426670696,No
1212975134,No
4249591816,No
2328471661,No
2217674274,No
3088659569,No
217462618,No
2737028641,No
2391603191,No
739140549299568640,No
357374751,No
3302069128,No
599972590,No
3298528972,No
2592758547,No
520662652,No
41689819,No
1372461787,No
2367178591,No
48981619,No
2173027221,No
257884666,No
1103812855,No
1212650660,No
2430601185,No
2478580177,No
741338484,No
34239016,No
3833375074,No
1065081188,No
2238395111,No
964719079,No
2703675064,No
1264018218,No
2565072187,No
1606820196,No
413215193,No
3121989501,No
2811414913,No
1137078259,No
2585597700,No
368333719,No
4074742552,No
3882048088,No
424907920,No
2800443747,No
396823374,No
355465240,No
4797073893,No
2320504019,No
2831558388,No
2804502363,No
45176195,No
3025353091,No
2354558477,No
553634154,No
734083116919365632,No
52332450,No
15336354,No
769777646662287360,No
2501546732,No
456082255,No
2907601252,No
515657617,No
429144484,No
4734101189,No
303267275,No
2940240305,No
626877418,No
286328359,No
1708309334,No
739126296987508736,No
536769582,No
713068423127908352,No
3082802711,No
3430185532,No
2706574363,No
2921948057,No
215735286,No
128311427,No
2652070796,No
178685251,No
56473208,No
426064773,No
1386808813,No
2752353844,No
1397374658,No
3246519603,No
4589805027,No
150184052,No
456453383,No
3349971568,No
1092670394,No
555323868,No
353575520,No
1048802419,No
1853857640,No
953895188,No
2465900299,No
477548046,No
744984726080004096,No
428041816,No
500243289,No
3305976862,No
2970117851,No
396103010,No
212496035,No
4871884721,No
1215433375,No
45400255,No
3236461487,No
188521082,No
194275021,No
3119071163,No
54964317,No
2850037264,No
1616497069,No
2270541645,No
129852627,No
3300629145,No
371174340,No
3291806831,No
2218411411,No
3826564636,No
353134095,No
969973250,No
2811397962,No
617598666,No
936708194,No
393981611,No
3394746226,No
4893362397,No
354284014,No
2676887991,No
3354849862,No
1504710145,No
2772740636,No
3309458867,No
1109369214,No
2352069320,No
451610877,No
2816606222,No
444613355,No
101188410,No
3026614547,No
2917621780,No
2322734663,No
3007848857,No
574648169,No
985398132,No
363542054,No
2414872921,No
219406236,No
583941667,No
454048091,No
1055367092,No
58016005,No
1314367554,No
86693223,No
283626884,No
2314008111,No
2323711273,No
743531036,No
96364636,No
1155603750,No
2845737279,No
1008382820,No
327606075,No
394293884,No
2301791792,No
3431700219,No
199230149,No
473027302,No
154179790,No
525853329,No
4759055535,No
821719770,No
2379017327,No
1277394462,No
97773643,No
1462583917,No
427711084,No
481469554,No
419094387,No
221066689,No
1289725328,No
2156367481,No
960086424,No
2675356905,No
55615092,No
403293960,No
3164117122,No
79813277,No
265186391,No
223405753,No
1037305130,No
401314101,No
1470771482,No
2516067038,No
558010244,No
264941030,No
964852682,No
3296712448,No
1632593443,No
104135821,No
397853516,No
4256026096,No
430743919,No
1368007123,No
1467471788,No
245328223,No
3422769471,No
436124417,No
836271002,No
2334034163,No
2881376289,No
447981049,No
3324571887,No
452174282,No
4603127836,No
771387619360043008,No
276026459,No
3028809503,No
489374582,No
821879334,No
98875860,No
3147441667,No
230696135,No
2625302733,No
516432515,No
2494115132,No
130111210,No
1244162966,No
376145932,No
3466428077,No
3457705635,No
605749807,No
456674882,No
4034460233,No
2590034989,No
581801913,No
503351518,No
606482487,No
176712900,No
201314106,No
2393280564,No
1395882728,No
3046529709,No
1965662701,No
2350818704,No
2148746163,No
4869095007,No
3176594760,No
2867547191,No
1469353392,No
245715438,No
29723197,No
1039674703,No
2747678938,No
515171492,No
2465775372,No
3101475160,No
8873182,No
279422631,No
1043011003,No
2342517254,No
845781758,No
853635661,No
877434170,No
385512892,No
4186758514,No
1174274426,No
142690511,No
241608899,No
637327428,No
173816714,No
811657290,No
497829386,No
377970821,No
1152120582,No
706395992342597632,No
3305670003,No
286738383,No
14360388,No
1439588664,No
122414199,No
165051584,No
4893416333,No
2203620060,No
19781325,No
1715694210,No
743023225,No
1440442908,No
238268991,No
1347013046,No
3305577839,No
714169530,No
1917855938,No
2548575613,No
400807759,No
456998122,No
220409183,No
266578109,No
762029886173245440,No
253198373,No
1647573919,No
2158689967,No
763875248773144576,No
367696583,No
193709635,No
624456136,No
223575921,No
326882881,No
387089650,No
516544932,No
808722012,No
28998953,No
369404604,No
3439899455,No
221089264,No
2191680460,No
264855009,No
931715286,No
831665582,No
104540988,No
3122280521,No
14210532,No
501691674,No
188369797,No
40653660,No
5405822,No
253639943,No
998124715,No
13573252,No
300226654,No
1039152966,No
1037713867,No
1573555616,No
592489826,No
474023066,No
153342663,No
3230326396,No
335595246,No
1620754188,No
2149489765,No
113424592,No
405792460,No
96580657,No
2480246000,No
2163514121,No
615369614,No
448158717,No
1393562082,No
432010252,No
1015870262,No
970562868,No
46922585,No
707187085657174016,No
1681307029,No
1384301958,No
239734640,No
1387461,No
428521248,No
2274450562,No
329152979,No
4902671039,No
306137883,No
239434137,No
314392100,No
2479620311,No
1063725991,No
1374652910,No
275455208,No
22172093,No
557229572,No
513352329,No
2434259124,No
471859605,No
450140855,No
800779578,No
2360744315,No
131846946,No
222273248,No
265408261,No
475234937,No
1367945690,No
123884731,No
22659500,No
829740630,No
74728621,No
579271577,No
388766042,No
392918362,No
39475962,No
23054148,No
840241477,No
411525579,No
2225786343,No
983007608,No
478885285,No
132148966,No
199206417,No
2354484061,No
423519154,No
1709629910,No
14409802,No
304406977,No
1015440260,No
15806786,No
2198332088,No
518366373,No
605697838,No
1011567642,No
37611038,No
139125681,No
326144852,No
22605126,No
2427072883,No
2256861644,No
733330743800258560,No
68460492,No
524493374,No
488895138,No
451483593,No
599247299,No
495466998,No
3543518537,No
412168233,No
1103450372,No
1934241031,No
706086896275955712,No
949372327,No
4464016355,No
392987772,No
1601206675,No
328141846,No
50579673,No
400103989,No
366747858,No
50104200,No
248453535,No
71293003,No
500096474,No
1068896102,No
3906735870,No
1222000628,No
133641733,No
299059994,No
3026099110,No
2227239038,No
2186626514,No
988701344,No
2480085912,No
84874030,No
3345594861,No
2881464153,No
2728896824,No
495717341,No
96659291,No
1192428948,No
3044045152,No
2935824485,No
585588201,No
567278450,No
2867906470,No
3167163237,No
2900897831,No
118978778,No
2881244285,No
2310308158,No
2339917973,No
457889747,No
1492135807,No
265576861,No
1338878742,No
752239189685665792,No
1594040222,No
1270670695,No
598558484,No
636560772,No
517937329,No
1413094597,No
415716719,No
726417519964213248,No
2802425242,No
407609289,No
2334501166,No
164225638,No
1408224732,No
2228813671,No
249099263,No
1063917404,No
74305366,No
2345625552,No
69896457,No
3762684742,No
1288257872,No
778339183,No
847114458,No
1016109914,No
1377069744,No
375479971,No
589291887,No
2303644001,No
458324440,No
1885687531,No
1009225098,No
549451829,No
614771274,No
462701585,No
234868966,No
787115406,No
465011484,No
2280764604,No
895013856,No
2361236242,No
195427066,No
57439579,No
1883696546,No
2537853697,No
845413776,No
27413586,No
2366138431,No
485039963,No
131849009,No
57249412,No
2725223452,No
2730482441,No
1339960975,No
197355796,No
49036389,No
38444157,No
632742781,No
1092084720,No
507652780,No
431142017,No
2936864140,No
25118324,No
81937838,No
132164537,No
560636317,No
2735396099,No
832016611,No
13382082,No
897918854,No
25665242,No
47438785,No
978710568,No
263758608,No
9405912,No
313535823,No
250171655,No
542327855,No
71529985,No
93691257,No
293484907,No
416165363,No
306123184,No
28119689,No
1280187702,No
52352441,No
102082052,No
821872394,No
228052591,No
881565745,No
542151024,No
54849589,No
353618083,No
54302011,No
695753,No
424401692,No
964460408,No
46701371,No
451460002,No
2174142141,No
2792050237,No
159551952,No
1444286834,No
93197485,No
342077520,No
1279017373,No
628367790,No
53659160,No
432926462,No
58477091,No
1262242734,No
490446359,No
439177907,No
742783,No
868671120,No
404813856,No
174178027,No
253198543,No
183287158,No
779049756,No
627128494,No
384340494,No
2206851290,No
14383570,No
81637419,No
557607196,No
858003427,No
89253972,No
758737897,No
203218931,No
366742478,No
500592044,No
395993825,No
335267459,No
541695689,No
255446266,No
258758131,No
534425432,No
243631237,No
1552953278,No
485139230,No
1125816168,No
2788765798,No
478995914,No
2199548284,No
252255936,No
2510430251,No
2906554709,No
25105210,No
1061317800,No
624096392,No
1388488790,No
2401418695,No
1015484834,No
1328476232,No
222460953,No
474746645,No
8274452,No
255505106,No
388572693,No
2902692352,No
1166637379,No
2178758289,No
1077110833,No
74864318,No
135146254,No
3018290121,No
50263809,No
1212147877,No
3126643192,No
1261559155,No
2940999287,No
2913888338,No
3047034269,No
802782433,No
1055140058,No
797637578,No
497961585,No
2396546196,No
2872011039,No
576487510,No
3004020405,No
391514883,No
1028060143,No
765901369547063296,No
2348699587,No
500103357,No
112386378,No
158288741,No
479674519,No
3369172816,No
499197851,No
1699665619,No
932192179,No
585805278,No
1954952815,No
430161001,No
228027870,No
730962018,No
764494301766291456,No
434387464,No
1344746178,No
262303752,No
1058916510,No
1230551046,No
329710075,No
1636129136,No
65690709,No
376269031,No
2854635105,No
385383823,No
155930927,No
599946845,No
371415996,No
19441340,No
53053554,No
407163369,No
2333674306,No
1672302936,No
15167463,No
180519887,No
472275443,No
845313296,No
199348405,No
1278347502,No
454050209,No
595878183,No
167014241,No
1269055614,No
493239048,No
100878763,No
2176349201,No
137397499,No
2909504255,No
1037651766,No
1467807296,No
2999932538,No
1020439818,No
84130259,No
2204128029,No
158262409,No
2216179636,No
328515345,No
484219561,No
462298361,No
2239750970,No
413786539,No
411530100,No
523613502,No
471347700,No
2508295280,No
1062966253,No
2221874484,No
969081366,No
1261316370,No
2802157801,No
518430422,No
4882196008,No
1215290216,No
1718923932,No
632400257,No
533332467,No
1627031726,No
1363855172,No
3028742807,No
1146147427,No
53200070,No
1428381038,No
1925718776,No
273466314,No
204820142,No
805709071,No
2878097184,No
28526655,No
50246502,No
3298985147,No
1228391671,No
2548434750,No
22602333,No
3069933261,No
418218972,No
2366997321,No
60995609,No
533112380,No
159885894,No
246038998,No
1642612118,No
2467357784,No
105242953,No
392324691,No
2787897519,No
1418916492,No
2367800094,No
897054630,No
2786191966,No
1007560902,No
1882975495,No
452492397,No
54975036,No
3010276522,No
1221792162,No
50657628,No
2717484025,No
248669645,No
35176190,No
216722162,No
49396947,No
432009958,No
201789369,No
475516139,No
589997252,No
44847173,No
2878090661,No
272077852,No
183258122,No
2817088916,No
3035292231,No
1410444858,No
2386237696,No
144128481,No
3919219541,No
1898384390,No
4873807691,No
2183118052,No
1404635250,No
1068963974,No
744524292050788352,No
4187885897,No
142643965,No
2212544767,No
1169245177,No
4664853389,No
45522065,No
601829676,No
1327241030,No
2164822594,No
2438340445,No
2894775544,No
580232599,No
736543941101817856,No
4688664552,No
3139667865,No
713372677151596544,No
220603109,No
1128093570,No
3341844040,No
4383940095,No
3589159876,No
2940410703,No
557057167,No
245652176,No
2864243287,No
169233625,No
2520868692,No
1416161276,No
2318610186,No
1908575102,No
2262728705,No
1452474535,No
1042134122,No
2836840346,No
3416068515,No
1083726745,No
2455064133,No
257223860,No
1219792052,No
698863047235018752,No
2899686898,No
3103929401,No
1189743062,No
468441125,No
1848219511,No
2568980217,No
2616680851,No
1542926724,No
96333128,No
2967853233,No
1022753149,No
2948661737,No
510942285,No
3319178885,No
3091707250,No
2387298926,No
1392799814,No
2889221200,No
1375641666,No
268744692,No
4866412145,No
245053650,No
1088498461,No
328472277,No
1100350039,No
79170343,No
230749847,No
600280702,No
2746542772,No
574615765,No
51312569,No
3869948417,No
1092508782,No
269842154,No
2182550725,No
1160208637,No
81229368,No
63756533,No
919877762,No
1145470195,No
2971919439,No
1234875217,No
2452296161,No
1327684639,No
3164264061,No
2810019193,No
471763431,No
2472634306,No
2984184838,No
422665114,No
2829230812,No
3019658033,No
1050697136,No
493901532,No
2746079253,No
3360851079,No
2709647816,No
447854508,No
2819591819,No
2770811619,No
458670095,No
1341865640,No
593742754,No
396151080,No
453379084,No
194972957,No
390296876,No
4857416872,No
899459772,No
319166186,No
2201641540,No
2149138327,No
61703985,No
399467811,No
582715475,No
3431319455,No
1084152606,No
2938313507,No
1889296722,No
291141125,No
2960938695,No
755102530527457280,No
2774751706,No
2805323313,No
233630343,No
701513839989358592,No
431884957,No
394086402,No
1219977643,No
2318032643,No
2341083257,No
134364906,No
90849691,No
606731466,No
232296285,No
3070700175,No
3231784599,No
1394952978,No
970054074,No
3191176588,No
1067982564,No
94981476,No
754321990257938432,No
484047462,No
2312169774,No
3332411590,No
162417963,No
448750282,No
426200281,No
2433235432,No
1534486934,No
1367853685,No
1262939593,No
4063913308,No
2687611909,No
1377266593,No
754664352855236608,No
3392585361,No
4899231777,No
394861796,No
1449073304,No
42478291,No
1227754856,No
2883671135,No
2809827694,No
1012135158,No
57466155,No
132811097,No
3527260401,No
3289975816,No
582236593,No
476591207,No
602125481,No
527624443,No
780089815786283008,No
451425647,No
1852391984,No
765564104,No
368772601,No
2208789310,No
1182995222,No
1332750025,No
132484911,No
206294638,No
815832528,No
3639353537,No
1127618904,No
2347560125,No
233963729,No
2360749273,No
33725783,No
570178300,No
34252270,No
445727059,No
760254962966364160,No
421236822,No
2808699178,No
131105980,No
448343412,No
415930351,No
1147448544,No
2594797000,No
1061062754,No
410040461,No
3224046916,No
1430099131,No
2168651339,No
133241974,No
1367973715,No
593547387,No
420624994,No
471861275,No
2981114476,No
2598425588,No
1195933742,No
2336993334,No
2800841139,No
68374302,No
872449159,No
1013334853,No
374175177,No
217534298,No
794164110061699072,No
250316913,No
4514196383,No
4193719577,No
1880747821,No
1031879690,No
1696619809,No
2504436965,No
1359357403,No
245969509,No
3243380165,No
2776015188,No
420852268,No
570873859,No
460611317,No
65494640,No
170781140,No
559609344,No
457391007,No
859449805,No
1061905068,No
477721092,No
440684594,No
1134720390,No
864123438,No
1008806545,No
522457817,No
223600072,No
411696442,No
2518059282,No
255612179,No
4827510405,No
157318900,No
205869949,No
55518746,No
355608779,No
997702009,No
572020355,No
128245978,No
1307016348,No
128880613,No
318878875,No
378741753,No
71545876,No
412230108,No
101573147,No
67746303,No
2826469688,No
1090143086,No
252564654,No
1288483735,No
259778195,No
422468997,No
398611235,No
920612912,No
242071863,No
4405998622,No
4908499649,No
412670404,No
47398478,No
717319878542245888,No
3888190043,No
51166909,No
1016066683,No
771042114188742656,No
3413534908,No
495468817,No
96346472,No
4075384109,No
14900051,No
446371601,No
1926516720,No
243797423,No
497838069,No
10611402,No
252161195,No
47313959,No
3308288710,No
899865349,No
2200796746,No
78567974,No
1734567211,No
22604305,No
679763,No
485938515,No
720717117637685248,No
108958320,No
190320037,No
444510706,No
207939445,No
429054107,No
379812142,No
436563519,No
358162325,No
1073472072,No
481316156,No
261923137,No
1413583716,No
472751675,No
357154328,No
858249276,No
2817019830,No
198199124,No
2273249119,No
2511415512,No
1168160534,No
1270735285,No
3332720836,No
708581628201844736,No
602574015,No
2371530239,No
4848941248,No
3165299303,No
3015642023,No
807348596,No
210376076,No
426716463,No
1429966902,No
1381133720,No
411739086,No
2414500381,No
1006050012,No
2326047985,No
1370300701,No
4114189888,No
1233975200,No
386574852,No
428415112,No
565559566,No
2467961561,No
230790398,No
776430344841101312,No
2874842817,No
2609290294,No
1296801535,No
3288969585,No
3375673725,No
1176618985,No
4540267581,No
2420540543,No
525353224,No
608152223,No
4416311188,No
3188172256,No
407134798,No
2192231341,No
2614724955,No
2748505289,No
1030677596,No
131486969,No
1111625298,No
281904941,No
2445821246,No
14158218,No
88072055,No
822184940,No
1366650288,No
831129830,No
49064205,No
42260605,No
213818443,No
994798482,No
4832426261,No
2607271647,No
124819688,No
979023937,No
54918431,No
2472017715,No
22252395,No
559544729,No
3436942246,No
460683697,No
2548419224,No
538327861,No
2789831360,No
3958632334,No
893895823,No
730745676,No
2994158927,No
593681019,No
18618749,No
96119595,No
3863318907,No
168614673,No
302608759,No
2921663932,No
2465901637,No
495011205,No
229969486,No
1346996612,No
462938464,No
263037408,No
1044887318,No
52738973,No
367404041,No
84300444,No
108111665,No
736915646773100544,No
787437990,No
121720650,No
4894953053,No
179991655,No
431829729,No
190570037,No
4054280055,No
504251522,No
779026892,No
4179246183,No
251377969,No
268813974,No
481119238,No
3089580527,No
457595242,No
2237489719,No
743782951285043200,No
3860196976,No
1915578642,No
4060773759,No
40206238,No
74880368,No
1066782674,No
281573123,No
544486764,No
2845405989,No
2969519381,No
3254165183,No
1660889534,No
385864055,No
2412895226,No
2166946698,No
47969711,No
230254846,No
171480260,No
631436852,No
4818092890,No
3399075250,No
582293703,No
45802866,No
574087401,No
257568299,No
484943965,No
7492292,No
4268512475,No
75598081,No
281701597,No
311074404,No
1040134476,No
6443392,No
3646408874,No
726505258415980544,No
2384215806,No
3395390663,No
544142863,No
176022966,No
2739123935,No
2914473202,No
4468775656,No
702957764260327424,No
2714455534,No
1975733520,No
125950791,No
2731905976,No
72621572,No
3438570748,No
2857162997,No
181684018,No
3309783615,No
2695632918,No
893330910,No
390985672,No
3046930360,No
3030709558,No
2874898612,No
798181337433829376,No
1050781381,No
2937209879,No
1086749148,No
955289912,No
1070320147,No
348323243,No
253037330,No
3041069908,No
2349319657,No
249862119,No
593237139,No
383639966,No
3029167981,No
1039731007,No
382056971,No
588579160,No
2717902222,No
987640627,No
429323174,No
345341203,No
2199539758,No
584096772,No
751515465017679872,No
3852977062,No
254646788,No
1101021343,No
1117639170,No
539098109,No
1001463980,No
2341285060,No
1118805018,No
1036864910,No
278590030,No
1282936026,No
138172178,No
2432948813,No
192118395,No
585409998,No
943572877,No
2383579672,No
2382294142,No
1411184052,No
515470569,No
2267355079,No
1443633074,No
326320843,No
435329079,No
490529086,No
1241974550,No
1058212146,No
374006406,No
325127006,No
1566546614,No
2663921790,No
728804562,No
7773732,No
930194618,No
2338719661,No
14376973,No
2852316766,No
396686981,No
423831266,No
1341254522,No
3079251951,No
889554902,No
32937876,No
16585163,No
953887928,No
2817956454,No
456677700,No
1156714753,No
265060963,No
2846559233,No
364189418,No
4620748593,No
410234636,No
49318571,No
100602777,No
981832592,No
750847152,No
1220767266,No
84135603,No
2658993140,No
256697871,No
2301455117,No
2328765859,No
1587765782,No
2345481387,No
2260295838,No
2863121903,No
2002721,No
162785606,No
85358343,No
2457779709,No
3001239377,No
424142793,No
454025401,No
136923043,No
1066207429,No
2828057292,No
1167287822,No
98488359,No
2990123956,No
2359548435,No
987294012,No
345524427,No
2400465787,No
149519170,No
2809762856,No
2862460560,No
60434164,No
9623992,No
224759837,No
274915400,No
5676402,No
30504173,No
555309932,No
1124944140,No
390067665,No
4622550376,No
1055484026,No
2790586844,No
3306404625,No
469668974,No
1148128807,No
1101448555,No
2315712128,No
525584324,No
490376098,No
802130232,No
3332448431,No
1368234301,No
184018328,No
3044947366,No
4655621236,No
274138838,No
442324308,No
2935085782,No
439290200,No
115175546,No
1683545012,No
3332678698,No
485493017,No
952525316,No
63123584,No
226511693,No
280548207,No
50597132,No
2348648967,No
450517687,No
16120863,No
454185478,No
1239713814,No
2385369457,No
2242835089,No
398987806,No
93654824,No
1026423224,No
242301103,No
771197191,No
2244460336,No
505731055,No
703834247,No
52330988,No
1528766720,No
1228029926,No
1713152299,No
436642108,No
8556542,No
552169536,No
1511735094,No
270372295,No
336406661,No
22757909,No
452064464,No
402836961,No
486077820,No
491156990,No
1017508194,No
189874068,No
742009296129564672,No
468410833,No
2979050746,No
2939040203,No
2907756975,No
64702834,No
2245018619,No
748173713787465728,No
2341987590,No
130181213,No
885303356,No
1036788019,No
264351373,No
1088675498,No
953377416,No
378056903,No
525868277,No
2680617799,No
2778206704,No
627784163,No
2315538860,No
4284240269,No
3401876698,No
1600253772,No
514440497,No
381567713,No
3050234032,No
1230871339,No
2924378676,No
2354862727,No
4404458955,No
1280566146,No
3110215779,No
716422928,No
278425671,No
292063590,No
84193474,No
712941879113949184,No
3310355760,No
2498940386,No
541692979,No
1088385948,No
519379680,No
607517520,No
628772007,No
519297126,No
927916422,No
204486379,No
416928501,No
2247433494,No
517517175,No
1257072463,No
1171486081,No
421941338,No
4850581731,No
2946017621,No
749248856,No
487804173,No
904438754,No
1726668865,No
515561206,No
706057101,No
1086201870,No
184366311,No
1020431113,No
987068240,No
2728490969,No
28228305,No
397481743,No
2835838203,No
1013556894,No
1254165626,No
3417233499,No
454174327,No
2852162818,No
1272905017,No
420600920,No
3344669734,No
740153729291329536,No
3124079014,No
48317081,No
599651301,No
3468355577,No
4079805563,No
1034473320,No
3291493733,No
1392931717,No
471428838,No
3345485428,No
80115332,No
400281219,No
1179771493,No
2393110796,No
415750859,No
18904709,No
499128183,No
2267288613,No
197793098,No
70650884,No
355110852,No
322528854,No
3233850591,No
186203246,No
435314449,No
889585220,No
3331253727,No
45466299,No
2985726117,No
403289184,No
736738094,No
889896296,No
1949944004,No
1351714225,No
309083041,No
1352573959,No
80672878,No
1532086514,No
995538919,No
1482353762,No
148117776,No
796448330,No
166285112,No
47069553,No
2763290893,No
37026353,No
412434771,No
1249531747,No
952076750,No
1886003580,No
382260533,No
2671785441,No
458273458,No
369360844,No
1061331960,No
2578671909,No
1198812816,No
480637193,No
416402068,No
596584630,No
611454326,No
3105750287,No
597545163,No
88731319,No
507715196,No
1538939490,No
747048616859176960,No
249316723,No
336861442,No
345579983,No
3242084475,No
46643607,No
1221955844,No
2179687533,No
328486212,No
402324365,No
366492481,No
2392999674,No
3247047894,No
2191838384,No
3317377714,No
730098624907071488,No
2194870025,No
4786498851,No
390040304,No
3313182886,No
2225313178,No
295238173,No
2773387901,No
572016396,No
197374715,No
398290240,No
2328266847,No
595509264,No
2978524469,No
821482051,No
473339406,No
96582995,No
719466130272870400,No
3295200393,No
1855425530,No
1694889541,No
394814291,No
1662478286,No
1327803948,No
982932835,No
488767725,No
292518912,No
1040080075,No
931280858,No
2350667052,No
1697604230,No
448826586,No
1112700469,No
1069380308,No
288204711,No
50587360,No
2202834702,No
490358485,No
244566202,No
547163331,No
2942275894,No
866421828,No
3345732245,No
516680545,No
1073842549,No
2800037465,No
3730828101,No
230319200,No
1160616948,No
63800968,No
227431559,No
466415211,No
2348830478,No
91645474,No
421858288,No
716911634871160832,No
246377592,No
267219188,No
512018266,No
297435979,No
2853451763,No
723392517081718784,No
1558839894,No
3127610290,No
181684989,No
4195440875,No
430995535,No
740277257424523264,No
1361815838,No
2335372808,No
414373079,No
507970638,No
3154767440,No
2353976618,No
703307259607126016,No
321926818,No
222224368,No
759717599328411648,No
783020674952626176,No
2584582892,No
1381974631,No
2878690973,No
1248044209,No
418968176,No
297060762,No
2983119910,No
2443995940,No
3129162854,No
3299621284,No
3368229117,No
3395020235,No
518587771,No
2638919492,No
406584242,No
2850567417,No
197913402,No
236332690,No
393550671,No
493060779,No
118350967,No
1637660911,No
2464335277,No
16537991,No
515791905,No
627894231,No
45863022,No
544153027,No
507639440,No
483235585,No
1062453319,No
9619082,No
303682085,No
70201562,No
1131511106,No
22601538,No
387022949,No
624903,No
447846362,No
528846336,No
123334771,No
899901025,No
863031162,No
4143660646,No
93707333,No
36636510,No
279594662,No
158813892,No
72129328,No
99997947,No
528865870,No
108024320,No
273360926,No
26968329,No
1127733265,No
9817502,No
89518361,No
458347992,No
448157541,No
10059372,No
416644604,No
286733758,No
397613147,No
2384921132,No
57069599,No
3312303309,No
1060611614,No
1039306657,No
7048432,No
2418756838,No
52305444,No
484993582,No
15445966,No
226248120,No
190987854,No
269253670,No
547699314,No
172034177,No
133692338,No
1065857210,No
946282471,No
299892356,No
465389756,No
38398195,No
356404890,No
268811761,No
1009243501,No
89216551,No
2896572294,No
112454772,No
221816869,No
829790846,No
4194094995,No
399585033,No
389104963,No
392699679,No
3338622107,No
995160108,No
237248877,No
493278355,No
406580561,No
491212220,No
1407748796,No
35819412,No
293500255,No
921502448,No
81648032,No
88254217,No
2997431799,No
6149522,No
7695932,No
23999772,No
2569072195,No
38205384,No
125070146,No
441851951,No
441676801,No
396864261,No
47912534,No
6164412,No
252646626,No
108939829,No
1883127770,No
1227045804,No
273384797,No
586457703,No
42833853,No
246791045,No
1259170904,No
15491386,No
329600452,No
1657210158,No
740819877859086336,No
4266188127,No
1229510588,No
3317586231,No
627317336,No
1869380918,No
467834797,No
2180545696,No
4915900165,No
2905617357,No
2906893858,No
2376465507,No
2985859289,No
2784502136,No
2260378864,No
358119628,No
703974865859117056,No
4771794274,No
474032443,No
1015993314,No
749581630348591104,No
2418774046,No
4909508512,No
4342029017,No
1311997098,No
396684732,No
717075917638672384,No
3002208143,No
51798964,No
381378184,No
386564072,No
587416724,No
717094500179566592,No
1511107916,No
715845013,No
577226307,No
186512263,No
2233203519,No
2569113408,No
702371920,No
2436755911,No
3457524023,No
1008510270,No
390266324,No
2906132536,No
262100774,No
224226820,No
2943736768,No
829507466,No
90183892,No
3398643791,No
461369880,No
3036230170,No
562063761,No
1308806863,No
340996459,No
2525924002,No
612984125,No
2756333990,No
2828396831,No
1420532982,No
1244059747,No
749985750121340928,No
757235555541417984,No
1179455066,No
182411035,No
781377673,No
2919730121,No
1011183535,No
515548298,No
312615662,No
3050023667,No
2856598563,No
1140535207,No
873079502,No
995642131,No
307026014,No
1404322896,No
2508778031,No
2767354107,No
8882322,No
398317849,No
4853628435,No
2442669300,No
408437002,No
772125245796970496,No
2804118049,No
2569037141,No
2878408107,No
4526794900,No
703674148309098496,No
3958590737,No
372208149,No
468260476,No
253714436,No
3199220876,No
765979700808286208,No
1317075626,No
2523203476,No
1250267900,No
1871088685,No
531310192,No
2363670784,No
240317733,No
421871662,No
76786936,No
1305089760,No
251309387,No
469760654,No
2338806398,No
1228461907,No
560286269,No
3343049686,No
1406267430,No
9925862,No
1648199708,No
60577301,No
87159394,No
432943176,No
41480658,No
577337366,No
595124541,No
544221226,No
1638096936,No
2206083227,No
426755550,No
4588321522,No
273316238,No
1128641766,No
275434452,No
358626243,No
866449578,No
301922459,No
2811584671,No
4622433142,No
906858110,No
1310811456,No
3374386924,No
993828108,No
711206425,No
854600858,No
479028260,No
2922636723,No
588149132,No
2356163072,No
368595599,No
2967051688,No
3515535076,No
2656984642,No
1180622503,No
4089359207,No
2894383587,No
3063216130,No
847325940,No
557246302,No
592622025,No
1225904144,No
232132456,No
413416371,No
445284060,No
4229498536,No
935490462,No
1655311418,No
433750466,No
571133532,No
3193772039,No
4327300043,No
49709806,No
469103936,No
397593095,No
969789116,No
2673334859,No
2236761742,No
354314814,No
752559084881211392,No
115410183,No
580344256,No
411304327,No
102804357,No
470069972,No
1344866701,No
3306587122,No
1429916701,No
252585311,No
2984349707,No
443187387,No
2179652340,No
1639844875,No
1175727986,No
297599017,No
2324434960,No
352304658,No
1164343506,No
3074122662,No
1264916744,No
1386643028,No
283195353,No
2213627417,No
863845664,No
162882432,No
3381839055,No
2413094842,No
278748491,No
1117198494,No
389115081,No
49413521,No
415055892,No
66997607,No
424571011,No
72381260,No
1319044700,No
419828092,No
433397133,No
428271979,No
136006949,No
249120595,No
89413278,No
1071979285,No
2654839015,No
970877232,No
3350956385,No
922796137,No
284654598,No
120812398,No
232575488,No
442134122,No
703817284,No
133038458,No
1539007644,No
941531808,No
109644615,No
453313639,No
831875880,No
185274610,No
477822733,No
1148226661,No
2248023058,No
2351601439,No
1958902520,No
1320264439,No
2310322492,No
2165021431,No
20940320,No
2850074284,No
581285865,No
570144271,No
1254291416,No
3067944443,No
420194671,No
2330508651,No
4686049225,No
3103748006,No
3380511171,No
2392084666,No
4185660388,No
429274652,No
3067658783,No
909935803,No
3156887011,No
2244779704,No
2716420332,No
637057911,No
56460480,No
499921719,No
3166382357,No
4613838695,No
3296744735,No
1357198874,No
4774077809,No
337211346,No
55568482,No
2733334557,No
724722046740127744,No
495090591,No
1296698486,No
14703893,No
423024537,No
405658492,No
385079246,No
1660757306,No
1894182324,No
3026154981,No
289376787,No
361898272,No
746018960,No
2412802144,No
756843925,No
133715324,No
816169412,No
2789274177,No
1937864059,No
500941482,No
3434389990,No
387078143,No
895869750,No
48461963,No
3864432442,No
592767313,No
1324690742,No
1509926778,No
90414424,No
4872175240,No
2423756303,No
45540643,No
456854642,No
2336493886,No
3257520543,No
1475474042,No
1089245906,No
363091341,No
1132098312,No
307954720,No
194572044,No
3001232244,No
100760933,No
1299310382,No
552024170,No
309920258,No
1334270024,No
1851059155,No
495894368,No
548415706,No
1638879860,No
422643715,No
4047168165,No
4835827480,No
4874433580,No
2714594117,No
1581537397,No
923576148,No
456066284,No
329670840,No
396699676,No
1145950652,No
431076305,No
1084011908,No
2927037939,No
456843561,No
558972081,No
231766882,No
1441836270,No
2338106430,No
2170967705,No
955629762,No
531664037,No
849251082,No
227418048,No
2264975383,No
1667966527,No
415664629,No
218839345,No
227078040,No
946140991,No
4404703516,No
244941491,No
954071725,No
107614352,No
66649996,No
210900155,No
616343678,No
382745512,No
45865363,No
2229918534,No
2572210756,No
371274882,No
489781885,No
96325649,No
415437027,No
123497251,No
830747983,No
619299370,No
185794895,No
944659129,No
547890554,No
3145265249,No
82301254,No
83326299,No
811565292,No
471369382,No
486612789,No
751820450,No
3035060441,No
189110064,No
405136472,No
2400347005,No
863020105,No
954347947,No
1199579786,No
1025054731,No
211226743,No
317278377,No
34251220,No
2542909899,No
2391369431,No
229821777,No
2725435126,No
3044636879,No
48272554,No
383888615,No
4657568061,No
2875485406,No
2907503735,No
3169131753,No
101218055,No
65414833,No
2995672642,No
374002317,No
504329845,No
2475022843,No
3075395735,No
773200264635490304,No
736491984081281024,No
4436365575,No
1531397095,No
3082030787,No
3471387317,No
44206038,No
2958925781,No
2367661536,No
241086708,No
3607235297,No
21933,No
432738065,No
434839311,No
4877601425,No
270337080,No
75155781,No
857921246,No
9650902,No
6598872,No
716644863849140224,No
60624922,No
464973973,No
2493300512,No
971840395,No
421271650,No
15692032,No
82577102,No
306686257,No
115139827,No
1332412902,No
460196865,No
469483334,No
69395839,No
514377723,No
1556097584,No
2561253733,No
413873933,No
2749566881,No
1586227562,No
2865271140,No
559445021,No
199216783,No
198585878,No
91559209,No
3353193405,No
2404216681,No
3144040683,No
349818189,No
954041064,No
2909939349,No
719936001968381952,No
404022377,No
1275456488,No
295654900,No
409859925,No
1485214532,No
5440232,No
236335841,No
76976407,No
40205144,No
23578155,No
252332089,No
2726498655,No
123712076,No
950216629,No
3310852186,No
113643008,No
590393555,No
1102070556,No
2495079298,No
2233113344,No
1274823746,No
391450948,No
2769827087,No
725657324,No
1410109662,No
1238563154,No
1133516726,No
1618316666,No
263086848,No
770463936,No
2958805145,No
893666054,No
113667004,No
424216485,No
14094007,No
2808862264,No
211546591,No
2475306529,No
584500247,No
1384017114,No
379216502,No
1885903771,No
956276568,No
100004676,No
1077801097,No
183638480,No
1192998770,No
1068846679,No
2228748954,No
367692964,No
471328170,No
2323933241,No
136205033,No
2892694835,No
266509631,No
1061399634,No
526896427,No
483046948,No
408021280,No
293707923,No
591741476,No
87500470,No
2778113365,No
520251134,No
727775762074488832,No
2401546563,No
2973415361,No
717970219596165120,No
4822018295,No
255499883,No
2519061382,No
491225607,No
735022891583016960,No
2231898250,No
1204728828,No
2345472305,No
4787048363,No
3406855018,No
744263355536392192,No
122476603,No
2929403482,No
2939616575,No
1310846059,No
733682239473635328,No
727850228829818880,No
1006039993,No
400866181,No
2675073532,No
4012526097,No
762953714315489280,No
939170569,No
210549075,No
226510828,No
365614776,No
2891908840,No
469170063,No
361776139,No
731943132338749440,No
527318573,No
774631928834191360,No
1060152320,No
835516741,No
751164362,No
106670846,No
439602156,No
463622439,No
379245447,No
2513097323,No
424585535,No
323156359,No
198869860,No
496254283,No
3685974208,No
2871744439,No
192253996,No
2537297638,No
601972301,No
236364144,No
3760205177,No
2155775806,No
730749557789851648,No
2409566784,No
2364476951,No
1364703349,No
603612465,No
2486333230,No
942010068,No
3535552281,No
124426856,No
3351692872,No
710498404531630080,No
3001111939,No
1036575512,No
2998534481,No
611680497,No
700630516043649024,No
418081562,No
2749292998,No
2533829229,No
827716970,No
3001084382,No
508717801,No
752800121138581504,No
3030837185,No
712933197290606592,No
722684492,No
36286962,No
133242957,No
1004193134,No
448806588,No
261745556,No
586675940,No
940223707,No
447863789,No
2425450727,No
995021599,No
271306726,No
4210012725,No
533690230,No
4885903612,No
2563400395,No
851981688,No
2345206182,No
1543714862,No
541061131,No
255229437,No
1325008650,No
3337309864,No
99964869,No
277446800,No
52225379,No
288871442,No
490548353,No
1540142966,No
413231504,No
8644482,No
3457666769,No
332522093,No
712668381,No
486787100,No
700939605521145856,No
581752139,No
4252032136,No
516890828,No
494827982,No
948427543,No
483727150,No
2347562993,No
3240372507,No
1283709019,No
3646464681,No
147293373,No
317336535,No
2768212373,No
462026678,No
297548565,No
2364563704,No
4243675906,No
856629102,No
1326880621,No
209618253,No
2352132366,No
1110311593,No
2244108384,No
2762061357,No
3014428659,No
127435541,No
907601977,No
2417843232,No
3168904809,No
4405643841,No
514422812,No
410564489,No
1042228705,No
3030866752,No
2792094531,No
4878708910,No
704996147,No
1190590579,No
279572692,No
557943728,No
1923305407,No
798619735998996480,No
1898486876,No
587281863,No
752299549637668864,No
749611364,No
391620881,No
354322711,No
738344440851468288,No
479573398,No
447005422,No
432451617,No
2994679426,No
550084298,No
3064476580,No
766462243,No
237392330,No
476866628,No
1014884664,No
1142481625,No
37756411,No
409103399,No
2375430686,No
575654596,No
485044249,No
433223568,No
17043013,No
257491066,No
305694390,No
4784984566,No
133342361,No
86904110,No
120558138,No
69955904,No
371399195,No
141693275,No
3052866272,No
254969508,No
479054996,No
4405181775,No
46887047,No
2782963885,No
1605951806,No
432259780,No
2268685606,No
138364373,No
3242281907,No
93962722,No
250774432,No
2902589133,No
489291238,No
2302363096,No
4860590037,No
540669424,No
76993549,No
2889612136,No
2262991946,No
720515573,No
1316416861,No
3640747095,No
96313736,No
1285373419,No
107246102,No
464615450,No
788049329403506688,No
258460263,No
318440967,No
67734927,No
3396685594,No
3417259449,No
835177470,No
3250047701,No
3049334202,No
530990399,No
495045767,No
1498786196,No
4714487295,No
707554040,No
987258930,No
537538390,No
2440253132,No
2973540729,No
1286897317,No
3301844175,No
2647427506,No
2542038342,No
1331730614,No
2813029598,No
3977951957,No
3713310497,No
3293573594,No
2316519053,No
273995451,No
381128944,No
1023765146,No
2751861019,No
2827148957,No
1089413082,No
3589544177,No
3401298100,No
122497273,No
3086975528,No
1264214780,No
2719470235,No
767413359448842240,No
7184902,No
3068966572,No
548738657,No
538566780,No
410735674,No
417227638,No
1093276411,No
2189123792,No
2454559204,No
268749571,No
4582495415,No
247726328,No
238718282,No
2390176060,No
412556755,No
276029690,No
147709032,No
1441091340,No
573463042,No
2529482186,No
2660717879,No
1479702782,No
3044318702,No
217374235,No
2491602792,No
1162661400,No
1252946868,No
3140978387,No
941041278,No
396745952,No
2282351922,No
1080882642,No
719102022591639552,No
980852744,No
2774559063,No
4173348616,No
760849751608668160,No
2738358863,No
355905384,No
4742823747,No
2760801606,No
309575298,No
1295567060,No
2595985139,No
3909032295,No
962736661,No
311497321,No
550939002,No
110091649,No
143539917,No
891381614,No
3971921128,No
1043319710,No
63126601,No
1449979988,No
407598164,No
813815496,No
864546176,No
227605442,No
631810976,No
564876371,No
573049351,No
712045138374213632,No
464536669,No
2472152787,No
4754556873,No
2978426715,No
116750021,No
747492094881726464,No
264703894,No
4827480611,No
503680346,No
500633142,No
2513098776,No
706940531495051264,No
732559986778374144,No
128151527,No
2885125256,No
29220492,No
903551454,No
3948938717,No
2273200191,No
102119784,No
1370308218,No
33897141,No
1057511179,No
787227720094736384,No
268001006,No
2333704591,No
1104120920,No
4764008248,No
22484478,No
15123812,No
576074091,No
280057090,No
2914303918,No
2911434461,No
958633201,No
424237536,No
2894747885,No
3355557795,No
117065803,No
844292455,No
2544957299,No
1124653651,No
172710533,No
3318552736,No
3448617916,No
2232915432,No
503389433,No
137939617,No
2430808297,No
2410911599,No
475184361,No
485712006,No
1227802784,No
701220226,No
3022681938,No
438694136,No
1257582146,No
412171975,No
128176490,No
185797893,No
1238682920,No
560972582,No
250641287,No
2229631676,No
1262157433,No
237241091,No
448654279,No
803010732,No
121859039,No
252628345,No
1137454927,No
204226150,No
376285251,No
440977656,No
2726457153,No
358968735,No
303443930,No
502069596,No
174290498,No
553374200,No
2359198747,No
432764261,No
2994986278,No
236573642,No
720638490766086144,No
40242521,No
3338655335,No
317659038,No
727330183473160192,No
1498521200,No
2726780518,No
390101976,No
253667606,No
4100708253,No
92996440,No
599364534,No
1518874812,No
2942054782,No
1688073932,No
2280648054,No
55251916,No
380243566,No
366511130,No
465408460,No
47758527,No
275967943,No
155965571,No
783276237351489536,No
3002109657,No
510267433,No
1215166160,No
308965894,No
1161230660,No
216714835,No
708285133971914752,No
2292610962,No
952538916,No
1452129655,No
4283585837,No
2839230808,No
2357461859,No
1157439091,No
1142639090,No
1018001742,No
2884438281,No
1971399660,No
29421881,No
1098245892,No
631464969,No
2374133247,No
140521897,No
1171572038,No
464020852,No
1103371136,No
302244679,No
769900442620948480,No
778503955,No
171013112,No
455375265,No
4830782164,No
188787298,No
414788919,No
240401072,No
1649996461,No
431887124,No
591323175,No
259431974,No
393483438,No
304082066,No
2160731013,No
1329275215,No
570329331,No
2867411482,No
843441636,No
540740277,No
464538447,No
400271467,No
84887445,No
219709201,No
4821331120,No
152555992,No
232798646,No
67002064,No
307606663,No
146366004,No
519348439,No
407051453,No
154638502,No
27473837,No
421839918,No
243545857,No
977706000,No
1054399650,No
2847888735,No
787745070002868224,No
424989077,No
483431115,No
41094956,No
2604042187,No
149458590,No
81085097,No
202166644,No
1177071931,No
227632733,No
2422875421,No
896233980,No
2416044272,No
418259535,No
446426646,No
168761446,No
2180128512,No
104612663,No
405430528,No
1037244210,No
1510018086,No
268946617,No
1499415128,No
173081447,No
834021516,No
428911670,No
528014582,No
253548405,No
353678923,No
219708508,No
269425726,No
234432349,No
311662324,No
1393933706,No
3172191113,No
507555986,No
482513993,No
916593962,No
25800820,No
856244276,No
2314042430,No
1135323564,No
504355470,No
2184426949,No
449786912,No
532132256,No
2818375146,No
431953324,No
972337386,No
83094880,No
773869687465803776,No
255384728,No
242306600,No
391335702,No
2407854339,No
260186256,No
298032144,No
167338429,No
589383224,No
1378946276,No
2173408514,No
2800729570,No
4919837110,No
335547677,No
2358348371,No
1286465791,No
800971386,No
1307992418,No
1661062764,No
51981617,No
307264002,No
473348571,No
118284260,No
330449169,No
901555177,No
50746264,No
503172196,No
171040838,No
726023557474557952,No
449849375,No
27606971,No
16314502,No
372150748,No
367195342,No
604628522,No
127918303,No
206146639,No
1694289530,No
213451073,No
401244307,No
3211000952,No
858613189,No
1878697513,No
348373763,No
2355327906,No
302708595,No
860043793,No
878470657,No
1923936728,No
252588745,No
2982435059,No
1367005093,No
1931211852,No
2472567786,No
612624941,No
383690993,No
3311188180,No
275145966,No
2265915672,No
2327651732,No
2721779723,No
544537996,No
563939181,No
415805501,No
3143655058,No
1467564204,No
719771713,No
318467812,No
2238936648,No
1935212131,No
3804925522,No
2328728342,No
3389207932,No
4330061833,No
720160136468279296,No
738736280624844800,No
396405583,No
268696849,No
3129780759,No
517829387,No
455229748,No
2714080196,No
246772500,No
125748181,No
2842784237,No
1177010244,No
381221179,No
2364054668,No
249910566,No
2221887969,No
309277206,No
4586557397,No
1180016617,No
249751492,No
3095395041,No
932814966,No
356050856,No
3179961507,No
176771140,No
2279477919,No
4212866417,No
420526736,No
2712636045,No
704779333307650048,No
873734450,No
3888428213,No
2984198033,No
574343995,No
1684079311,No
785367204703461376,No
271541039,No
109361238,No
3631947141,No
424281659,No
4194026595,No
2927010322,No
1247496404,No
1219652864,No
3318018407,No
769588195977723904,No
770271033119178752,No
1274727440,No
465082146,No
2489572129,No
247863643,No
1176131220,No
1261644342,No
204814083,No
486876996,No
483198813,No
2238237993,No
1867337995,No
740809051,No
194941208,No
2449514652,No
2982653979,No
3301082218,No
434326936,No
434372109,No
945453433,No
387306378,No
1332378620,No
1389335053,No
1017977773,No
1640096334,No
1260037848,No
784949792,No
989463211,No
536501116,No
2967451289,No
1435168926,No
2370723536,No
311694861,No
717797844934082560,No
203827028,No
621038509,No
479575055,No
949878890,No
50265477,No
505826561,No
1168472275,No
3323385291,No
344802896,No
348334390,No
340206383,No
369200086,No
177539420,No
700690132769370112,No
46891993,No
431868464,No
405487415,No
597499995,No
2939273031,No
827585288,No
2451731660,No
111728066,No
1277793402,No
938810556,No
704238977,No
764052185206362112,No
184348439,No
489199735,No
14238289,No
1061376037,No
187256895,No
2359724456,No
81350387,No
718184199908421632,No
4092809355,No
952533872,No
382880462,No
1064018144,No
2414907218,No
633960487,No
462851481,No
632814671,No
548701342,No
700879880,No
286756094,No
120594286,No
428925814,No
239736419,No
299760826,No
1009309458,No
415525282,No
3700421236,No
457608453,No
2540842325,No
1601156844,No
2262659572,No
52995543,No
40354809,No
703619424,No
711909518121312256,No
85827368,No
955966339,No
780730338,No
385904680,No
139051050,No
4090638149,No
463192964,No
23460272,No
2527788012,No
2510254619,No
751509721333596160,No
37971075,No
2833760769,No
549064750,No
2754565029,No
977867604,No
4892583579,No
320840126,No
740962015611637760,No
394729845,No
2513230784,No
1712610582,No
227749617,No
1068405199,No
3318120640,No
423703761,No
4753970247,No
9680302,No
433392707,No
711510591,No
11842432,No
231726084,No
382639791,No
149126999,No
2152285137,No
2609773355,No
1080855186,No
2354652397,No
3587936236,No
3930881235,No
8111252,No
114041232,No
48291322,No
415387207,No
50583358,No
563886478,No
1148764633,No
332740913,No
3131324031,No
371720917,No
1465687267,No
50950136,No
321885054,No
52364658,No
340128358,No
72009402,No
77743085,No
196527314,No
182935367,No
40716189,No
93908411,No
2877035033,No
2170368595,No
573881279,No
476945131,No
1528783652,No
611841018,No
137997259,No
454706789,No
1221291,No
102200819,No
104850879,No
447990031,No
475956693,No
3503816116,No
60883783,No
189821935,No
290678266,No
2155539577,No
855369620,No
337209494,No
434184878,No
2976609286,No
51906999,No
29032009,No
2896156791,No
750963366,No
175072380,No
1908263497,No
54226483,No
253542906,No
2330339683,No
374523634,No
2650654990,No
436700605,No
4688837276,No
418615937,No
81689292,No
499824912,No
3256585139,No
3338788090,No
2700524386,No
51119232,No
417356257,No
3382760081,No
771702640019402752,No
84307195,No
3050231175,No
2864131491,No
381964547,No
2758218200,No
712297106036428800,No
2507210803,No
297946868,No
4859352526,No
4459166907,No
1511601781,No
1361432923,No
2775293393,No
1891583048,No
4844733082,No
2606389745,No
422670896,No
500174528,No
2270512536,No
3440230655,No
263684035,No
4249515683,No
470364053,No
204883834,No
1162209535,No
453295053,No
238573328,No
52509655,No
426640529,No
165408634,No
14442736,No
4194782727,No
3025016987,No
738878628998582272,No
1272944370,No
354263877,No
564693328,No
378752718,No
728897876072534016,No
86163872,No
187725799,No
160556117,No
484234180,No
80891401,No
14184504,No
358244439,No
146215790,No
837804025,No
304639365,No
115170866,No
764080205656981504,No
213701690,No
1612650822,No
898194878,No
765520266944454656,No
131262995,No
55559303,No
470102886,No
2291003508,No
741563433825505280,No
1028756479,No
464123632,No
4229498135,No
1315409688,No
2706670751,No
790849429003767808,No
3751200317,No
2340205333,No
517628785,No
2259405513,No
2754635521,No
1315096190,No
457375249,No
1722899785,No
795413849381998592,No
209228950,No
67277783,No
14570884,No
62060285,No
896141977,No
16592657,No
90493962,No
43891997,No
564370558,No
134102796,No
1251629106,No
347953519,No
295067525,No
2182130242,No
2254095363,No
398934233,No
487899058,No
578906912,No
708970152,No
2397882503,No
861313466,No
215374702,No
998818928,No
518305107,No
104430215,No
1851551826,No
4120481003,No
1307817714,No
1048968648,No
214604553,No
1192866157,No
2380566639,No
1045531866,No
1621368146,No
3130552521,No
751920799964098560,No
414369290,No
2811252663,No
3289645138,No
1001745906,No
537389666,No
603437317,No
58891895,No
61419304,No
69845361,No
428458020,No
53139843,No
383531511,No
1475697865,No
602216944,No
430060194,No
13276922,No
3339999905,No
58762054,No
2700638454,No
4775447135,No
266249609,No
4184747841,No
2393684735,No
172472233,No
272473332,No
138418305,No
2942626198,No
2799355986,No
400428539,No
370120962,No
2715371230,No
2840111003,No
2780048603,No
249758704,No
16329521,No
1442514810,No
226641470,No
1955145548,No
1220930162,No
2297955914,No
440313526,No
1283518398,No
387120328,No
163896252,No
936533587,No
310864756,No
1588777538,No
1540767944,No
2884770762,No
754368761185046528,No
993853790,No
836237598,No
704615029572825088,No
3879969267,No
762727876286410752,No
2685703353,No
320840015,No
574396225,No
431622091,No
970835599,No
419862356,No
235410469,No
71806270,No
757054681,No
354165740,No
29556279,No
52063355,No
485114039,No
2867329397,No
549605964,No
2225589287,No
4193632539,No
1339157467,No
616052541,No
2315349157,No
1690365794,No
355496018,No
1048883828,No
3299563144,No
406116425,No
49358807,No
483321494,No
846790633,No
385952157,No
455094599,No
2435916027,No
1154856690,No
3444171,No
1359099704,No
379224837,No
723777820309217280,No
72132769,No
306730394,No
4254101320,No
183405973,No
470515225,No
500230476,No
1057682683,No
294600641,No
3131729685,No
759772392444993536,No
2569816533,No
2354818038,No
722514964095889408,No
744514206360281088,No
445705786,No
22604437,No
767688070779002880,No
4861481447,No
135869288,No
39722579,No
970153256,No
3056847964,No
2314342300,No
989346433,No
3243183527,No
1371763459,No
2187267384,No
215700849,No
326679309,No
187521367,No
372948910,No
128568030,No
4199553285,No
1503550754,No
225413045,No
621234764,No
82870248,No
347879345,No
94185564,No
370828082,No
30437379,No
200537738,No
103879100,No
310458877,No
1510489741,No
468585900,No
1217043228,No
17948183,No
593693314,No
520792250,No
84817919,No
851471263,No
2570992524,No
382265822,No
2545730562,No
3262192089,No
1559842459,No
560260712,No
264674074,No
346729893,No
1277404100,No
1026219187,No
2452728714,No
2853912412,No
2799227808,No
2163487923,No
303175724,No
800998519,No
2950133739,No
545352137,No
231915122,No
3231835937,No
431500211,No
3396871882,No
1210946100,No
260230310,No
96109716,No
2318930618,No
412948497,No
3305696997,No
1369521278,No
1229273522,No
4853472419,No
1050116880,No
1586673164,No
738839237919944704,No
1149014184,No
15191375,No
434296262,No
254425459,No
2669059234,No
16501369,No
1230607256,No
335331575,No
512049329,No
4048170857,No
63961997,No
3957830837,No
4185904679,No
289838495,No
325145422,No
2856556643,No
37619931,No
1550852124,No
2260660337,No
63419089,No
305650360,No
495386998,No
4181848462,No
321252271,No
1926446076,No
2792238116,No
2207158497,No
1379962796,No
1333390254,No
2308536067,No
201612468,No
448277244,No
1387466808,No
3377613693,No
2472761502,No
1133836538,No
745410799,No
147726261,No
47781017,No
413787509,No
231016344,No
2333071543,No
438571702,No
1039416606,No
441025617,No
2754433723,No
1903397372,No
1221335432,No
3044781591,No
330330577,No
3182253213,No
104787756,No
815373541,No
3297743975,No
300083934,No
807579925,No
2348566523,No
1625597406,No
2726505142,No
317117163,No
785773375385923584,No
2464482982,No
501706273,No
4827606910,No
420135838,No
3224620169,No
3319414510,No
2876529880,No
2865365393,No
469717295,No
1289425303,No
390942107,No
2911276928,No
295567040,No
613258756,No
1405657195,No
331684462,No
1200340622,No
852324414,No
223834843,No
2950363595,No
3410824053,No
495033529,No
1604118198,No
2758570265,No
3096539158,No
701388897817853952,No
587764533,No
2292699266,No
2363041650,No
401502696,No
732580256,No
3392553737,No
564904778,No
1528603020,No
87999971,No
2782395460,No
2333515169,No
636395042,No
3311973861,No
256722603,No
467359617,No
926027424,No
2839730068,No
318068794,No
231170194,No
3013948526,No
760056056693268480,No
73169082,No
938917075,No
526490982,No
521325448,No
487434121,No
395956139,No
570942587,No
1601215584,No
485900658,No
317326833,No
373384107,No
353712460,No
399545508,No
103372549,No
1268032573,No
2159803472,No
4876178589,No
398996708,No
136013337,No
964333646,No
2482396225,No
1425576013,No
3375604709,No
2813579953,No
1389280814,No
1513517870,No
341641915,No
2632275819,No
2365009229,No
288656733,No
2942180603,No
452294805,No
701747343339741184,No
3107226245,No
128998224,No
2353756873,No
386154304,No
459225202,No
1246472766,No
3247227967,No
355122344,No
390063172,No
43712047,No
400073548,No
1479828265,No
232231711,No
326451864,No
105902569,No
4504378643,No
200146865,No
16684696,No
184101181,No
16823683,No
1489965936,No
528517265,No
4910051933,No
34584476,No
280738990,No
2225037369,No
3387776842,No
3343902946,No
430938877,No
283416650,No
482042101,No
1734254454,No
1897601790,No
25538825,No
3001315397,No
257398221,No
444438933,No
351843456,No
2876085995,No
355724715,No
978662634,No
1205970120,No
195379342,No
1324201430,No
461301109,No
74301788,No
581069910,No
431796974,No
1143922956,No
537275178,No
596228713,No
2247093145,No
2948848851,No
1369768926,No
203422096,No
22617135,No
553556334,No
337095643,No
738895631897530368,No
3378041596,No
108447810,No
1661464812,No
222375064,No
352293353,No
55622889,No
383698836,No
82379983,No
360580578,No
134514942,No
267358678,No
245753176,No
451370524,No
403507902,No
98740095,No
56723428,No
351703720,No
2558410536,No
426835648,No
291290398,No
2591510034,No
2742032371,No
201705257,No
455712708,No
1142559871,No
913038170,No
472301391,No
132211267,No
3236668955,No
3045043101,No
3909974067,No
238781806,No
743016612048044032,No
1063332403,No
522038645,No
128648069,No
2703902763,No
425741057,No
728421258,No
585845073,No
538352513,No
529317309,No
293129112,No
424915583,No
50690845,No
2316186746,No
36250431,No
14153768,No
96666156,No
171447577,No
2650582614,No
409274105,No
118473257,No
3027478686,No
1192340720,No
133019285,No
376640823,No
476811892,No
34552680,No
344767294,No
80040362,No
1007092986,No
569368229,No
365580871,No
880920558,No
66313580,No
55819049,No
17849926,No
585172516,No
2202125345,No
2290092179,No
2991945461,No
2250146109,No
2295815185,No
1086972710,No
1859725260,No
2960469293,No
289839081,No
940072826,No
182767371,No
1088783053,No
2739787766,No
22063717,No
568417331,No
4403955207,No
4901807531,No
59165953,No
1488305112,No
67286398,No
1132188114,No
2680186468,No
539157045,No
146219613,No
722437734,No
788860282126929920,No
3433009643,No
738626681418579968,No
449278512,No
394364545,No
1478144047,No
104866627,No
1058200926,No
701364672834965504,No
2985415239,No
494172683,No
2934202073,No
1563873282,No
749398034774196224,No
1173006894,No
1079765420,No
2328994740,No
891432866,No
488484539,No
1474124408,No
2353092296,No
581006334,No
498439069,No
4048644567,No
228708687,No
118072089,No
487891209,No
2375250388,No
1889947640,No
532347972,No
238068247,No
3007673747,No
737934742461526016,No
2813881335,No
2305688031,No
2361702682,No
3720121229,No
2239071753,No
4661080342,No
3317075583,No
423797452,No
69340006,No
2227021837,No
3010384533,No
484133390,No
390707665,No
612741838,No
563773403,No
271407821,No
418048339,No
757644822748524544,No
4622374936,No
700592900544053248,No
1204999254,No
61776957,No
255974596,No
2847895318,No
382029804,N/A
358200513,N/A
775827638,No
2683347244,No
2230137172,No
552924569,No
1638934124,No
229160327,No
237633755,No
1013879910,No
975755820,No
455266102,No
710171600092598272,No
4928491697,No
2845726755,No
4266301564,No
65869236,No
2663879552,No
157274048,No
3548317936,No
589995887,No
2367102656,No
51289966,No
57367753,No
463649801,No
63665281,No
98125196,No
2822999261,No
584704603,No
806504546,No
3010484291,No
822119430,No
123943257,No
474764300,No
202559331,No
3300222131,No
3072026097,No
1485951925,No
592806834,No
791764138498387968,No
2945538531,No
2502868003,No
475325454,No
813055092,No
3263800121,No
4354022235,No
1317107058,No
1099421017,No
376695119,No
366011205,No
2523734261,No
891052285,No
3258031089,No
2486067773,No
3303033640,No
184390072,No
2385918867,No
837129073,No
389715698,No
51518999,No
4286762296,No
434826176,No
2646449907,No
2983489509,No
850130671,No
457391512,No
3134863127,No
743200590755434496,No
2722795647,No
2897637250,No
2801408519,No
631191906,No
3134362252,No
3128642231,No
1042337310,No
369012355,No
600962933,No
448775894,No
3044954049,No
197558355,No
369697699,No
231539025,No
54209383,No
1410308294,No
1222708867,No
843573301,No
802291381,No
2358353824,No
2936690493,No
484617036,No
964213878,No
3148498593,No
3089288838,No
605776483,No
428460389,No
3292732786,No
548221028,No
2777724153,No
1364981654,No
1048731103,No
2808612898,No
2851888923,No
574620995,No
241658981,No
476976606,No
1042862978,No
392828316,No
97240151,No
408551037,No
132253492,No
128311146,No
2431559914,No
1090294315,No
30732023,No
573920332,No
93034295,No
2719761311,No
120479017,No
411196574,No
41820644,No
2219899278,No
2788127629,No
795896647,No
894992365,No
225599409,No
90435707,No
14859241,No
461163988,No
994071384,No
3031188244,No
2342856875,No
48274346,No
441914111,No
1168367756,No
297936044,No
44903309,No
2334131475,No
2912679700,No
54926836,No
503452485,No
1190127296,No
1921110236,No
2223036664,No
358794756,No
561391482,No
427694799,No
394292679,No
4764391455,No
1490029824,No
1405646389,No
2174535898,No
2843618644,No
411540072,No
243028035,No
3130622027,No
2733575715,No
2619940330,No
4830251404,No
2828732335,No
3137828671,No
218571835,No
220697654,No
433440575,No
37391110,No
633199752,No
1037459442,No
390262062,No
2769332552,No
2385584841,No
27212050,No
3457135217,No
744871559098146816,No
58719148,No
2824658243,No
4251205535,No
2836265801,No
2362345730,No
762396908409253888,No
2955255291,No
306160885,No
3841697967,No
2991958845,No
290604277,No
827245560,No
1316198996,No
2276303197,No
2274898827,No
3021558671,No
497180474,No
791324802,No
2945586671,No
2978470539,No
3087142229,No
2676044931,No
741723687569788928,No
1685893608,No
774045156,No
521529269,No
796971918,No
606158137,No
740137006215335936,No
2318347912,No
93877894,No
448805388,No
964828747,No
2958009965,No
381581456,No
3227474995,No
575663920,No
546725114,No
122025999,No
378787879,No
763638409885782016,No
40701365,No
1198391592,No
53478215,No
418261517,No
3132681590,No
426706142,No
703580095693385728,No
299861085,No
410736575,No
3177896819,No
946546771,No
516821489,No
1234080900,No
49283289,No
1418554027,No
460933532,No
253571297,No
247343955,No
3352952585,No
1339415130,No
630926258,No
878396365,No
1894622070,No
3891498863,No
126958404,No
186027722,No
566207084,No
233945272,No
512591252,No
158427002,No
279527882,No
1412316816,No
1085581699,No
491417328,No
3313283559,No
2796237551,No
991475617,No
1379420346,No
755562403,No
60297599,No
1098895478,No
282118722,No
980971442,No
586632813,No
2626141156,No
187951994,No
2604312407,No
1394732834,No
229114116,No
295024898,No
2869524833,No
304945509,No
1259861648,No
1272928376,No
544183052,No
2762991057,No
3854006068,No
3345672868,No
738805650344542208,No
3096569741,No
2799904159,No
2784347102,No
144430939,No
4794876481,No
3031025781,No
44849523,No
2369487383,No
2797539111,No
428368107,No
713474860899516416,No
545848514,No
435153058,No
822200874,No
1307442482,No
78679122,No
1546547437,No
1009029900,No
1172866820,No
3412199991,No
1931276270,No
459977317,No
2316274661,No
1431247669,No
2653950543,No
103646510,No
265017059,No
531821962,No
39028896,No
290758240,No
4374099225,No
369989109,No
421098765,No
514280693,No
359886824,No
94594903,No
767596251311407104,No
1570552098,No
337394074,No
2447803388,No
207889948,No
90124895,No
2866614668,No
2271564014,No
590037686,No
487401738,No
603718856,No
277993655,No
433293009,No
872579222,No
4598939601,No
789968486,No
185884289,No
576542327,No
439147800,No
185197808,No
621285762,No
3366083633,No
966419364,No
3920924531,No
868692835,No
496196986,No
277948552,No
155892437,No
396461139,No
453094218,No
2652929369,No
2359894718,No
2804052821,No
45346999,No
1872662737,No
379606499,No
2199349648,No
1947476942,No
3012360363,No
4896551026,No
4924743345,No
276187826,No
995341382,No
1068206922,No
2387695565,No
3159816119,No
536140387,No
3949425333,No
4857911091,No
432778390,No
1225968722,No
425479495,No
2905245363,No
1060609862,No
1158224899,No
3033519897,No
1099207608,No
489546240,No
2958883751,No
3322494874,No
810395744,No
142593220,No
137690319,No
724628269333635072,No
807358640,No
322054650,No
421166716,No
586731493,No
2306080108,No
4121288038,No
2482345727,No
3345328114,No
128688814,No
3072338914,No
1870961815,No
717935355,No
149233295,No
449543043,No
466628457,No
90501152,No
2305829379,No
2253438805,No
380314015,No
1857123030,No
911054077,No
185991911,No
817470648,No
2569176482,No
714561841968582656,No
21929177,No
525733847,No
523255151,No
562285429,No
82636356,No
2828477103,No
2266329732,No
137126479,No
2604719213,No
2416029024,No
1731287791,No
46395480,No
1289326484,No
2986015264,No
146132863,No
1422351205,No
2250911242,No
23304197,No
420447587,No
223877014,No
987660337,No
3432830997,No
498096650,No
411046193,No
22381502,No
827079967,No
1470453612,No
1305597956,No
891456458,No
350300800,No
291817398,No
2981281283,No
958750693,No
1525663820,No
2889628751,No
2915090824,No
2735980101,No
106731377,No
1020342666,No
2342619006,No
3197165667,No
713721722613211136,No
1960528369,No
445476842,No
701046240788803584,No
744167896985767936,No
418236949,No
744659342738210816,No
531243852,No
210981281,No
50456514,No
95916616,No
266187852,No
37687747,No
65605218,No
256051085,No
216471530,No
75751731,No
70390382,No
89777464,No
3334729282,No
760249006693949440,No
3521541201,No
1264951584,No
37892753,No
1227447218,No
4031416222,No
184799522,No
4909156781,No
985241923,No
585397603,No
1614700928,No
357663897,No
399975769,No
726283597,No
3341854365,No
2239529617,No
1691020704,No
354247300,No
15709507,No
1366710674,No
1719583506,No
264332440,No
1691513624,No
1396350326,No
752520131553660928,No
2844842721,No
128665109,No
1004133380,No
202219931,No
448825733,No
239754039,No
1967204306,No
68699856,No
3347777716,No
3439568590,No
759460766273695744,No
2782232786,No
370685230,No
477961723,No
1031322212,No
479421317,No
326079797,No
1464024529,No
415071140,No
9113092,No
25659079,No
354767880,No
302781617,No
2850694076,No
74957122,No
753014750,No
470257543,No
926290832,No
2842026963,No
342280480,No
1499227555,No
188057072,No
4853860876,No
2432146794,No
746789156588765184,No
493224817,No
275741325,No
197198251,No
421753222,No
2479891578,No
101060119,No
780085489953112064,No
2932010800,No
3892072667,No
525706428,No
721337052168613888,No
466397112,No
493318360,No
446432218,No
609387539,No
2974429487,No
524545909,No
282624338,No
227452853,No
345535835,No
63669184,No
3758749036,No
857730480,No
2410594372,No
4136435007,No
532562936,No
575138798,No
164608349,No
163103141,No
97925608,No
562116747,No
1402688845,No
1161727848,No
3131392025,No
2172415018,No
4017811625,No
785241734930399232,No
2956729840,No
2761183186,No
4523452875,No
261222906,No
2695417883,No
968097420,No
29478533,No
970504938,No
763485613,No
251106558,No
4381865057,No
176754984,No
96192049,No
2233742663,No
523394825,No
2282549490,No
18768671,No
2151394615,No
702545722386849792,No
2492674834,No
3169786348,No
361959245,No
1220811823,No
410179097,No
2776130891,No
2861271427,No
299040343,No
4257265342,No
538693068,No
248268309,No
426206234,No
1048154215,No
3179203371,No
2881013986,No
410040480,No
450957612,No
538108617,No
530969708,No
1620821989,No
3056592447,No
112807659,No
14398193,No
2318264715,No
1653235658,No
1369902319,No
2752533209,No
428437952,No
485505586,No
53198326,No
61984934,No
1426493510,No
70757011,No
1037847751,No
415129119,No
436189641,No
4437690677,No
1018100335,No
762068647766532096,No
490219106,No
3088538206,No
38695490,No
2275247204,No
852983923,No
573441673,No
2173149525,No
448631884,No
2927551738,No
4155402466,No
4221257325,No
321426934,No
55865413,No
94333817,No
32495825,No
1595653056,No
2756373567,No
387910823,No
582761868,No
1077182928,No
2534513566,No
1354437403,No
572173256,No
82837121,No
143079781,No
524355966,No
795963213724663808,No
2552094506,No
906745448,No
1964814212,No
2203060653,No
1606319989,No
1414866230,No
1021306837,No
2754851246,No
1333771333,No
538327949,No
50589162,No
307960634,No
62500641,No
1303573562,No
2295167733,No
862630590,No
3165463553,No
3349425333,No
20336368,No
596568218,No
482483873,No
1555826826,No
488674564,No
482512417,No
1005966932,No
720207369645502464,No
496431001,No
833471496,No
147943641,No
181949906,No
458721979,No
874365966,No
104580732,No
2853857633,No
2365783895,No
576492045,No
84349969,No
236843404,No
372238164,No
1394289852,No
245877803,No
592932146,No
2522233932,No
288723029,No
2327312221,No
355510520,No
3747181936,No
718870723394215936,No
159465016,No
3025496028,No
1901680303,No
426612667,No
479949343,No
1931440136,No
508830537,No
728275910382759936,No
2230102219,No
491140594,No
212669183,No
238604711,No
494169487,No
18100097,No
4744618343,No
2766062542,No
736363884815212544,No
714553962599464960,No
183992472,No
2790106535,No
3299633446,No
3599907255,No
2604413069,No
3973690005,No
3873538582,No
105087927,No
1448557296,No
621848107,No
11791472,No
784661950286405632,No
1022572134,No
4910351614,No
368856385,No
116214279,No
749610151401906176,No
2514704335,No
1979545116,No
3048846859,No
3225964143,No
487711174,No
537300588,No
735222882,No
99149944,No
929830172,No
88053361,No
321298205,No
268843695,No
3030057003,No
1311541112,No
244958547,No
277573955,No
550162323,No
199790331,No
381925358,No
2577286702,No
184681273,No
405832858,No
69218842,No
337228742,No
503348411,No
312632459,No
786755966,No
256465160,No
85258045,No
431987028,No
2236674193,No
4016845217,No
220854424,No
1397232085,No
2597512767,No
2997506451,No
96563143,No
514552306,No
2956859205,No
1482397633,No
1145390935,No
797894838,No
141615924,No
3015183569,No
7722172,No
2396455223,No
4403034262,No
456987236,No
428401163,No
3080630010,No
49322048,No
622270454,No
111933671,No
779976176416722944,No
3341975913,Yes
4095450675,No
300847991,No
2995932370,No
768545345223753728,No
4259395635,No
22785182,No
2574033231,No
2859583426,No
72657937,No
108061631,No
4689813482,No
1668102216,No
589218993,No
309784041,No
1643890675,No
2728925055,No
455994196,No
2663697436,No
164472951,No
387121961,No
995565133,No
731218102491484160,No
96833098,No
317305371,No
2768367785,No
781503979134025728,No
873905102,No
1357729789,No
213704772,No
1715498894,No
2245661774,No
4202749258,No
2860637732,No
1416142333,No
420597088,No
3982458934,No
2208172767,No
461567074,No
707572465,No
342733293,No
550989469,No
2960376742,No
520415553,No
746337256483459072,No
172105123,No
472338354,No
25746502,No
299501737,No
2856733287,No
4792564937,No
2407734220,No
784568976,No
487465768,No
80689446,No
977137188,No
1888151310,No
1413711301,No
4854897735,No
3458559863,No
242439369,No
170003040,No
17705943,No
282653128,No
2946666304,No
1478155554,No
4180556788,No
33164543,No
75838061,No
2225008387,No
445424014,No
224541473,No
223868628,No
439455352,No
742969014,No
1701341054,No
2748628638,No
4735423054,No
927074624,No
1325375234,No
111627996,No
99120417,No
14692786,No
4209474862,No
96983913,No
199819270,No
351609587,No
976598371,No
17546069,No
2184422295,No
464217456,No
4791467655,No
2754859972,No
247791800,No
1267096375,No
1639836846,No
1462996453,No
185234098,No
383886066,No
1034897761,No
101276093,No
1605892651,No
2902712642,No
826885446,No
1457097938,No
203175327,No
3067877405,No
521165725,No
280618367,No
750005202913226752,No
439330942,No
566172086,No
2281105676,No
429085080,No
175783590,No
1591649336,No
787703409969336320,No
1222622413,No
423733162,No
48768732,No
105090713,No
57607303,No
547520336,No
372760787,No
1146181963,No
2725812527,No
4149352993,No
4820565063,No
708649686,No
291616519,No
741570412895739904,No
78585073,No
1446152744,No
3165732370,No
80941489,No
189131385,No
524577373,No
2442105406,No
751715726143217664,No
706749882514731008,No
89983030,No
2941003353,No
10282412,No
286264929,No
1264576898,No
1163796132,No
221531806,No
195062391,No
2404859790,No
2758035340,No
753814986,No
873936596,No
2155585841,No
272999536,No
158924904,No
3198028097,No
94391733,No
1152242833,No
1344701089,No
47310459,No
716881918323765248,No
376307086,No
911094367,No
522048418,No
4294368214,No
1016142582,No
4918665993,No
501845996,No
1115056111,No
2621137109,No
2858742939,No
4480184295,No
574579158,No
410750805,No
3384524717,No
2373340799,No
2505848625,No
3179342151,No
24530443,No
3134912973,No
892666663,No
513791342,No
3244101544,No
3043999375,No
398946027,No
2987918104,No
2367157417,No
420244589,No
194598925,No
329682712,No
148786489,No
56792625,No
1254371096,No
1722476839,No
425303093,No
15030145,No
1434279086,No
767795023970697216,No
1058440837,No
722918044880805888,No
212978922,No
956120414,No
131450947,No
517986135,No
763388821677469696,No
3311137528,No
2329296246,No
399385870,No
3695152881,No
3859975996,No
451449745,No
2407292225,No
633001961,No
156939096,No
2961675897,No
3345584741,No
68377049,No
247384198,No
110407655,No
1675230540,No
280999799,No
291928126,No
288356676,No
169958761,No
757209447643111424,No
1006453046,No
4701923905,No
982217185,No
464659065,No
2673154714,No
739466956160503808,No
3511886543,No
2608255707,No
3937656861,No
1132416883,No
2350215422,No
21928718,No
4860423380,No
443484477,No
1176661957,No
16182995,No
2194572678,No
3990076173,No
1278796585,No
22053399,No
545918446,No
281671129,No
3329685046,No
541112195,No
435206684,No
788047479640129536,No
113402282,No
6066832,No
734317977546424320,No
2966503372,No
140287042,No
963357198,No
1383002431,No
4161901551,No
2467497190,No
140040761,No
1201274174,No
537966128,No
547675086,No
2913072586,No
2210367702,No
2804125147,No
458350113,No
477087498,No
222244002,No
385383074,No
23816933,No
174186680,No
1062682290,No
5660552,No
3059265761,No
2487102222,No
440190188,No
260150517,No
1951047476,No
574622954,No
13097362,No
996040626,No
2260290943,No
477524969,No
102998244,No
785143654805598208,No
1652968850,No
70766956,No
2369342545,No
112413063,No
719095505352007680,No
422085981,No
410193975,No
716326404707713024,No
2408255843,No
851456364,No
808924015,No
790526114573742080,No
129499392,No
81668938,No
276572210,No
794233570155970560,No
476976196,No
279650833,No
923055876,No
2208429460,No
244601988,No
3433894977,No
342018762,No
582973156,No
928346816,No
561321438,No
1059054242,No
2804109824,No
1234825501,No
2876249524,No
91201238,No
420575419,No
741048546,No
4904808153,No
14561447,No
173579759,No
97249537,No
496716258,No
2739679971,No
461292685,No
717673555828346880,No
2181843523,No
4016361339,No
769459355406233600,No
1336235796,No
172398463,No
2543565713,No
2808761,No
1697331835,No
2667739481,No
279056147,No
1647476666,No
17688757,No
366755663,No
1388012268,No
180292368,No
1066129710,No
450950333,No
514630178,No
555071417,No
4559961148,No
323853022,No
4860992891,No
521715693,No
2342862611,No
718386886172110848,No
2456837270,No
774701336394919936,No
1149137970,No
1204377332,No
497798126,No
3400254046,No
3047031071,No
1088672947,No
498255199,No
38693336,No
2589921788,No
621058999,No
130944846,No
99743316,No
1704671215,No
739917955383889920,No
432637066,No
3086240912,No
90157200,No
214598325,No
4418638708,No
88450137,No
725983920,No
1970633288,No
397251469,No
2745351881,No
4033900996,No
778531519,No
2974538194,No
3555797841,No
3555967877,No
284071406,No
2379390857,No
757002450,No
2170310526,No
761697672789098496,No
1492876160,No
1976578177,No
16982629,No
598242321,No
541038248,No
355571709,No
821561744,No
3399782626,No
253579575,No
2158629268,No
600472524,No
42394660,No
2563131246,No
599299632,No
2694982606,No
1198402074,No
1896618822,No
96446959,No
2392070607,No
709467172,No
124717385,No
2150341105,Yes
831220075,No
3814697663,No
193363972,No
1270199540,No
79282660,No
3327831430,No
390778324,No
459427292,No
446513958,No
136404441,No
27045866,No
225416370,No
589180958,No
3335064958,No
972582380,No
749237202,No
3041231505,No
2814040655,No
375784897,No
1070780718,No
2563027047,No
478619734,No
1421358978,No
636036163,No
12066442,No
2653512165,No
1448165712,No
2951057926,No
624026003,No
50441591,No
105218121,No
260739559,No
73393363,No
741316758448001024,No
1008905316,No
587385901,No
545883686,No
483259741,No
195483716,No
497263437,No
47891008,No
1009888627,No
1040428459,No
1525283119,No
2384025086,No
1544093054,No
2322236449,N/A
4624659274,N/A
1095109520,N/A
4867399546,No
475578901,No
198229026,No
4802109016,No
475181214,No
